  0
SECTION
  2
HEADER
  9
$ACADVER
  1
AC1032
  9
$ACADMAINTVER
 90
4
  9
$DWGCODEPAGE
  3
ANSI_1252
  9
$LASTSAVEDBY
  1
ezdxf
  9
$REQUIREDVERSIONS
160
0
  9
$INSBASE
 10
0.0
 20
0.0
 30
0.0
  9
$EXTMIN
 10
1e+20
 20
1e+20
 30
1e+20
  9
$EXTMAX
 10
-1e+20
 20
-1e+20
 30
-1e+20
  9
$LIMMIN
 10
0.0
 20
0.0
  9
$LIMMAX
 10
420.0
 20
297.0
  9
$ORTHOMODE
 70
0
  9
$REGENMODE
 70
1
  9
$FILLMODE
 70
1
  9
$QTEXTMODE
 70
0
  9
$MIRRTEXT
 70
1
  9
$LTSCALE
 40
1.0
  9
$ATTMODE
 70
1
  9
$TEXTSIZE
 40
2.5
  9
$TRACEWID
 40
1.0
  9
$TEXTSTYLE
  7
OpenSans
  9
$CLAYER
  8
0
  9
$CELTYPE
  6
ByLayer
  9
$CECOLOR
 62
256
  9
$CELTSCALE
 40
1.0
  9
$DISPSILH
 70
0
  9
$DIMSCALE
 40
1.0
  9
$DIMASZ
 40
0.175
  9
$DIMEXO
 40
0.125
  9
$DIMDLI
 40
3.75
  9
$DIMRND
 40
0.0
  9
$DIMDLE
 40
0.0
  9
$DIMEXE
 40
0.375
  9
$DIMTP
 40
0.0
  9
$DIMTM
 40
0.0
  9
$DIMTXT
 40
0.25
  9
$DIMCEN
 40
2.5
  9
$DIMTSZ
 40
0.0
  9
$DIMTOL
 70
0
  9
$DIMLIM
 70
0
  9
$DIMTIH
 70
0
  9
$DIMTOH
 70
0
  9
$DIMSE1
 70
0
  9
$DIMSE2
 70
0
  9
$DIMTAD
 70
1
  9
$DIMZIN
 70
12
  9
$DIMBLK
  1
ARCHTICK
  9
$DIMASO
 70
1
  9
$DIMSHO
 70
1
  9
$DIMPOST
  1

  9
$DIMAPOST
  1

  9
$DIMALT
 70
0
  9
$DIMALTD
 70
3
  9
$DIMALTF
 40
0.03937007874
  9
$DIMLFAC
 40
100.0
  9
$DIMTOFL
 70
1
  9
$DIMTVP
 40
0.0
  9
$DIMTIX
 70
0
  9
$DIMSOXD
 70
0
  9
$DIMSAH
 70
0
  9
$DIMBLK1
  1

  9
$DIMBLK2
  1

  9
$DIMSTYLE
  2
EZDXF
  9
$DIMCLRD
 70
0
  9
$DIMCLRE
 70
0
  9
$DIMCLRT
 70
0
  9
$DIMTFAC
 40
0.5
  9
$DIMGAP
 40
0.1
  9
$DIMJUST
 70
0
  9
$DIMSD1
 70
0
  9
$DIMSD2
 70
0
  9
$DIMTOLJ
 70
0
  9
$DIMTZIN
 70
8
  9
$DIMALTZ
 70
0
  9
$DIMALTTZ
 70
0
  9
$DIMUPT
 70
1
  9
$DIMDEC
 70
2
  9
$DIMTDEC
 70
2
  9
$DIMALTU
 70
2
  9
$DIMALTTD
 70
3
  9
$DIMTXSTY
  7
OpenSansCondensed-Light
  9
$DIMAUNIT
 70
0
  9
$DIMADEC
 70
2
  9
$DIMALTRND
 40
0.0
  9
$DIMAZIN
 70
3
  9
$DIMDSEP
 70
46
  9
$DIMATFIT
 70
3
  9
$DIMFRAC
 70
0
  9
$DIMLDRBLK
  1

  9
$DIMLUNIT
 70
2
  9
$DIMLWD
 70
-2
  9
$DIMLWE
 70
-2
  9
$DIMTMOVE
 70
2
  9
$DIMFXL
 40
1.0
  9
$DIMFXLON
 70
0
  9
$DIMJOGANG
 40
0.785398163397
  9
$DIMTFILL
 70
0
  9
$DIMTFILLCLR
 70
0
  9
$DIMARCSYM
 70
0
  9
$DIMLTYPE
  6

  9
$DIMLTEX1
  6

  9
$DIMLTEX2
  6

  9
$DIMTXTDIRECTION
 70
0
  9
$LUNITS
 70
2
  9
$LUPREC
 70
4
  9
$SKETCHINC
 40
1.0
  9
$FILLETRAD
 40
10.0
  9
$AUNITS
 70
0
  9
$AUPREC
 70
2
  9
$MENU
  1
.
  9
$ELEVATION
 40
0.0
  9
$PELEVATION
 40
0.0
  9
$THICKNESS
 40
0.0
  9
$LIMCHECK
 70
0
  9
$CHAMFERA
 40
0.0
  9
$CHAMFERB
 40
0.0
  9
$CHAMFERC
 40
0.0
  9
$CHAMFERD
 40
0.0
  9
$SKPOLY
 70
0
  9
$TDCREATE
 40
2461304.4009375
  9
$TDUCREATE
 40
2458532.153996898
  9
$TDUPDATE
 40
2461304.400949074
  9
$TDUUPDATE
 40
2458532.1544311
  9
$TDINDWG
 40
0.0
  9
$TDUSRTIMER
 40
0.0
  9
$USRTIMER
 70
1
  9
$ANGBASE
 50
0.0
  9
$ANGDIR
 70
0
  9
$PDMODE
 70
0
  9
$PDSIZE
 40
0.0
  9
$PLINEWID
 40
0.0
  9
$SPLFRAME
 70
0
  9
$SPLINETYPE
 70
6
  9
$SPLINESEGS
 70
8
  9
$HANDSEED
  5
506
  9
$SURFTAB1
 70
6
  9
$SURFTAB2
 70
6
  9
$SURFTYPE
 70
6
  9
$SURFU
 70
6
  9
$SURFV
 70
6
  9
$UCSBASE
  2

  9
$UCSNAME
  2

  9
$UCSORG
 10
0.0
 20
0.0
 30
0.0
  9
$UCSXDIR
 10
1.0
 20
0.0
 30
0.0
  9
$UCSYDIR
 10
0.0
 20
1.0
 30
0.0
  9
$UCSORTHOREF
  2

  9
$UCSORTHOVIEW
 70
0
  9
$UCSORGTOP
 10
0.0
 20
0.0
 30
0.0
  9
$UCSORGBOTTOM
 10
0.0
 20
0.0
 30
0.0
  9
$UCSORGLEFT
 10
0.0
 20
0.0
 30
0.0
  9
$UCSORGRIGHT
 10
0.0
 20
0.0
 30
0.0
  9
$UCSORGFRONT
 10
0.0
 20
0.0
 30
0.0
  9
$UCSORGBACK
 10
0.0
 20
0.0
 30
0.0
  9
$PUCSBASE
  2

  9
$PUCSNAME
  2

  9
$PUCSORG
 10
0.0
 20
0.0
 30
0.0
  9
$PUCSXDIR
 10
1.0
 20
0.0
 30
0.0
  9
$PUCSYDIR
 10
0.0
 20
1.0
 30
0.0
  9
$PUCSORTHOREF
  2

  9
$PUCSORTHOVIEW
 70
0
  9
$PUCSORGTOP
 10
0.0
 20
0.0
 30
0.0
  9
$PUCSORGBOTTOM
 10
0.0
 20
0.0
 30
0.0
  9
$PUCSORGLEFT
 10
0.0
 20
0.0
 30
0.0
  9
$PUCSORGRIGHT
 10
0.0
 20
0.0
 30
0.0
  9
$PUCSORGFRONT
 10
0.0
 20
0.0
 30
0.0
  9
$PUCSORGBACK
 10
0.0
 20
0.0
 30
0.0
  9
$USERI1
 70
0
  9
$USERI2
 70
0
  9
$USERI3
 70
0
  9
$USERI4
 70
0
  9
$USERI5
 70
0
  9
$USERR1
 40
0.0
  9
$USERR2
 40
0.0
  9
$USERR3
 40
0.0
  9
$USERR4
 40
0.0
  9
$USERR5
 40
0.0
  9
$WORLDVIEW
 70
1
  9
$SHADEDGE
 70
3
  9
$SHADEDIF
 70
70
  9
$TILEMODE
 70
1
  9
$MAXACTVP
 70
64
  9
$PINSBASE
 10
0.0
 20
0.0
 30
0.0
  9
$PLIMCHECK
 70
0
  9
$PEXTMIN
 10
1e+20
 20
1e+20
 30
1e+20
  9
$PEXTMAX
 10
-1e+20
 20
-1e+20
 30
-1e+20
  9
$PLIMMIN
 10
0.0
 20
0.0
  9
$PLIMMAX
 10
420.0
 20
297.0
  9
$UNITMODE
 70
0
  9
$VISRETAIN
 70
1
  9
$PLINEGEN
 70
0
  9
$PSLTSCALE
 70
1
  9
$TREEDEPTH
 70
3020
  9
$CMLSTYLE
  2
Standard
  9
$CMLJUST
 70
0
  9
$CMLSCALE
 40
20.0
  9
$PROXYGRAPHICS
 70
1
  9
$MEASUREMENT
 70
1
  9
$CELWEIGHT
370
-1
  9
$ENDCAPS
280
0
  9
$JOINSTYLE
280
0
  9
$LWDISPLAY
290
1
  9
$INSUNITS
 70
4
  9
$HYPERLINKBASE
  1

  9
$STYLESHEET
  1

  9
$XEDIT
290
1
  9
$CEPSNTYPE
380
0
  9
$PSTYLEMODE
290
1
  9
$FINGERPRINTGUID
  2
{F1EC6B8E-85DE-44ED-A4B5-2066CD28A1F8}
  9
$VERSIONGUID
  2
{90B476D8-4A7B-46C3-9005-1CCD4F1FEE41}
  9
$EXTNAMES
290
1
  9
$PSVPSCALE
 40
0.0
  9
$OLESTARTUP
290
0
  9
$SORTENTS
280
127
  9
$INDEXCTL
280
0
  9
$HIDETEXT
280
1
  9
$XCLIPFRAME
280
1
  9
$HALOGAP
280
0
  9
$OBSCOLOR
 70
257
  9
$OBSLTYPE
280
0
  9
$INTERSECTIONDISPLAY
280
0
  9
$INTERSECTIONCOLOR
 70
257
  9
$DIMASSOC
280
2
  9
$PROJECTNAME
  1

  9
$CAMERADISPLAY
290
0
  9
$LENSLENGTH
 40
50.0
  9
$CAMERAHEIGHT
 40
0.0
  9
$STEPSPERSEC
 40
24.0
  9
$STEPSIZE
 40
100.0
  9
$3DDWFPREC
 40
2.0
  9
$PSOLWIDTH
 40
0.005
  9
$PSOLHEIGHT
 40
0.08
  9
$LOFTANG1
 40
1.570796326795
  9
$LOFTANG2
 40
1.570796326795
  9
$LOFTMAG1
 40
0.0
  9
$LOFTMAG2
 40
0.0
  9
$LOFTPARAM
 70
7
  9
$LOFTNORMALS
280
1
  9
$LATITUDE
 40
37.795
  9
$LONGITUDE
 40
-122.394
  9
$NORTHDIRECTION
 40
0.0
  9
$TIMEZONE
 70
-8000
  9
$LIGHTGLYPHDISPLAY
280
1
  9
$TILEMODELIGHTSYNCH
280
1
  9
$CMATERIAL
347
20
  9
$SOLIDHIST
280
0
  9
$SHOWHIST
280
1
  9
$DWFFRAME
280
2
  9
$DGNFRAME
280
2
  9
$REALWORLDSCALE
290
1
  9
$INTERFERECOLOR
 62
256
  9
$CSHADOW
280
0
  9
$SHADOWPLANELOCATION
 40
0.0
  0
ENDSEC
  0
SECTION
  2
CLASSES
  0
CLASS
  1
ACDBDICTIONARYWDFLT
  2
AcDbDictionaryWithDefault
  3
ObjectDBX Classes
 90
0
 91
0
280
0
281
0
  0
CLASS
  1
SUN
  2
AcDbSun
  3
SCENEOE
 90
1153
 91
0
280
0
281
0
  0
CLASS
  1
VISUALSTYLE
  2
AcDbVisualStyle
  3
ObjectDBX Classes
 90
4095
 91
0
280
0
281
0
  0
CLASS
  1
MATERIAL
  2
AcDbMaterial
  3
ObjectDBX Classes
 90
1153
 91
0
280
0
281
0
  0
CLASS
  1
SCALE
  2
AcDbScale
  3
ObjectDBX Classes
 90
1153
 91
0
280
0
281
0
  0
CLASS
  1
TABLESTYLE
  2
AcDbTableStyle
  3
ObjectDBX Classes
 90
4095
 91
0
280
0
281
0
  0
CLASS
  1
MLEADERSTYLE
  2
AcDbMLeaderStyle
  3
ACDB_MLEADERSTYLE_CLASS
 90
4095
 91
0
280
0
281
0
  0
CLASS
  1
DICTIONARYVAR
  2
AcDbDictionaryVar
  3
ObjectDBX Classes
 90
0
 91
0
280
0
281
0
  0
CLASS
  1
CELLSTYLEMAP
  2
AcDbCellStyleMap
  3
ObjectDBX Classes
 90
1152
 91
0
280
0
281
0
  0
CLASS
  1
MENTALRAYRENDERSETTINGS
  2
AcDbMentalRayRenderSettings
  3
SCENEOE
 90
1024
 91
0
280
0
281
0
  0
CLASS
  1
ACDBDETAILVIEWSTYLE
  2
AcDbDetailViewStyle
  3
ObjectDBX Classes
 90
1025
 91
0
280
0
281
0
  0
CLASS
  1
ACDBSECTIONVIEWSTYLE
  2
AcDbSectionViewStyle
  3
ObjectDBX Classes
 90
1025
 91
0
280
0
281
0
  0
CLASS
  1
RASTERVARIABLES
  2
AcDbRasterVariables
  3
ISM
 90
0
 91
0
280
0
281
0
  0
CLASS
  1
IMAGE
  2
AcDbRasterImage
  3
ISM
 90
2175
 91
0
280
0
281
1
  0
CLASS
  1
IMAGEDEF
  2
AcDbRasterImageDef
  3
ISM
 90
0
 91
0
280
0
281
0
  0
CLASS
  1
IMAGEDEF_REACTOR
  2
AcDbRasterImageDefReactor
  3
ISM
 90
1
 91
0
280
0
281
0
  0
CLASS
  1
ACDBPLACEHOLDER
  2
AcDbPlaceHolder
  3
ObjectDBX Classes
 90
0
 91
0
280
0
281
0
  0
CLASS
  1
LAYOUT
  2
AcDbLayout
  3
ObjectDBX Classes
 90
0
 91
0
280
0
281
0
  0
ENDSEC
  0
SECTION
  2
TABLES
  0
TABLE
  2
VPORT
  5
8
330
0
100
AcDbSymbolTable
 70
1
  0
VPORT
  5
23
330
8
100
AcDbSymbolTableRecord
100
AcDbViewportTableRecord
  2
*Active
 70
0
 10
0.0
 20
0.0
 11
1.0
 21
1.0
 12
0.0
 22
0.0
 13
0.0
 23
0.0
 14
0.5
 24
0.5
 15
0.5
 25
0.5
 16
0.0
 26
0.0
 36
1.0
 17
0.0
 27
0.0
 37
0.0
 40
1000.0
 41
1.34
 42
50.0
 43
0.0
 44
0.0
 50
0.0
 51
0.0
 71
0
 72
1000
 73
1
 74
3
 75
0
 76
0
 77
0
 78
0
281
0
 65
0
146
0.0
  0
ENDTAB
  0
TABLE
  2
LTYPE
  5
2
330
0
100
AcDbSymbolTable
 70
21
  0
LTYPE
  5
24
330
2
100
AcDbSymbolTableRecord
100
AcDbLinetypeTableRecord
  2
ByBlock
 70
0
  3

 72
65
 73
0
 40
0.0
  0
LTYPE
  5
25
330
2
100
AcDbSymbolTableRecord
100
AcDbLinetypeTableRecord
  2
ByLayer
 70
0
  3

 72
65
 73
0
 40
0.0
  0
LTYPE
  5
26
330
2
100
AcDbSymbolTableRecord
100
AcDbLinetypeTableRecord
  2
Continuous
 70
0
  3

 72
65
 73
0
 40
0.0
  0
LTYPE
  5
2F
330
2
100
AcDbSymbolTableRecord
100
AcDbLinetypeTableRecord
  2
CENTER
 70
0
  3
Center ____ _ ____ _ ____ _ ____ _ ____ _ ____
 72
65
 73
4
 40
5.08
 49
3.175
 74
0
 49
-0.635
 74
0
 49
0.635
 74
0
 49
-0.635
 74
0
  0
LTYPE
  5
30
330
2
100
AcDbSymbolTableRecord
100
AcDbLinetypeTableRecord
  2
CENTERX2
 70
0
  3
Center (2x) ________  __  ________  __  ________
 72
65
 73
4
 40
8.89
 49
6.35
 74
0
 49
-0.635
 74
0
 49
1.27
 74
0
 49
-0.635
 74
0
  0
LTYPE
  5
31
330
2
100
AcDbSymbolTableRecord
100
AcDbLinetypeTableRecord
  2
CENTER2
 70
0
  3
Center (.5x) ____ _ ____ _ ____ _ ____ _ ____
 72
65
 73
4
 40
2.54
 49
1.587
 74
0
 49
-0.318
 74
0
 49
0.318
 74
0
 49
-0.318
 74
0
  0
LTYPE
  5
32
330
2
100
AcDbSymbolTableRecord
100
AcDbLinetypeTableRecord
  2
DASHED
 70
0
  3
Dashed __ __ __ __ __ __ __ __ __ __ __ __ __ _
 72
65
 73
2
 40
1.524
 49
1.27
 74
0
 49
-0.254
 74
0
  0
LTYPE
  5
33
330
2
100
AcDbSymbolTableRecord
100
AcDbLinetypeTableRecord
  2
DASHEDX2
 70
0
  3
Dashed (2x) ____  ____  ____  ____  ____  ____
 72
65
 73
2
 40
3.048
 49
2.54
 74
0
 49
-0.508
 74
0
  0
LTYPE
  5
34
330
2
100
AcDbSymbolTableRecord
100
AcDbLinetypeTableRecord
  2
DASHED2
 70
0
  3
Dashed (.5x) _ _ _ _ _ _ _ _ _ _ _ _ _ _
 72
65
 73
2
 40
0.762
 49
0.635
 74
0
 49
-0.127
 74
0
  0
LTYPE
  5
35
330
2
100
AcDbSymbolTableRecord
100
AcDbLinetypeTableRecord
  2
PHANTOM
 70
0
  3
Phantom ______  __  __  ______  __  __  ______
 72
65
 73
6
 40
6.35
 49
3.175
 74
0
 49
-0.635
 74
0
 49
0.635
 74
0
 49
-0.635
 74
0
 49
0.635
 74
0
 49
-0.635
 74
0
  0
LTYPE
  5
36
330
2
100
AcDbSymbolTableRecord
100
AcDbLinetypeTableRecord
  2
PHANTOMX2
 70
0
  3
Phantom (2x)____________    ____    ____    ____________
 72
65
 73
6
 40
10.795
 49
6.35
 74
0
 49
-0.635
 74
0
 49
1.27
 74
0
 49
-0.635
 74
0
 49
1.27
 74
0
 49
-0.635
 74
0
  0
LTYPE
  5
37
330
2
100
AcDbSymbolTableRecord
100
AcDbLinetypeTableRecord
  2
PHANTOM2
 70
0
  3
Phantom (.5x) ___ _ _ ___ _ _ ___ _ _ ___ _ _ ___
 72
65
 73
6
 40
3.175
 49
1.587
 74
0
 49
-0.318
 74
0
 49
0.318
 74
0
 49
-0.318
 74
0
 49
0.318
 74
0
 49
-0.318
 74
0
  0
LTYPE
  5
38
330
2
100
AcDbSymbolTableRecord
100
AcDbLinetypeTableRecord
  2
DASHDOT
 70
0
  3
Dash dot __ . __ . __ . __ . __ . __ . __ . __
 72
65
 73
4
 40
3.556
 49
2.54
 74
0
 49
-0.508
 74
0
 49
0.0
 74
0
 49
-0.508
 74
0
  0
LTYPE
  5
39
330
2
100
AcDbSymbolTableRecord
100
AcDbLinetypeTableRecord
  2
DASHDOTX2
 70
0
  3
Dash dot (2x) ____  .  ____  .  ____  .  ____
 72
65
 73
4
 40
6.096
 49
5.08
 74
0
 49
-0.508
 74
0
 49
0.0
 74
0
 49
-0.508
 74
0
  0
LTYPE
  5
3A
330
2
100
AcDbSymbolTableRecord
100
AcDbLinetypeTableRecord
  2
DASHDOT2
 70
0
  3
Dash dot (.5x) _ . _ . _ . _ . _ . _ . _ . _
 72
65
 73
4
 40
1.778
 49
1.27
 74
0
 49
-0.254
 74
0
 49
0.0
 74
0
 49
-0.254
 74
0
  0
LTYPE
  5
3B
330
2
100
AcDbSymbolTableRecord
100
AcDbLinetypeTableRecord
  2
DOT
 70
0
  3
Dot .  .  .  .  .  .  .  .  .  .  .  .  .  .  .  .
 72
65
 73
2
 40
0.508
 49
0.0
 74
0
 49
-0.508
 74
0
  0
LTYPE
  5
3C
330
2
100
AcDbSymbolTableRecord
100
AcDbLinetypeTableRecord
  2
DOTX2
 70
0
  3
Dot (2x) .    .    .    .    .    .    .    . 
 72
65
 73
2
 40
1.016
 49
0.0
 74
0
 49
-1.016
 74
0
  0
LTYPE
  5
3D
330
2
100
AcDbSymbolTableRecord
100
AcDbLinetypeTableRecord
  2
DOT2
 70
0
  3
Dot (.5) . . . . . . . . . . . . . . . . . . . 
 72
65
 73
2
 40
0.254
 49
0.0
 74
0
 49
-0.254
 74
0
  0
LTYPE
  5
3E
330
2
100
AcDbSymbolTableRecord
100
AcDbLinetypeTableRecord
  2
DIVIDE
 70
0
  3
Divide __ . . __ . . __ . . __ . . __ . . __
 72
65
 73
6
 40
4.064
 49
2.54
 74
0
 49
-0.508
 74
0
 49
0.0
 74
0
 49
-0.508
 74
0
 49
0.0
 74
0
 49
-0.508
 74
0
  0
LTYPE
  5
3F
330
2
100
AcDbSymbolTableRecord
100
AcDbLinetypeTableRecord
  2
DIVIDEX2
 70
0
  3
Divide (2x) ____  . .  ____  . .  ____  . .  ____
 72
65
 73
6
 40
6.604
 49
5.08
 74
0
 49
-0.508
 74
0
 49
0.0
 74
0
 49
-0.508
 74
0
 49
0.0
 74
0
 49
-0.508
 74
0
  0
LTYPE
  5
40
330
2
100
AcDbSymbolTableRecord
100
AcDbLinetypeTableRecord
  2
DIVIDE2
 70
0
  3
Divide(.5x) _ . _ . _ . _ . _ . _ . _ . _
 72
65
 73
6
 40
2.032
 49
1.27
 74
0
 49
-0.254
 74
0
 49
0.0
 74
0
 49
-0.254
 74
0
 49
0.0
 74
0
 49
-0.254
 74
0
  0
ENDTAB
  0
TABLE
  2
LAYER
  5
1
330
0
100
AcDbSymbolTable
 70
22
  0
LAYER
  5
27
330
1
100
AcDbSymbolTableRecord
100
AcDbLayerTableRecord
  2
0
 70
0
 62
7
  6
Continuous
370
-3
390
13
347
21
  0
LAYER
  5
28
330
1
100
AcDbSymbolTableRecord
100
AcDbLayerTableRecord
  2
Defpoints
 70
0
 62
7
  6
Continuous
290
0
370
-3
390
13
347
21
  0
LAYER
  5
8A
330
1
100
AcDbSymbolTableRecord
100
AcDbLayerTableRecord
  2
A-SHEET
 70
0
 62
7
420
1318960
  6
Continuous
370
50
390
13
347
21
  0
LAYER
  5
8B
330
1
100
AcDbSymbolTableRecord
100
AcDbLayerTableRecord
  2
A-TITL
 70
0
 62
7
420
1318960
  6
Continuous
370
35
390
13
347
21
  0
LAYER
  5
8C
330
1
100
AcDbSymbolTableRecord
100
AcDbLayerTableRecord
  2
A-ANNO
 70
0
 62
7
420
2106410
  6
Continuous
370
18
390
13
347
21
  0
LAYER
  5
8D
330
1
100
AcDbSymbolTableRecord
100
AcDbLayerTableRecord
  2
A-DIM
 70
0
 62
7
420
5923436
  6
Continuous
370
13
390
13
347
21
  0
LAYER
  5
8E
330
1
100
AcDbSymbolTableRecord
100
AcDbLayerTableRecord
  2
A-WALL
 70
0
 62
7
420
2106410
  6
Continuous
370
40
390
13
347
21
  0
LAYER
  5
8F
330
1
100
AcDbSymbolTableRecord
100
AcDbLayerTableRecord
  2
A-FURN
 70
0
 62
7
420
5923436
  6
Continuous
370
18
390
13
347
21
  0
LAYER
  5
90
330
1
100
AcDbSymbolTableRecord
100
AcDbLayerTableRecord
  2
A-HATCH
 70
0
 62
7
420
11844288
  6
Continuous
370
9
390
13
347
21
  0
LAYER
  5
91
330
1
100
AcDbSymbolTableRecord
100
AcDbLayerTableRecord
  2
P-R
 70
0
 62
7
420
4624850
  6
Continuous
370
25
390
13
347
21
  0
LAYER
  5
92
330
1
100
AcDbSymbolTableRecord
100
AcDbLayerTableRecord
  2
P-L
 70
0
 62
7
420
15240242
  6
Continuous
370
25
390
13
347
21
  0
LAYER
  5
93
330
1
100
AcDbSymbolTableRecord
100
AcDbLayerTableRecord
  2
P-H
 70
0
 62
7
420
15106730
  6
Continuous
370
25
390
13
347
21
  0
LAYER
  5
94
330
1
100
AcDbSymbolTableRecord
100
AcDbLayerTableRecord
  2
P-E
 70
0
 62
7
420
11191110
  6
Continuous
370
25
390
13
347
21
  0
LAYER
  5
95
330
1
100
AcDbSymbolTableRecord
100
AcDbLayerTableRecord
  2
P-C
 70
0
 62
7
420
10528170
  6
Continuous
370
25
390
13
347
21
  0
LAYER
  5
96
330
1
100
AcDbSymbolTableRecord
100
AcDbLayerTableRecord
  2
P-V
 70
0
 62
7
420
15444525
  6
Continuous
370
25
390
13
347
21
  0
LAYER
  5
97
330
1
100
AcDbSymbolTableRecord
100
AcDbLayerTableRecord
  2
S-CABLE
 70
0
 62
7
420
2106410
  6
Continuous
370
30
390
13
347
21
  0
LAYER
  5
98
330
1
100
AcDbSymbolTableRecord
100
AcDbLayerTableRecord
  2
C-SEA
 70
0
 62
7
420
9879250
  6
Continuous
370
25
390
13
347
21
  0
LAYER
  5
99
330
1
100
AcDbSymbolTableRecord
100
AcDbLayerTableRecord
  2
C-ROAD
 70
0
 62
7
420
9198125
  6
Continuous
370
25
390
13
347
21
  0
LAYER
  5
9A
330
1
100
AcDbSymbolTableRecord
100
AcDbLayerTableRecord
  2
C-AIR
 70
0
 62
7
420
13122680
  6
Continuous
370
25
390
13
347
21
  0
LAYER
  5
9B
330
1
100
AcDbSymbolTableRecord
100
AcDbLayerTableRecord
  2
A-RENDER
 70
0
 62
7
420
2106410
  6
Continuous
370
0
390
13
347
21
  0
LAYER
  5
9C
330
1
100
AcDbSymbolTableRecord
100
AcDbLayerTableRecord
  2
A-TABLE
 70
0
 62
7
420
2106410
  6
Continuous
370
13
390
13
347
21
  0
LAYER
  5
9D
330
1
100
AcDbSymbolTableRecord
100
AcDbLayerTableRecord
  2
G-GRID
 70
0
 62
7
420
13817562
  6
Continuous
370
9
390
13
347
21
  0
ENDTAB
  0
TABLE
  2
STYLE
  5
5
330
0
100
AcDbSymbolTable
 70
29
  0
STYLE
  5
29
330
5
100
AcDbSymbolTableRecord
100
AcDbTextStyleTableRecord
  2
Standard
 70
0
 40
0.0
 41
1.0
 50
0.0
 71
0
 42
2.5
  3
txt
  4

  0
STYLE
  5
41
330
5
100
AcDbSymbolTableRecord
100
AcDbTextStyleTableRecord
  2
OpenSans-Light
 70
0
 40
0.0
 41
1.0
 50
0.0
 71
0
 42
2.5
  3
OpenSans-Light.ttf
  4

  0
STYLE
  5
42
330
5
100
AcDbSymbolTableRecord
100
AcDbTextStyleTableRecord
  2
OpenSans-Light-Italic
 70
0
 40
0.0
 41
1.0
 50
0.0
 71
0
 42
2.5
  3
OpenSans-LightItalic.ttf
  4

  0
STYLE
  5
43
330
5
100
AcDbSymbolTableRecord
100
AcDbTextStyleTableRecord
  2
OpenSans
 70
0
 40
0.0
 41
1.0
 50
0.0
 71
0
 42
2.5
  3
OpenSans-Regular.ttf
  4

  0
STYLE
  5
44
330
5
100
AcDbSymbolTableRecord
100
AcDbTextStyleTableRecord
  2
OpenSans-Italic
 70
0
 40
0.0
 41
1.0
 50
0.0
 71
0
 42
2.5
  3
OpenSans-Italic.ttf
  4

  0
STYLE
  5
45
330
5
100
AcDbSymbolTableRecord
100
AcDbTextStyleTableRecord
  2
OpenSans-SemiBold
 70
0
 40
0.0
 41
1.0
 50
0.0
 71
0
 42
2.5
  3
OpenSans-SemiBold.ttf
  4

  0
STYLE
  5
46
330
5
100
AcDbSymbolTableRecord
100
AcDbTextStyleTableRecord
  2
OpenSans-SemiBoldItalic
 70
0
 40
0.0
 41
1.0
 50
0.0
 71
0
 42
2.5
  3
OpenSans-SemiBoldItalic.ttf
  4

  0
STYLE
  5
47
330
5
100
AcDbSymbolTableRecord
100
AcDbTextStyleTableRecord
  2
OpenSans-Bold
 70
0
 40
0.0
 41
1.0
 50
0.0
 71
0
 42
2.5
  3
OpenSans-Bold.ttf
  4

  0
STYLE
  5
48
330
5
100
AcDbSymbolTableRecord
100
AcDbTextStyleTableRecord
  2
OpenSans-BoldItalic
 70
0
 40
0.0
 41
1.0
 50
0.0
 71
0
 42
2.5
  3
OpenSans-BoldItalic.ttf
  4

  0
STYLE
  5
49
330
5
100
AcDbSymbolTableRecord
100
AcDbTextStyleTableRecord
  2
OpenSans-ExtraBold
 70
0
 40
0.0
 41
1.0
 50
0.0
 71
0
 42
2.5
  3
OpenSans-ExtraBold.ttf
  4

  0
STYLE
  5
4A
330
5
100
AcDbSymbolTableRecord
100
AcDbTextStyleTableRecord
  2
OpenSans-ExtraBoldItalic
 70
0
 40
0.0
 41
1.0
 50
0.0
 71
0
 42
2.5
  3
OpenSans-ExtraBoldItalic.ttf
  4

  0
STYLE
  5
4B
330
5
100
AcDbSymbolTableRecord
100
AcDbTextStyleTableRecord
  2
OpenSansCondensed-Bold
 70
0
 40
0.0
 41
1.0
 50
0.0
 71
0
 42
2.5
  3
OpenSansCondensed-Bold.ttf
  4

  0
STYLE
  5
4C
330
5
100
AcDbSymbolTableRecord
100
AcDbTextStyleTableRecord
  2
OpenSansCondensed-Light
 70
0
 40
0.0
 41
1.0
 50
0.0
 71
0
 42
2.5
  3
OpenSansCondensed-Light.ttf
  4

  0
STYLE
  5
4D
330
5
100
AcDbSymbolTableRecord
100
AcDbTextStyleTableRecord
  2
OpenSansCondensed-Italic
 70
0
 40
0.0
 41
1.0
 50
0.0
 71
0
 42
2.5
  3
OpenSansCondensed-LightItalic.ttf
  4

  0
STYLE
  5
4E
330
5
100
AcDbSymbolTableRecord
100
AcDbTextStyleTableRecord
  2
LiberationSans
 70
0
 40
0.0
 41
1.0
 50
0.0
 71
0
 42
2.5
  3
LiberationSans-Regular.ttf
  4

  0
STYLE
  5
4F
330
5
100
AcDbSymbolTableRecord
100
AcDbTextStyleTableRecord
  2
LiberationSans-Bold
 70
0
 40
0.0
 41
1.0
 50
0.0
 71
0
 42
2.5
  3
LiberationSans-Bold.ttf
  4

  0
STYLE
  5
50
330
5
100
AcDbSymbolTableRecord
100
AcDbTextStyleTableRecord
  2
LiberationSans-BoldItalic
 70
0
 40
0.0
 41
1.0
 50
0.0
 71
0
 42
2.5
  3
LiberationSans-BoldItalic.ttf
  4

  0
STYLE
  5
51
330
5
100
AcDbSymbolTableRecord
100
AcDbTextStyleTableRecord
  2
LiberationSans-Italic
 70
0
 40
0.0
 41
1.0
 50
0.0
 71
0
 42
2.5
  3
LiberationSans-Italic.ttf
  4

  0
STYLE
  5
52
330
5
100
AcDbSymbolTableRecord
100
AcDbTextStyleTableRecord
  2
LiberationSerif
 70
0
 40
0.0
 41
1.0
 50
0.0
 71
0
 42
2.5
  3
LiberationSerif-Regular.ttf
  4

  0
STYLE
  5
53
330
5
100
AcDbSymbolTableRecord
100
AcDbTextStyleTableRecord
  2
LiberationSerif-Bold
 70
0
 40
0.0
 41
1.0
 50
0.0
 71
0
 42
2.5
  3
LiberationSerif-Bold.ttf
  4

  0
STYLE
  5
54
330
5
100
AcDbSymbolTableRecord
100
AcDbTextStyleTableRecord
  2
LiberationSerif-BoldItalic
 70
0
 40
0.0
 41
1.0
 50
0.0
 71
0
 42
2.5
  3
LiberationSerif-BoldItalic.ttf
  4

  0
STYLE
  5
55
330
5
100
AcDbSymbolTableRecord
100
AcDbTextStyleTableRecord
  2
LiberationSerif-Italic
 70
0
 40
0.0
 41
1.0
 50
0.0
 71
0
 42
2.5
  3
LiberationSerif-Italic.ttf
  4

  0
STYLE
  5
56
330
5
100
AcDbSymbolTableRecord
100
AcDbTextStyleTableRecord
  2
LiberationMono
 70
0
 40
0.0
 41
1.0
 50
0.0
 71
0
 42
2.5
  3
LiberationMono-Regular.ttf
  4

  0
STYLE
  5
57
330
5
100
AcDbSymbolTableRecord
100
AcDbTextStyleTableRecord
  2
LiberationMono-Bold
 70
0
 40
0.0
 41
1.0
 50
0.0
 71
0
 42
2.5
  3
LiberationMono-Bold.ttf
  4

  0
STYLE
  5
58
330
5
100
AcDbSymbolTableRecord
100
AcDbTextStyleTableRecord
  2
LiberationMono-BoldItalic
 70
0
 40
0.0
 41
1.0
 50
0.0
 71
0
 42
2.5
  3
LiberationMono-BoldItalic.ttf
  4

  0
STYLE
  5
59
330
5
100
AcDbSymbolTableRecord
100
AcDbTextStyleTableRecord
  2
LiberationMono-Italic
 70
0
 40
0.0
 41
1.0
 50
0.0
 71
0
 42
2.5
  3
LiberationMono-Italic.ttf
  4

  0
STYLE
  5
9E
330
5
100
AcDbSymbolTableRecord
100
AcDbTextStyleTableRecord
  2
TITLE
 70
0
 40
0.0
 41
1.0
 50
0.0
 71
0
 42
2.5
  3
Arial.ttf
  4

  0
STYLE
  5
9F
330
5
100
AcDbSymbolTableRecord
100
AcDbTextStyleTableRecord
  2
ANNO
 70
0
 40
0.0
 41
1.0
 50
0.0
 71
0
 42
2.5
  3
Arial.ttf
  4

  0
STYLE
  5
A0
330
5
100
AcDbSymbolTableRecord
100
AcDbTextStyleTableRecord
  2
ISO
 70
0
 40
0.0
 41
1.0
 50
0.0
 71
0
 42
2.5
  3
Arial.ttf
  4

  0
ENDTAB
  0
TABLE
  2
VIEW
  5
7
330
0
100
AcDbSymbolTable
 70
0
  0
ENDTAB
  0
TABLE
  2
UCS
  5
6
330
0
100
AcDbSymbolTable
 70
0
  0
ENDTAB
  0
TABLE
  2
APPID
  5
3
330
0
100
AcDbSymbolTable
 70
3
  0
APPID
  5
2A
330
3
100
AcDbSymbolTableRecord
100
AcDbRegAppTableRecord
  2
ACAD
 70
0
  0
APPID
  5
503
330
3
100
AcDbSymbolTableRecord
100
AcDbRegAppTableRecord
  2
HATCHBACKGROUNDCOLOR
 70
0
  0
APPID
  5
504
330
3
100
AcDbSymbolTableRecord
100
AcDbRegAppTableRecord
  2
EZDXF
 70
0
  0
ENDTAB
  0
TABLE
  2
DIMSTYLE
  5
4
330
0
100
AcDbSymbolTable
 70
12
100
AcDbDimStyleTable
  0
DIMSTYLE
105
2B
330
4
100
AcDbSymbolTableRecord
100
AcDbDimStyleTableRecord
  2
Standard
 70
0
 40
1.0
 41
2.5
 42
0.625
 43
3.75
 44
1.25
 45
0.0
 46
0.0
 47
0.0
 48
0.0
 49
2.5
140
2.5
141
2.5
142
0.0
143
0.03937007874
144
1.0
145
0.0
146
1.0
147
0.625
148
0.0
 69
0
 70
0
 71
0
 72
0
 73
0
 74
0
 75
0
 76
0
 77
1
 78
8
 79
3
170
0
171
3
172
1
173
0
174
0
175
0
176
0
177
0
178
0
179
2
271
2
272
2
273
2
274
3
275
0
276
0
277
2
278
44
279
0
280
0
281
0
282
0
283
0
284
8
285
0
286
0
288
0
289
3
290
0
371
-2
372
-2
  0
DIMSTYLE
105
73
330
4
100
AcDbSymbolTableRecord
100
AcDbDimStyleTableRecord
  2
EZDXF
 70
0
 40
1.0
 41
0.175
 42
0.125
 43
3.75
 44
0.375
 45
0.0
 46
0.0
 47
0.0
 48
0.0
 49
2.5
140
0.25
141
2.5
142
0.0
143
0.03937007874
144
100.0
145
0.0
146
0.5
147
0.1
148
0.0
 69
0
 70
0
 71
0
 72
0
 73
0
 74
0
 75
0
 76
0
 77
1
 78
12
 79
3
170
0
171
3
172
1
173
0
174
0
175
0
176
0
177
0
178
0
179
2
271
2
272
2
273
2
274
3
275
0
276
0
277
2
278
46
279
2
280
0
281
0
282
0
283
0
284
8
285
0
286
0
288
1
289
3
290
0
340
4C
342
74
371
-2
372
-2
  0
DIMSTYLE
105
7C
330
4
100
AcDbSymbolTableRecord
100
AcDbDimStyleTableRecord
  2
EZ_M_100_H25_CM
 70
0
 40
1.0
 41
0.25
 42
0.125
 43
3.75
 44
0.375
 45
0.0
 46
0.0
 47
0.0
 48
0.0
 49
2.5
140
0.25
141
2.5
142
0.125
143
0.03937007874
144
100.0
145
0.0
146
0.5
147
0.1
148
0.0
 69
0
 70
0
 71
0
 72
0
 73
0
 74
0
 75
0
 76
0
 77
1
 78
12
 79
3
170
0
171
3
172
1
173
0
174
0
175
0
176
0
177
0
178
0
179
2
271
2
272
2
273
2
274
3
275
0
276
0
277
2
278
46
279
2
280
0
281
0
282
0
283
0
284
8
285
0
286
0
288
1
289
3
290
0
340
4C
371
-2
372
-2
  0
DIMSTYLE
105
7D
330
4
100
AcDbSymbolTableRecord
100
AcDbDimStyleTableRecord
  2
EZ_M_50_H25_CM
 70
0
 40
1.0
 41
0.125
 42
0.0625
 43
3.75
 44
0.1875
 45
0.0
 46
0.0
 47
0.0
 48
0.0
 49
2.5
140
0.125
141
2.5
142
0.0625
143
0.03937007874
144
100.0
145
0.0
146
0.5
147
0.05
148
0.0
 69
0
 70
0
 71
0
 72
0
 73
0
 74
0
 75
0
 76
0
 77
1
 78
12
 79
3
170
0
171
3
172
1
173
0
174
0
175
0
176
0
177
0
178
0
179
2
271
2
272
2
273
2
274
3
275
0
276
0
277
2
278
46
279
2
280
0
281
0
282
0
283
0
284
8
285
0
286
0
288
1
289
3
290
0
340
4C
371
-2
372
-2
  0
DIMSTYLE
105
7E
330
4
100
AcDbSymbolTableRecord
100
AcDbDimStyleTableRecord
  2
EZ_M_25_H25_CM
 70
0
 40
1.0
 41
0.0625
 42
0.03125
 43
3.75
 44
0.09375
 45
0.0
 46
0.0
 47
0.0
 48
0.0
 49
2.5
140
0.0625
141
2.5
142
0.03125
143
0.03937007874
144
100.0
145
0.0
146
0.5
147
0.025
148
0.0
 69
0
 70
0
 71
0
 72
0
 73
0
 74
0
 75
0
 76
0
 77
1
 78
12
 79
3
170
0
171
3
172
1
173
0
174
0
175
0
176
0
177
0
178
0
179
2
271
2
272
2
273
2
274
3
275
0
276
0
277
2
278
46
279
2
280
0
281
0
282
0
283
0
284
8
285
0
286
0
288
1
289
3
290
0
340
4C
371
-2
372
-2
  0
DIMSTYLE
105
7F
330
4
100
AcDbSymbolTableRecord
100
AcDbDimStyleTableRecord
  2
EZ_M_20_H25_CM
 70
0
 40
1.0
 41
0.05
 42
0.025
 43
3.75
 44
0.07500000000000001
 45
0.0
 46
0.0
 47
0.0
 48
0.0
 49
2.5
140
0.05
141
2.5
142
0.025
143
0.03937007874
144
100.0
145
0.0
146
0.5
147
0.020000000000000004
148
0.0
 69
0
 70
0
 71
0
 72
0
 73
0
 74
0
 75
0
 76
0
 77
1
 78
12
 79
3
170
0
171
3
172
1
173
0
174
0
175
0
176
0
177
0
178
0
179
2
271
2
272
2
273
2
274
3
275
0
276
0
277
2
278
46
279
2
280
0
281
0
282
0
283
0
284
8
285
0
286
0
288
1
289
3
290
0
340
4C
371
-2
372
-2
  0
DIMSTYLE
105
80
330
4
100
AcDbSymbolTableRecord
100
AcDbDimStyleTableRecord
  2
EZ_M_10_H25_CM
 70
0
 40
1.0
 41
0.025
 42
0.0125
 43
3.75
 44
0.037500000000000006
 45
0.0
 46
0.0
 47
0.0
 48
0.0
 49
2.5
140
0.025
141
2.5
142
0.0125
143
0.03937007874
144
100.0
145
0.0
146
0.5
147
0.010000000000000002
148
0.0
 69
0
 70
0
 71
0
 72
0
 73
0
 74
0
 75
0
 76
0
 77
1
 78
12
 79
3
170
0
171
3
172
1
173
0
174
0
175
0
176
0
177
0
178
0
179
2
271
2
272
2
273
2
274
3
275
0
276
0
277
2
278
46
279
2
280
0
281
0
282
0
283
0
284
8
285
0
286
0
288
1
289
3
290
0
340
4C
371
-2
372
-2
  0
DIMSTYLE
105
81
330
4
100
AcDbSymbolTableRecord
100
AcDbDimStyleTableRecord
  2
EZ_M_5_H25_CM
 70
0
 40
1.0
 41
0.0125
 42
0.00625
 43
3.75
 44
0.018750000000000003
 45
0.0
 46
0.0
 47
0.0
 48
0.0
 49
2.5
140
0.0125
141
2.5
142
0.00625
143
0.03937007874
144
100.0
145
0.0
146
0.5
147
0.005000000000000001
148
0.0
 69
0
 70
0
 71
0
 72
0
 73
0
 74
0
 75
0
 76
0
 77
1
 78
12
 79
3
170
0
171
3
172
1
173
0
174
0
175
0
176
0
177
0
178
0
179
2
271
2
272
2
273
2
274
3
275
0
276
0
277
2
278
46
279
2
280
0
281
0
282
0
283
0
284
8
285
0
286
0
288
1
289
3
290
0
340
4C
371
-2
372
-2
  0
DIMSTYLE
105
82
330
4
100
AcDbSymbolTableRecord
100
AcDbDimStyleTableRecord
  2
EZ_M_1_H25_CM
 70
0
 40
1.0
 41
0.0025
 42
0.00125
 43
3.75
 44
0.00375
 45
0.0
 46
0.0
 47
0.0
 48
0.0
 49
2.5
140
0.0025
141
2.5
142
0.00125
143
0.03937007874
144
100.0
145
0.0
146
0.5
147
0.001
148
0.0
 69
0
 70
0
 71
0
 72
0
 73
0
 74
0
 75
0
 76
0
 77
1
 78
12
 79
3
170
0
171
3
172
1
173
0
174
0
175
0
176
0
177
0
178
0
179
2
271
2
272
2
273
2
274
3
275
0
276
0
277
2
278
46
279
2
280
0
281
0
282
0
283
0
284
8
285
0
286
0
288
1
289
3
290
0
340
4C
371
-2
372
-2
  0
DIMSTYLE
105
83
330
4
100
AcDbSymbolTableRecord
100
AcDbDimStyleTableRecord
  2
EZ_RADIUS
 70
0
 40
1.0
 41
0.25
 42
0.125
 43
3.75
 44
0.375
 45
0.0
 46
0.0
 47
0.0
 48
0.0
 49
2.5
140
0.25
141
0.0
142
0.0
143
0.03937007874
144
100.0
145
0.0
146
0.5
147
0.1
148
0.0
 69
0
 70
0
 71
0
 72
0
 73
0
 74
0
 75
0
 76
0
 77
1
 78
12
 79
3
170
0
171
3
172
0
173
0
174
0
175
0
176
0
177
0
178
0
179
2
271
2
272
2
273
2
274
3
275
0
276
0
277
2
278
46
279
1
280
0
281
0
282
0
283
0
284
8
285
0
286
0
288
1
289
3
290
0
340
4C
342
84
371
-2
372
-2
  0
DIMSTYLE
105
88
330
4
100
AcDbSymbolTableRecord
100
AcDbDimStyleTableRecord
  2
EZ_RADIUS_INSIDE
 70
0
 40
1.0
 41
0.25
 42
0.125
 43
3.75
 44
0.375
 45
0.0
 46
0.0
 47
0.0
 48
0.0
 49
2.5
140
0.25
141
0.0
142
0.0
143
0.03937007874
144
100.0
145
0.0
146
0.5
147
0.1
148
0.0
 69
0
 70
0
 71
0
 72
0
 73
0
 74
0
 75
0
 76
0
 77
0
 78
12
 79
3
170
0
171
3
172
0
173
0
174
1
175
0
176
0
177
0
178
0
179
2
271
2
272
2
273
2
274
3
275
0
276
0
277
2
278
46
279
0
280
0
281
0
282
0
283
0
284
8
285
0
286
0
288
1
289
0
290
0
340
4C
342
84
371
-2
372
-2
  0
DIMSTYLE
105
89
330
4
100
AcDbSymbolTableRecord
100
AcDbDimStyleTableRecord
  2
EZ_CURVED
 70
0
 40
1.0
 41
0.25
 42
0.125
 43
3.75
 44
0.375
 45
0.0
 46
0.0
 47
0.0
 48
0.0
 49
2.5
140
0.25
141
2.5
142
0.0
143
0.03937007874
144
100.0
145
0.0
146
0.5
147
0.1
148
0.0
 69
0
 70
0
 71
0
 72
0
 73
0
 74
0
 75
0
 76
0
 77
1
 78
12
 79
2
 90
2
170
0
171
3
172
1
173
0
174
0
175
0
176
0
177
0
178
0
179
2
271
2
272
2
273
2
274
3
275
0
276
0
277
2
278
46
279
2
280
0
281
0
282
0
283
0
284
8
285
0
286
0
288
1
289
3
290
0
340
4C
371
-2
372
-2
  0
ENDTAB
  0
TABLE
  2
BLOCK_RECORD
  5
9
330
0
100
AcDbSymbolTable
 70
12
  0
BLOCK_RECORD
  5
17
330
9
100
AcDbSymbolTableRecord
100
AcDbBlockTableRecord
  2
*Model_Space
340
1A
 70
0
280
1
281
0
  0
BLOCK_RECORD
  5
1B
330
9
100
AcDbSymbolTableRecord
100
AcDbBlockTableRecord
  2
*Paper_Space
340
1E
 70
0
280
1
281
0
  0
BLOCK_RECORD
  5
74
330
9
100
AcDbSymbolTableRecord
100
AcDbBlockTableRecord
  2
_ARCHTICK
340
0
 70
0
280
1
281
0
  0
BLOCK_RECORD
  5
78
330
9
100
AcDbSymbolTableRecord
100
AcDbBlockTableRecord
  2
_CLOSEDFILLED
340
0
 70
0
280
1
281
0
  0
BLOCK_RECORD
  5
84
330
9
100
AcDbSymbolTableRecord
100
AcDbBlockTableRecord
  2
_CLOSEDBLANK
340
0
 70
0
280
1
281
0
  0
BLOCK_RECORD
  5
4E0
330
9
100
AcDbSymbolTableRecord
100
AcDbBlockTableRecord
  2
*Paper_Space0
340
4E3
 70
0
280
1
281
0
  0
BLOCK_RECORD
  5
4E5
330
9
100
AcDbSymbolTableRecord
100
AcDbBlockTableRecord
  2
*Paper_Space1
340
4E8
 70
0
280
1
281
0
  0
BLOCK_RECORD
  5
4EA
330
9
100
AcDbSymbolTableRecord
100
AcDbBlockTableRecord
  2
*Paper_Space2
340
4ED
 70
0
280
1
281
0
  0
BLOCK_RECORD
  5
4EF
330
9
100
AcDbSymbolTableRecord
100
AcDbBlockTableRecord
  2
*Paper_Space3
340
4F2
 70
0
280
1
281
0
  0
BLOCK_RECORD
  5
4F4
330
9
100
AcDbSymbolTableRecord
100
AcDbBlockTableRecord
  2
*Paper_Space4
340
4F7
 70
0
280
1
281
0
  0
BLOCK_RECORD
  5
4F9
330
9
100
AcDbSymbolTableRecord
100
AcDbBlockTableRecord
  2
*Paper_Space5
340
4FC
 70
0
280
1
281
0
  0
BLOCK_RECORD
  5
4FE
330
9
100
AcDbSymbolTableRecord
100
AcDbBlockTableRecord
  2
*Paper_Space6
340
501
 70
0
280
1
281
0
  0
ENDTAB
  0
ENDSEC
  0
SECTION
  2
BLOCKS
  0
BLOCK
  5
18
330
17
100
AcDbEntity
  8
0
100
AcDbBlockBegin
  2
*Model_Space
 70
0
 10
0.0
 20
0.0
 30
0.0
  3
*Model_Space
  1

  0
ENDBLK
  5
19
330
17
100
AcDbEntity
  8
0
100
AcDbBlockEnd
  0
BLOCK
  5
1C
330
1B
100
AcDbEntity
  8
0
100
AcDbBlockBegin
  2
*Paper_Space
 70
0
 10
0.0
 20
0.0
 30
0.0
  3
*Paper_Space
  1

  0
ENDBLK
  5
1D
330
1B
100
AcDbEntity
  8
0
100
AcDbBlockEnd
  0
BLOCK
  5
75
330
74
100
AcDbEntity
  8
0
100
AcDbBlockBegin
  2
_ARCHTICK
 70
0
 10
0.0
 20
0.0
 30
0.0
  3
_ARCHTICK
  1

  0
LWPOLYLINE
  5
77
330
74
100
AcDbEntity
  8
0
  6
BYBLOCK
 62
0
100
AcDbPolyline
 90
2
 70
0
 43
0.15
 10
-0.5
 20
-0.5
 10
0.5
 20
0.5
  0
ENDBLK
  5
76
330
74
100
AcDbEntity
  8
0
100
AcDbBlockEnd
  0
BLOCK
  5
79
330
78
100
AcDbEntity
  8
0
100
AcDbBlockBegin
  2
_CLOSEDFILLED
 70
0
 10
0.0
 20
0.0
 30
0.0
  3
_CLOSEDFILLED
  1

  0
SOLID
  5
7B
330
78
100
AcDbEntity
  8
0
  6
BYBLOCK
 62
0
100
AcDbTrace
 10
-1.0
 20
0.16439898372402537
 30
0.0
 11
0.0
 21
0.0
 31
0.0
 12
-1.0
 22
-0.16439898372402537
 32
0.0
 13
-1.0
 23
-0.16439898372402537
 33
0.0
  0
ENDBLK
  5
7A
330
78
100
AcDbEntity
  8
0
100
AcDbBlockEnd
  0
BLOCK
  5
85
330
84
100
AcDbEntity
  8
0
100
AcDbBlockBegin
  2
_CLOSEDBLANK
 70
0
 10
0.0
 20
0.0
 30
0.0
  3
_CLOSEDBLANK
  1

  0
LWPOLYLINE
  5
87
330
84
100
AcDbEntity
  8
0
  6
BYBLOCK
 62
0
100
AcDbPolyline
 90
3
 70
1
 10
-1.0
 20
0.16439898372402537
 10
0.0
 20
0.0
 10
-1.0
 20
-0.16439898372402537
  0
ENDBLK
  5
86
330
84
100
AcDbEntity
  8
0
100
AcDbBlockEnd
  0
BLOCK
  5
4E1
330
4E0
100
AcDbEntity
  8
0
100
AcDbBlockBegin
  2
*Paper_Space0
 70
0
 10
0.0
 20
0.0
 30
0.0
  3
*Paper_Space0
  1

  0
VIEWPORT
  5
4E4
330
4E0
100
AcDbEntity
 67
1
  8
VIEWPORTS
100
AcDbViewport
 10
450.0
 20
450.0
 30
0.0
 40
900.0
 41
900.0
 68
2
 69
3
 12
450.0
 22
450.0
 13
0.0
 23
0.0
 14
10.0
 24
10.0
 15
10.0
 25
10.0
 16
0.0
 26
0.0
 36
1.0
 17
0.0
 27
0.0
 37
0.0
 42
50.0
 43
0.0
 44
0.0
 45
900.0
 50
0.0
 51
0.0
 72
100
 90
0
  1

281
0
 71
0
 74
0
110
0.0
120
0.0
130
0.0
111
1.0
121
0.0
131
0.0
112
0.0
122
1.0
132
0.0
 79
0
146
0.0
282
0
  0
ENDBLK
  5
4E2
330
4E0
100
AcDbEntity
  8
0
100
AcDbBlockEnd
  0
BLOCK
  5
4E6
330
4E5
100
AcDbEntity
  8
0
100
AcDbBlockBegin
  2
*Paper_Space1
 70
0
 10
0.0
 20
0.0
 30
0.0
  3
*Paper_Space1
  1

  0
VIEWPORT
  5
4E9
330
4E5
100
AcDbEntity
 67
1
  8
VIEWPORTS
100
AcDbViewport
 10
450.0
 20
450.0
 30
0.0
 40
900.0
 41
900.0
 68
2
 69
3
 12
1550.0
 22
450.0
 13
0.0
 23
0.0
 14
10.0
 24
10.0
 15
10.0
 25
10.0
 16
0.0
 26
0.0
 36
1.0
 17
0.0
 27
0.0
 37
0.0
 42
50.0
 43
0.0
 44
0.0
 45
900.0
 50
0.0
 51
0.0
 72
100
 90
0
  1

281
0
 71
0
 74
0
110
0.0
120
0.0
130
0.0
111
1.0
121
0.0
131
0.0
112
0.0
122
1.0
132
0.0
 79
0
146
0.0
282
0
  0
ENDBLK
  5
4E7
330
4E5
100
AcDbEntity
  8
0
100
AcDbBlockEnd
  0
BLOCK
  5
4EB
330
4EA
100
AcDbEntity
  8
0
100
AcDbBlockBegin
  2
*Paper_Space2
 70
0
 10
0.0
 20
0.0
 30
0.0
  3
*Paper_Space2
  1

  0
VIEWPORT
  5
4EE
330
4EA
100
AcDbEntity
 67
1
  8
VIEWPORTS
100
AcDbViewport
 10
450.0
 20
450.0
 30
0.0
 40
900.0
 41
900.0
 68
2
 69
3
 12
2650.0
 22
450.0
 13
0.0
 23
0.0
 14
10.0
 24
10.0
 15
10.0
 25
10.0
 16
0.0
 26
0.0
 36
1.0
 17
0.0
 27
0.0
 37
0.0
 42
50.0
 43
0.0
 44
0.0
 45
900.0
 50
0.0
 51
0.0
 72
100
 90
0
  1

281
0
 71
0
 74
0
110
0.0
120
0.0
130
0.0
111
1.0
121
0.0
131
0.0
112
0.0
122
1.0
132
0.0
 79
0
146
0.0
282
0
  0
ENDBLK
  5
4EC
330
4EA
100
AcDbEntity
  8
0
100
AcDbBlockEnd
  0
BLOCK
  5
4F0
330
4EF
100
AcDbEntity
  8
0
100
AcDbBlockBegin
  2
*Paper_Space3
 70
0
 10
0.0
 20
0.0
 30
0.0
  3
*Paper_Space3
  1

  0
VIEWPORT
  5
4F3
330
4EF
100
AcDbEntity
 67
1
  8
VIEWPORTS
100
AcDbViewport
 10
450.0
 20
450.0
 30
0.0
 40
900.0
 41
900.0
 68
2
 69
3
 12
3750.0
 22
450.0
 13
0.0
 23
0.0
 14
10.0
 24
10.0
 15
10.0
 25
10.0
 16
0.0
 26
0.0
 36
1.0
 17
0.0
 27
0.0
 37
0.0
 42
50.0
 43
0.0
 44
0.0
 45
900.0
 50
0.0
 51
0.0
 72
100
 90
0
  1

281
0
 71
0
 74
0
110
0.0
120
0.0
130
0.0
111
1.0
121
0.0
131
0.0
112
0.0
122
1.0
132
0.0
 79
0
146
0.0
282
0
  0
ENDBLK
  5
4F1
330
4EF
100
AcDbEntity
  8
0
100
AcDbBlockEnd
  0
BLOCK
  5
4F5
330
4F4
100
AcDbEntity
  8
0
100
AcDbBlockBegin
  2
*Paper_Space4
 70
0
 10
0.0
 20
0.0
 30
0.0
  3
*Paper_Space4
  1

  0
VIEWPORT
  5
4F8
330
4F4
100
AcDbEntity
 67
1
  8
VIEWPORTS
100
AcDbViewport
 10
450.0
 20
450.0
 30
0.0
 40
900.0
 41
900.0
 68
2
 69
3
 12
450.0
 22
-650.0
 13
0.0
 23
0.0
 14
10.0
 24
10.0
 15
10.0
 25
10.0
 16
0.0
 26
0.0
 36
1.0
 17
0.0
 27
0.0
 37
0.0
 42
50.0
 43
0.0
 44
0.0
 45
900.0
 50
0.0
 51
0.0
 72
100
 90
0
  1

281
0
 71
0
 74
0
110
0.0
120
0.0
130
0.0
111
1.0
121
0.0
131
0.0
112
0.0
122
1.0
132
0.0
 79
0
146
0.0
282
0
  0
ENDBLK
  5
4F6
330
4F4
100
AcDbEntity
  8
0
100
AcDbBlockEnd
  0
BLOCK
  5
4FA
330
4F9
100
AcDbEntity
  8
0
100
AcDbBlockBegin
  2
*Paper_Space5
 70
0
 10
0.0
 20
0.0
 30
0.0
  3
*Paper_Space5
  1

  0
VIEWPORT
  5
4FD
330
4F9
100
AcDbEntity
 67
1
  8
VIEWPORTS
100
AcDbViewport
 10
450.0
 20
450.0
 30
0.0
 40
900.0
 41
900.0
 68
2
 69
3
 12
1550.0
 22
-650.0
 13
0.0
 23
0.0
 14
10.0
 24
10.0
 15
10.0
 25
10.0
 16
0.0
 26
0.0
 36
1.0
 17
0.0
 27
0.0
 37
0.0
 42
50.0
 43
0.0
 44
0.0
 45
900.0
 50
0.0
 51
0.0
 72
100
 90
0
  1

281
0
 71
0
 74
0
110
0.0
120
0.0
130
0.0
111
1.0
121
0.0
131
0.0
112
0.0
122
1.0
132
0.0
 79
0
146
0.0
282
0
  0
ENDBLK
  5
4FB
330
4F9
100
AcDbEntity
  8
0
100
AcDbBlockEnd
  0
BLOCK
  5
4FF
330
4FE
100
AcDbEntity
  8
0
100
AcDbBlockBegin
  2
*Paper_Space6
 70
0
 10
0.0
 20
0.0
 30
0.0
  3
*Paper_Space6
  1

  0
VIEWPORT
  5
502
330
4FE
100
AcDbEntity
 67
1
  8
VIEWPORTS
100
AcDbViewport
 10
450.0
 20
450.0
 30
0.0
 40
900.0
 41
900.0
 68
2
 69
3
 12
2650.0
 22
-650.0
 13
0.0
 23
0.0
 14
10.0
 24
10.0
 15
10.0
 25
10.0
 16
0.0
 26
0.0
 36
1.0
 17
0.0
 27
0.0
 37
0.0
 42
50.0
 43
0.0
 44
0.0
 45
900.0
 50
0.0
 51
0.0
 72
100
 90
0
  1

281
0
 71
0
 74
0
110
0.0
120
0.0
130
0.0
111
1.0
121
0.0
131
0.0
112
0.0
122
1.0
132
0.0
 79
0
146
0.0
282
0
  0
ENDBLK
  5
500
330
4FE
100
AcDbEntity
  8
0
100
AcDbBlockEnd
  0
ENDSEC
  0
SECTION
  2
ENTITIES
  0
LWPOLYLINE
  5
A1
330
17
100
AcDbEntity
  8
A-SHEET
370
70
420
1318960
100
AcDbPolyline
 90
4
 70
1
 10
0.0
 20
0.0
 10
900.0
 20
0.0
 10
900.0
 20
900.0
 10
0.0
 20
900.0
  0
LWPOLYLINE
  5
A2
330
17
100
AcDbEntity
  8
A-SHEET
370
25
420
1318960
100
AcDbPolyline
 90
4
 70
1
 10
4.0
 20
4.0
 10
896.0
 20
4.0
 10
896.0
 20
896.0
 10
4.0
 20
896.0
  0
HATCH
  5
A3
330
17
100
AcDbEntity
  8
A-HATCH
 62
7
420
1318960
100
AcDbHatch
 10
0.0
 20
0.0
 30
0.0
210
0.0
220
0.0
230
1.0
  2
SOLID
 70
1
 71
0
 91
1
 92
3
 72
0
 73
1
 93
4
 10
4.0
 20
850.0
 10
896.0
 20
850.0
 10
896.0
 20
896.0
 10
4.0
 20
896.0
 97
0
 75
1
 76
1
 98
0
  0
LWPOLYLINE
  5
A4
330
17
100
AcDbEntity
  8
A-TITL
100
AcDbPolyline
 90
4
 70
1
 10
4.0
 20
850.0
 10
896.0
 20
850.0
 10
896.0
 20
896.0
 10
4.0
 20
896.0
  0
MTEXT
  5
A5
330
17
100
AcDbEntity
  8
A-TITL
 62
7
420
16777215
100
AcDbMText
 10
14.0
 20
882.0
 30
0.0
 40
4.2
 41
200.0
 71
1
  1
THE ARCTIC LENS
  7
TITLE
  0
MTEXT
  5
A6
330
17
100
AcDbEntity
  8
A-TITL
 62
7
420
16777215
100
AcDbMText
 10
14.0
 20
868.0
 30
0.0
 40
6.2
 41
620.0
 71
1
  1
TAVOLA 1/7  ·  CONCEPT & TERRITORY
  7
TITLE
  0
MTEXT
  5
A7
330
17
100
AcDbEntity
  8
A-TITL
 62
7
420
13161180
100
AcDbMText
 10
14.0
 20
856.0
 30
0.0
 40
2.4
 41
700.0
 71
1
  1
why suspend here  ·  unit → field  ·  Lofoten insertion
  7
ANNO
  0
MTEXT
  5
A8
330
17
100
AcDbEntity
  8
A-TITL
 62
7
420
13161180
100
AcDbMText
 10
740.0
 20
880.0
 30
0.0
 40
2.4
 41
140.0
 71
1
  1
900 × 900 mm
  7
ANNO
  0
HATCH
  5
A9
330
17
100
AcDbEntity
  8
A-HATCH
 62
7
420
1318960
100
AcDbHatch
 10
0.0
 20
0.0
 30
0.0
210
0.0
220
0.0
230
1.0
  2
SOLID
 70
1
 71
0
 91
1
 92
3
 72
0
 73
1
 93
4
 10
4.0
 20
4.0
 10
896.0
 20
4.0
 10
896.0
 20
28.0
 10
4.0
 20
28.0
 97
0
 75
1
 76
1
 98
0
  0
LWPOLYLINE
  5
AA
330
17
100
AcDbEntity
  8
A-TITL
100
AcDbPolyline
 90
4
 70
1
 10
4.0
 20
4.0
 10
896.0
 20
4.0
 10
896.0
 20
28.0
 10
4.0
 20
28.0
  0
MTEXT
  5
AB
330
17
100
AcDbEntity
  8
A-TITL
 62
7
420
16777215
100
AcDbMText
 10
14.0
 20
12.0
 30
0.0
 40
2.2
 41
420.0
 71
1
  1
UNIUD  ·  DPIA  ·  Master’s Degree in Architecture
  7
ANNO
  0
MTEXT
  5
AC
330
17
100
AcDbEntity
  8
A-TITL
 62
7
420
16777215
100
AcDbMText
 10
430.0
 20
12.0
 30
0.0
 40
2.2
 41
360.0
 71
1
  1
Munkhtemuulen Tumenbayar  ·  A.Y. 2025/26  ·  Lofoten  68.22°N 13.56°E
  7
ANNO
  0
MTEXT
  5
AD
330
17
100
AcDbEntity
  8
A-TITL
 62
7
420
16777215
100
AcDbMText
 10
770.0
 20
12.0
 30
0.0
 40
2.2
 41
120.0
 71
1
  1
1:7500  ·  1:500
  7
ANNO
  0
HATCH
  5
AE
330
17
100
AcDbEntity
  8
A-HATCH
 62
7
420
16580094
100
AcDbHatch
 10
0.0
 20
0.0
 30
0.0
210
0.0
220
0.0
230
1.0
  2
SOLID
 70
1
 71
0
 91
1
 92
3
 72
0
 73
1
 93
4
 10
14.0
 20
44.0
 10
132.0
 20
44.0
 10
132.0
 20
834.0
 10
14.0
 20
834.0
 97
0
 75
1
 76
1
 98
0
  0
LWPOLYLINE
  5
AF
330
17
100
AcDbEntity
  8
A-SHEET
370
13
420
11844288
100
AcDbPolyline
 90
4
 70
1
 10
14.0
 20
44.0
 10
132.0
 20
44.0
 10
132.0
 20
834.0
 10
14.0
 20
834.0
  0
MTEXT
  5
B0
330
17
100
AcDbEntity
  8
A-ANNO
 62
7
420
1318960
100
AcDbMText
 10
17.0
 20
828.0
 30
0.0
 40
2.2
 41
112.0
 71
1
  1
CONCEPT  ·  5 STEPS
  7
TITLE
  0
HATCH
  5
B1
330
17
100
AcDbEntity
  8
A-HATCH
 62
7
420
16777215
100
AcDbHatch
 10
0.0
 20
0.0
 30
0.0
210
0.0
220
0.0
230
1.0
  2
SOLID
 70
1
 71
0
 91
1
 92
3
 72
0
 73
1
 93
4
 10
28.0
 20
776.0
 10
118.0
 20
776.0
 10
118.0
 20
886.0
 10
28.0
 20
886.0
 97
0
 75
1
 76
1
 98
0
  0
LWPOLYLINE
  5
B2
330
17
100
AcDbEntity
  8
A-SHEET
420
11844288
100
AcDbPolyline
 90
4
 70
1
 10
28.0
 20
776.0
 10
118.0
 20
776.0
 10
118.0
 20
886.0
 10
28.0
 20
886.0
  0
LWPOLYLINE
  5
B3
330
17
100
AcDbEntity
  8
A-WALL
370
35
420
2106410
100
AcDbPolyline
 90
6
 70
1
 10
92.05255888325766
 20
849.0
 10
73.0
 20
860.0
 10
53.947441116742354
 20
849.0
 10
53.94744111674235
 20
827.0
 10
73.0
 20
816.0
 10
92.05255888325766
 20
827.0
  0
LWPOLYLINE
  5
B4
330
17
100
AcDbEntity
  8
A-WALL
370
18
420
5923436
100
AcDbPolyline
 90
6
 70
1
 10
85.76
 20
838.0
 10
79.38
 20
849.0504841522894
 10
66.62
 20
849.0504841522894
 10
60.24
 20
838.0
 10
66.61999999999999
 20
826.9495158477106
 10
79.38
 20
826.9495158477106
  0
LINE
  5
B5
330
17
100
AcDbEntity
  8
G-GRID
370
9
420
13159890
100
AcDbLine
 10
92.05255888325766
 20
849.0
 30
0.0
 11
73.0
 21
838.0
 31
0.0
  0
LINE
  5
B6
330
17
100
AcDbEntity
  8
G-GRID
370
9
420
13159890
100
AcDbLine
 10
73.0
 20
860.0
 30
0.0
 11
73.0
 21
838.0
 31
0.0
  0
LINE
  5
B7
330
17
100
AcDbEntity
  8
G-GRID
370
9
420
13159890
100
AcDbLine
 10
53.947441116742354
 20
849.0
 30
0.0
 11
73.0
 21
838.0
 31
0.0
  0
LINE
  5
B8
330
17
100
AcDbEntity
  8
G-GRID
370
9
420
13159890
100
AcDbLine
 10
53.94744111674235
 20
827.0
 30
0.0
 11
73.0
 21
838.0
 31
0.0
  0
LINE
  5
B9
330
17
100
AcDbEntity
  8
G-GRID
370
9
420
13159890
100
AcDbLine
 10
73.0
 20
816.0
 30
0.0
 11
73.0
 21
838.0
 31
0.0
  0
LINE
  5
BA
330
17
100
AcDbEntity
  8
G-GRID
370
9
420
13159890
100
AcDbLine
 10
92.05255888325766
 20
827.0
 30
0.0
 11
73.0
 21
838.0
 31
0.0
  0
MTEXT
  5
BB
330
17
100
AcDbEntity
  8
A-ANNO
 62
7
420
2106410
100
AcDbMText
 10
32.0
 20
784.0
 30
0.0
 40
2.0
 41
82.0
 71
1
  1
1  ELEMENTAL UNIT\PTruncated octahedron\Pedge 4.2 m
  7
ANNO
  0
HATCH
  5
BC
330
17
100
AcDbEntity
  8
A-HATCH
 62
7
420
16777215
100
AcDbHatch
 10
0.0
 20
0.0
 30
0.0
210
0.0
220
0.0
230
1.0
  2
SOLID
 70
1
 71
0
 91
1
 92
3
 72
0
 73
1
 93
4
 10
28.0
 20
631.0
 10
118.0
 20
631.0
 10
118.0
 20
741.0
 10
28.0
 20
741.0
 97
0
 75
1
 76
1
 98
0
  0
LWPOLYLINE
  5
BD
330
17
100
AcDbEntity
  8
A-SHEET
420
11844288
100
AcDbPolyline
 90
4
 70
1
 10
28.0
 20
631.0
 10
118.0
 20
631.0
 10
118.0
 20
741.0
 10
28.0
 20
741.0
  0
LWPOLYLINE
  5
BE
330
17
100
AcDbEntity
  8
A-WALL
370
35
420
2106410
100
AcDbPolyline
 90
6
 70
1
 10
91.61954618136544
 20
703.75
 10
73.0
 20
714.5
 10
54.38045381863457
 20
703.75
 10
54.380453818634564
 20
682.25
 10
73.0
 20
671.5
 10
91.61954618136544
 20
682.25
  0
LWPOLYLINE
  5
BF
330
17
100
AcDbEntity
  8
A-WALL
370
18
420
5923436
100
AcDbPolyline
 90
6
 70
1
 10
85.47
 20
693.0
 10
79.235
 20
703.7993367851919
 10
66.765
 20
703.7993367851919
 10
60.53
 20
693.0
 10
66.765
 20
682.2006632148081
 10
79.235
 20
682.2006632148081
  0
LINE
  5
C0
330
17
100
AcDbEntity
  8
G-GRID
370
9
420
13159890
100
AcDbLine
 10
91.61954618136544
 20
703.75
 30
0.0
 11
73.0
 21
693.0
 31
0.0
  0
LINE
  5
C1
330
17
100
AcDbEntity
  8
G-GRID
370
9
420
13159890
100
AcDbLine
 10
73.0
 20
714.5
 30
0.0
 11
73.0
 21
693.0
 31
0.0
  0
LINE
  5
C2
330
17
100
AcDbEntity
  8
G-GRID
370
9
420
13159890
100
AcDbLine
 10
54.38045381863457
 20
703.75
 30
0.0
 11
73.0
 21
693.0
 31
0.0
  0
LINE
  5
C3
330
17
100
AcDbEntity
  8
G-GRID
370
9
420
13159890
100
AcDbLine
 10
54.380453818634564
 20
682.25
 30
0.0
 11
73.0
 21
693.0
 31
0.0
  0
LINE
  5
C4
330
17
100
AcDbEntity
  8
G-GRID
370
9
420
13159890
100
AcDbLine
 10
73.0
 20
671.5
 30
0.0
 11
73.0
 21
693.0
 31
0.0
  0
LINE
  5
C5
330
17
100
AcDbEntity
  8
G-GRID
370
9
420
13159890
100
AcDbLine
 10
91.61954618136544
 20
682.25
 30
0.0
 11
73.0
 21
693.0
 31
0.0
  0
LWPOLYLINE
  5
C6
330
17
100
AcDbEntity
  8
A-WALL
370
35
420
2106410
100
AcDbPolyline
 90
6
 70
1
 10
105.85640646055101
 20
689.0
 10
92.0
 20
697.0
 10
78.14359353944899
 20
689.0
 10
78.14359353944897
 20
673.0
 10
92.0
 20
665.0
 10
105.85640646055103
 20
673.0
  0
LWPOLYLINE
  5
C7
330
17
100
AcDbEntity
  8
A-WALL
370
18
420
5923436
100
AcDbPolyline
 90
6
 70
1
 10
101.28
 20
681.0
 10
96.64
 20
689.0367157471196
 10
87.36
 20
689.0367157471196
 10
82.72
 20
681.0
 10
87.36
 20
672.9632842528804
 10
96.64
 20
672.9632842528804
  0
LINE
  5
C8
330
17
100
AcDbEntity
  8
G-GRID
370
9
420
13159890
100
AcDbLine
 10
105.85640646055101
 20
689.0
 30
0.0
 11
92.0
 21
681.0
 31
0.0
  0
LINE
  5
C9
330
17
100
AcDbEntity
  8
G-GRID
370
9
420
13159890
100
AcDbLine
 10
92.0
 20
697.0
 30
0.0
 11
92.0
 21
681.0
 31
0.0
  0
LINE
  5
CA
330
17
100
AcDbEntity
  8
G-GRID
370
9
420
13159890
100
AcDbLine
 10
78.14359353944899
 20
689.0
 30
0.0
 11
92.0
 21
681.0
 31
0.0
  0
LINE
  5
CB
330
17
100
AcDbEntity
  8
G-GRID
370
9
420
13159890
100
AcDbLine
 10
78.14359353944897
 20
673.0
 30
0.0
 11
92.0
 21
681.0
 31
0.0
  0
LINE
  5
CC
330
17
100
AcDbEntity
  8
G-GRID
370
9
420
13159890
100
AcDbLine
 10
92.0
 20
665.0
 30
0.0
 11
92.0
 21
681.0
 31
0.0
  0
LINE
  5
CD
330
17
100
AcDbEntity
  8
G-GRID
370
9
420
13159890
100
AcDbLine
 10
105.85640646055103
 20
673.0
 30
0.0
 11
92.0
 21
681.0
 31
0.0
  0
MTEXT
  5
CE
330
17
100
AcDbEntity
  8
A-ANNO
 62
7
420
2106410
100
AcDbMText
 10
32.0
 20
639.0
 30
0.0
 40
2.0
 41
82.0
 71
1
  1
2  BINARY JOIN\PØ 3.6 m portal\Pshared hex face
  7
ANNO
  0
HATCH
  5
CF
330
17
100
AcDbEntity
  8
A-HATCH
 62
7
420
16777215
100
AcDbHatch
 10
0.0
 20
0.0
 30
0.0
210
0.0
220
0.0
230
1.0
  2
SOLID
 70
1
 71
0
 91
1
 92
3
 72
0
 73
1
 93
4
 10
28.0
 20
486.0
 10
118.0
 20
486.0
 10
118.0
 20
596.0
 10
28.0
 20
596.0
 97
0
 75
1
 76
1
 98
0
  0
LWPOLYLINE
  5
D0
330
17
100
AcDbEntity
  8
A-SHEET
420
11844288
100
AcDbPolyline
 90
4
 70
1
 10
28.0
 20
486.0
 10
118.0
 20
486.0
 10
118.0
 20
596.0
 10
28.0
 20
596.0
  0
LWPOLYLINE
  5
D1
330
17
100
AcDbEntity
  8
A-WALL
370
35
420
2106410
100
AcDbPolyline
 90
6
 70
1
 10
91.18653347947321
 20
558.5
 10
73.0
 20
569.0
 10
54.81346652052679
 20
558.5
 10
54.81346652052679
 20
537.5
 10
73.0
 20
527.0
 10
91.18653347947321
 20
537.5
  0
LWPOLYLINE
  5
D2
330
17
100
AcDbEntity
  8
A-WALL
370
18
420
5923436
100
AcDbPolyline
 90
6
 70
1
 10
85.18
 20
548.0
 10
79.09
 20
558.5481894180945
 10
66.91
 20
558.5481894180945
 10
60.82
 20
548.0
 10
66.91
 20
537.4518105819055
 10
79.09
 20
537.4518105819055
  0
LINE
  5
D3
330
17
100
AcDbEntity
  8
G-GRID
370
9
420
13159890
100
AcDbLine
 10
91.18653347947321
 20
558.5
 30
0.0
 11
73.0
 21
548.0
 31
0.0
  0
LINE
  5
D4
330
17
100
AcDbEntity
  8
G-GRID
370
9
420
13159890
100
AcDbLine
 10
73.0
 20
569.0
 30
0.0
 11
73.0
 21
548.0
 31
0.0
  0
LINE
  5
D5
330
17
100
AcDbEntity
  8
G-GRID
370
9
420
13159890
100
AcDbLine
 10
54.81346652052679
 20
558.5
 30
0.0
 11
73.0
 21
548.0
 31
0.0
  0
LINE
  5
D6
330
17
100
AcDbEntity
  8
G-GRID
370
9
420
13159890
100
AcDbLine
 10
54.81346652052679
 20
537.5
 30
0.0
 11
73.0
 21
548.0
 31
0.0
  0
LINE
  5
D7
330
17
100
AcDbEntity
  8
G-GRID
370
9
420
13159890
100
AcDbLine
 10
73.0
 20
527.0
 30
0.0
 11
73.0
 21
548.0
 31
0.0
  0
LINE
  5
D8
330
17
100
AcDbEntity
  8
G-GRID
370
9
420
13159890
100
AcDbLine
 10
91.18653347947321
 20
537.5
 30
0.0
 11
73.0
 21
548.0
 31
0.0
  0
LWPOLYLINE
  5
D9
330
17
100
AcDbEntity
  8
A-WALL
370
35
420
2106410
100
AcDbPolyline
 90
6
 70
1
 10
105.85640646055101
 20
544.0
 10
92.0
 20
552.0
 10
78.14359353944899
 20
544.0
 10
78.14359353944897
 20
528.0
 10
92.0
 20
520.0
 10
105.85640646055103
 20
528.0
  0
LWPOLYLINE
  5
DA
330
17
100
AcDbEntity
  8
A-WALL
370
18
420
5923436
100
AcDbPolyline
 90
6
 70
1
 10
101.28
 20
536.0
 10
96.64
 20
544.0367157471196
 10
87.36
 20
544.0367157471196
 10
82.72
 20
536.0
 10
87.36
 20
527.9632842528804
 10
96.64
 20
527.9632842528804
  0
LINE
  5
DB
330
17
100
AcDbEntity
  8
G-GRID
370
9
420
13159890
100
AcDbLine
 10
105.85640646055101
 20
544.0
 30
0.0
 11
92.0
 21
536.0
 31
0.0
  0
LINE
  5
DC
330
17
100
AcDbEntity
  8
G-GRID
370
9
420
13159890
100
AcDbLine
 10
92.0
 20
552.0
 30
0.0
 11
92.0
 21
536.0
 31
0.0
  0
LINE
  5
DD
330
17
100
AcDbEntity
  8
G-GRID
370
9
420
13159890
100
AcDbLine
 10
78.14359353944899
 20
544.0
 30
0.0
 11
92.0
 21
536.0
 31
0.0
  0
LINE
  5
DE
330
17
100
AcDbEntity
  8
G-GRID
370
9
420
13159890
100
AcDbLine
 10
78.14359353944897
 20
528.0
 30
0.0
 11
92.0
 21
536.0
 31
0.0
  0
LINE
  5
DF
330
17
100
AcDbEntity
  8
G-GRID
370
9
420
13159890
100
AcDbLine
 10
92.0
 20
520.0
 30
0.0
 11
92.0
 21
536.0
 31
0.0
  0
LINE
  5
E0
330
17
100
AcDbEntity
  8
G-GRID
370
9
420
13159890
100
AcDbLine
 10
105.85640646055103
 20
528.0
 30
0.0
 11
92.0
 21
536.0
 31
0.0
  0
MTEXT
  5
E1
330
17
100
AcDbEntity
  8
A-ANNO
 62
7
420
2106410
100
AcDbMText
 10
32.0
 20
494.0
 30
0.0
 40
2.0
 41
82.0
 71
1
  1
3  NUCLEUS\Pthree cells\Pstable pack
  7
ANNO
  0
HATCH
  5
E2
330
17
100
AcDbEntity
  8
A-HATCH
 62
7
420
16777215
100
AcDbHatch
 10
0.0
 20
0.0
 30
0.0
210
0.0
220
0.0
230
1.0
  2
SOLID
 70
1
 71
0
 91
1
 92
3
 72
0
 73
1
 93
4
 10
28.0
 20
341.0
 10
118.0
 20
341.0
 10
118.0
 20
451.0
 10
28.0
 20
451.0
 97
0
 75
1
 76
1
 98
0
  0
LWPOLYLINE
  5
E3
330
17
100
AcDbEntity
  8
A-SHEET
420
11844288
100
AcDbPolyline
 90
4
 70
1
 10
28.0
 20
341.0
 10
118.0
 20
341.0
 10
118.0
 20
451.0
 10
28.0
 20
451.0
  0
LWPOLYLINE
  5
E4
330
17
100
AcDbEntity
  8
A-WALL
370
35
420
2106410
100
AcDbPolyline
 90
6
 70
1
 10
90.753520777581
 20
413.25
 10
73.0
 20
423.5
 10
55.24647922241901
 20
413.25
 10
55.246479222419005
 20
392.75
 10
73.0
 20
382.5
 10
90.753520777581
 20
392.75
  0
LWPOLYLINE
  5
E5
330
17
100
AcDbEntity
  8
A-WALL
370
18
420
5923436
100
AcDbPolyline
 90
6
 70
1
 10
84.89
 20
403.0
 10
78.945
 20
413.297042050997
 10
67.055
 20
413.297042050997
 10
61.11
 20
403.0
 10
67.05499999999999
 20
392.702957949003
 10
78.945
 20
392.702957949003
  0
LINE
  5
E6
330
17
100
AcDbEntity
  8
G-GRID
370
9
420
13159890
100
AcDbLine
 10
90.753520777581
 20
413.25
 30
0.0
 11
73.0
 21
403.0
 31
0.0
  0
LINE
  5
E7
330
17
100
AcDbEntity
  8
G-GRID
370
9
420
13159890
100
AcDbLine
 10
73.0
 20
423.5
 30
0.0
 11
73.0
 21
403.0
 31
0.0
  0
LINE
  5
E8
330
17
100
AcDbEntity
  8
G-GRID
370
9
420
13159890
100
AcDbLine
 10
55.24647922241901
 20
413.25
 30
0.0
 11
73.0
 21
403.0
 31
0.0
  0
LINE
  5
E9
330
17
100
AcDbEntity
  8
G-GRID
370
9
420
13159890
100
AcDbLine
 10
55.246479222419005
 20
392.75
 30
0.0
 11
73.0
 21
403.0
 31
0.0
  0
LINE
  5
EA
330
17
100
AcDbEntity
  8
G-GRID
370
9
420
13159890
100
AcDbLine
 10
73.0
 20
382.5
 30
0.0
 11
73.0
 21
403.0
 31
0.0
  0
LINE
  5
EB
330
17
100
AcDbEntity
  8
G-GRID
370
9
420
13159890
100
AcDbLine
 10
90.753520777581
 20
392.75
 30
0.0
 11
73.0
 21
403.0
 31
0.0
  0
LWPOLYLINE
  5
EC
330
17
100
AcDbEntity
  8
A-WALL
370
35
420
2106410
100
AcDbPolyline
 90
6
 70
1
 10
105.85640646055101
 20
399.0
 10
92.0
 20
407.0
 10
78.14359353944899
 20
399.0
 10
78.14359353944897
 20
383.0
 10
92.0
 20
375.0
 10
105.85640646055103
 20
383.0
  0
LWPOLYLINE
  5
ED
330
17
100
AcDbEntity
  8
A-WALL
370
18
420
5923436
100
AcDbPolyline
 90
6
 70
1
 10
101.28
 20
391.0
 10
96.64
 20
399.0367157471196
 10
87.36
 20
399.0367157471196
 10
82.72
 20
391.0
 10
87.36
 20
382.9632842528804
 10
96.64
 20
382.9632842528804
  0
LINE
  5
EE
330
17
100
AcDbEntity
  8
G-GRID
370
9
420
13159890
100
AcDbLine
 10
105.85640646055101
 20
399.0
 30
0.0
 11
92.0
 21
391.0
 31
0.0
  0
LINE
  5
EF
330
17
100
AcDbEntity
  8
G-GRID
370
9
420
13159890
100
AcDbLine
 10
92.0
 20
407.0
 30
0.0
 11
92.0
 21
391.0
 31
0.0
  0
LINE
  5
F0
330
17
100
AcDbEntity
  8
G-GRID
370
9
420
13159890
100
AcDbLine
 10
78.14359353944899
 20
399.0
 30
0.0
 11
92.0
 21
391.0
 31
0.0
  0
LINE
  5
F1
330
17
100
AcDbEntity
  8
G-GRID
370
9
420
13159890
100
AcDbLine
 10
78.14359353944897
 20
383.0
 30
0.0
 11
92.0
 21
391.0
 31
0.0
  0
LINE
  5
F2
330
17
100
AcDbEntity
  8
G-GRID
370
9
420
13159890
100
AcDbLine
 10
92.0
 20
375.0
 30
0.0
 11
92.0
 21
391.0
 31
0.0
  0
LINE
  5
F3
330
17
100
AcDbEntity
  8
G-GRID
370
9
420
13159890
100
AcDbLine
 10
105.85640646055103
 20
383.0
 30
0.0
 11
92.0
 21
391.0
 31
0.0
  0
MTEXT
  5
F4
330
17
100
AcDbEntity
  8
A-ANNO
 62
7
420
2106410
100
AcDbMText
 10
32.0
 20
349.0
 30
0.0
 40
2.0
 41
82.0
 71
1
  1
4  WIND VOIDS\P4 open frames\Pporosity
  7
ANNO
  0
HATCH
  5
F5
330
17
100
AcDbEntity
  8
A-HATCH
 62
7
420
16777215
100
AcDbHatch
 10
0.0
 20
0.0
 30
0.0
210
0.0
220
0.0
230
1.0
  2
SOLID
 70
1
 71
0
 91
1
 92
3
 72
0
 73
1
 93
4
 10
28.0
 20
196.0
 10
118.0
 20
196.0
 10
118.0
 20
306.0
 10
28.0
 20
306.0
 97
0
 75
1
 76
1
 98
0
  0
LWPOLYLINE
  5
F6
330
17
100
AcDbEntity
  8
A-SHEET
420
11844288
100
AcDbPolyline
 90
4
 70
1
 10
28.0
 20
196.0
 10
118.0
 20
196.0
 10
118.0
 20
306.0
 10
28.0
 20
306.0
  0
LWPOLYLINE
  5
F7
330
17
100
AcDbEntity
  8
A-WALL
370
35
420
2106410
100
AcDbPolyline
 90
6
 70
1
 10
90.32050807568878
 20
268.0
 10
73.0
 20
278.0
 10
55.67949192431123
 20
268.0
 10
55.67949192431122
 20
248.0
 10
73.0
 20
238.0
 10
90.32050807568878
 20
248.0
  0
LWPOLYLINE
  5
F8
330
17
100
AcDbEntity
  8
A-WALL
370
18
420
5923436
100
AcDbPolyline
 90
6
 70
1
 10
84.6
 20
258.0
 10
78.8
 20
268.04589468389946
 10
67.2
 20
268.04589468389946
 10
61.4
 20
258.0
 10
67.19999999999999
 20
247.9541053161005
 10
78.8
 20
247.9541053161005
  0
LINE
  5
F9
330
17
100
AcDbEntity
  8
G-GRID
370
9
420
13159890
100
AcDbLine
 10
90.32050807568878
 20
268.0
 30
0.0
 11
73.0
 21
258.0
 31
0.0
  0
LINE
  5
FA
330
17
100
AcDbEntity
  8
G-GRID
370
9
420
13159890
100
AcDbLine
 10
73.0
 20
278.0
 30
0.0
 11
73.0
 21
258.0
 31
0.0
  0
LINE
  5
FB
330
17
100
AcDbEntity
  8
G-GRID
370
9
420
13159890
100
AcDbLine
 10
55.67949192431123
 20
268.0
 30
0.0
 11
73.0
 21
258.0
 31
0.0
  0
LINE
  5
FC
330
17
100
AcDbEntity
  8
G-GRID
370
9
420
13159890
100
AcDbLine
 10
55.67949192431122
 20
248.0
 30
0.0
 11
73.0
 21
258.0
 31
0.0
  0
LINE
  5
FD
330
17
100
AcDbEntity
  8
G-GRID
370
9
420
13159890
100
AcDbLine
 10
73.0
 20
238.0
 30
0.0
 11
73.0
 21
258.0
 31
0.0
  0
LINE
  5
FE
330
17
100
AcDbEntity
  8
G-GRID
370
9
420
13159890
100
AcDbLine
 10
90.32050807568878
 20
248.0
 30
0.0
 11
73.0
 21
258.0
 31
0.0
  0
LWPOLYLINE
  5
FF
330
17
100
AcDbEntity
  8
A-WALL
370
35
420
2106410
100
AcDbPolyline
 90
6
 70
1
 10
105.85640646055101
 20
254.0
 10
92.0
 20
262.0
 10
78.14359353944899
 20
254.0
 10
78.14359353944897
 20
238.0
 10
92.0
 20
230.0
 10
105.85640646055103
 20
238.0
  0
LWPOLYLINE
  5
100
330
17
100
AcDbEntity
  8
A-WALL
370
18
420
5923436
100
AcDbPolyline
 90
6
 70
1
 10
101.28
 20
246.0
 10
96.64
 20
254.0367157471196
 10
87.36
 20
254.0367157471196
 10
82.72
 20
246.0
 10
87.36
 20
237.9632842528804
 10
96.64
 20
237.9632842528804
  0
LINE
  5
101
330
17
100
AcDbEntity
  8
G-GRID
370
9
420
13159890
100
AcDbLine
 10
105.85640646055101
 20
254.0
 30
0.0
 11
92.0
 21
246.0
 31
0.0
  0
LINE
  5
102
330
17
100
AcDbEntity
  8
G-GRID
370
9
420
13159890
100
AcDbLine
 10
92.0
 20
262.0
 30
0.0
 11
92.0
 21
246.0
 31
0.0
  0
LINE
  5
103
330
17
100
AcDbEntity
  8
G-GRID
370
9
420
13159890
100
AcDbLine
 10
78.14359353944899
 20
254.0
 30
0.0
 11
92.0
 21
246.0
 31
0.0
  0
LINE
  5
104
330
17
100
AcDbEntity
  8
G-GRID
370
9
420
13159890
100
AcDbLine
 10
78.14359353944897
 20
238.0
 30
0.0
 11
92.0
 21
246.0
 31
0.0
  0
LINE
  5
105
330
17
100
AcDbEntity
  8
G-GRID
370
9
420
13159890
100
AcDbLine
 10
92.0
 20
230.0
 30
0.0
 11
92.0
 21
246.0
 31
0.0
  0
LINE
  5
106
330
17
100
AcDbEntity
  8
G-GRID
370
9
420
13159890
100
AcDbLine
 10
105.85640646055103
 20
238.0
 30
0.0
 11
92.0
 21
246.0
 31
0.0
  0
MTEXT
  5
107
330
17
100
AcDbEntity
  8
A-ANNO
 62
7
420
2106410
100
AcDbMText
 10
32.0
 20
204.0
 30
0.0
 40
2.0
 41
82.0
 71
1
  1
5  TENSION NET\PØ 85 mm cables\P48 rock anchors
  7
ANNO
  0
HATCH
  5
108
330
17
100
AcDbEntity
  8
A-HATCH
 62
7
420
16580094
100
AcDbHatch
 10
0.0
 20
0.0
 30
0.0
210
0.0
220
0.0
230
1.0
  2
SOLID
 70
1
 71
0
 91
1
 92
3
 72
0
 73
1
 93
4
 10
142.0
 20
416.0
 10
662.0
 20
416.0
 10
662.0
 20
838.0
 10
142.0
 20
838.0
 97
0
 75
1
 76
1
 98
0
  0
LWPOLYLINE
  5
109
330
17
100
AcDbEntity
  8
A-SHEET
370
13
420
11844288
100
AcDbPolyline
 90
4
 70
1
 10
142.0
 20
416.0
 10
662.0
 20
416.0
 10
662.0
 20
838.0
 10
142.0
 20
838.0
  0
MTEXT
  5
10A
330
17
100
AcDbEntity
  8
A-ANNO
 62
7
420
1318960
100
AcDbMText
 10
145.0
 20
832.0
 30
0.0
 40
2.2
 41
514.0
 71
1
  1
SITE PLAN  ·  CONNECTION TO THE WORLD  ·  SCALE 1:7500
  7
TITLE
  0
IMAGE
  5
10E
330
17
100
AcDbEntity
  8
A-RENDER
100
AcDbRasterImage
 90
0
 10
150.0
 20
424.0
 30
0.0
 11
0.11287793952967526
 21
0.0
 31
0.0
 12
6.912941555359422e-18
 22
0.1128969031752254
 32
0.0
 13
4465.0
 23
2551.0
340
10D
 70
3
280
0
281
50
282
50
283
0
360
10F
 71
1
 91
2
 14
-0.5
 24
-0.5
 14
4464.5
 24
2550.5
290
0
  0
HATCH
  5
110
330
17
100
AcDbEntity
  8
A-HATCH
 62
7
420
1318960
100
AcDbHatch
 10
0.0
 20
0.0
 30
0.0
210
0.0
220
0.0
230
1.0
  2
SOLID
 70
1
 71
0
 91
1
 92
3
 72
0
 73
1
 93
3
 10
634.0
 20
698.0
 10
630.64
 20
680.6
 10
634.0
 20
684.8
 97
0
 75
1
 76
1
 98
0
  0
LWPOLYLINE
  5
111
330
17
100
AcDbEntity
  8
A-ANNO
370
20
420
1318960
100
AcDbPolyline
 90
4
 70
1
 10
634.0
 20
698.0
 10
630.64
 20
680.6
 10
634.0
 20
684.8
 10
637.36
 20
680.6
  0
MTEXT
  5
112
330
17
100
AcDbEntity
  8
A-ANNO
 62
7
420
1318960
100
AcDbMText
 10
630.0
 20
700.0
 30
0.0
 40
3.0
 41
12.0
 71
2
  1
N
  7
TITLE
  0
LINE
  5
113
330
17
100
AcDbEntity
  8
A-DIM
370
25
420
2106410
100
AcDbLine
 10
164.0
 20
429.0
 30
0.0
 11
204.0
 21
429.0
 31
0.0
  0
LINE
  5
114
330
17
100
AcDbEntity
  8
A-DIM
370
25
420
2106410
100
AcDbLine
 10
164.0
 20
427.5
 30
0.0
 11
164.0
 21
430.5
 31
0.0
  0
LINE
  5
115
330
17
100
AcDbEntity
  8
A-DIM
370
25
420
2106410
100
AcDbLine
 10
204.0
 20
427.5
 30
0.0
 11
204.0
 21
430.5
 31
0.0
  0
MTEXT
  5
116
330
17
100
AcDbEntity
  8
A-ANNO
 62
7
420
2106410
100
AcDbMText
 10
164.0
 20
432.0
 30
0.0
 40
1.8
 41
20.0
 71
1
  1
0
  7
ANNO
  0
MTEXT
  5
117
330
17
100
AcDbEntity
  8
A-ANNO
 62
7
420
2106410
100
AcDbMText
 10
194.0
 20
432.0
 30
0.0
 40
1.8
 41
30.0
 71
1
  1
300 m
  7
ANNO
  0
MTEXT
  5
118
330
17
100
AcDbEntity
  8
A-ANNO
 62
7
420
5923436
100
AcDbMText
 10
164.0
 20
423.0
 30
0.0
 40
1.8
 41
60.0
 71
1
  1
SCALE 1:7500  (40 mm = 300 m)
  7
ANNO
  0
MTEXT
  5
119
330
17
100
AcDbEntity
  8
A-ANNO
 62
7
420
2106410
100
AcDbMText
 10
150.0
 20
434.0
 30
0.0
 40
2.1
 41
500.0
 71
1
  1
Three routes, one gate. Sea (pier + cable-car) · Road (E10 tunnel) · Air (summit helipad on rock).\PAll meet at the Terminal hidden in the granite. Nothing is built on the shore.
  7
ANNO
  0
HATCH
  5
11A
330
17
100
AcDbEntity
  8
A-HATCH
 62
7
420
16580094
100
AcDbHatch
 10
0.0
 20
0.0
 30
0.0
210
0.0
220
0.0
230
1.0
  2
SOLID
 70
1
 71
0
 91
1
 92
3
 72
0
 73
1
 93
4
 10
142.0
 20
44.0
 10
662.0
 20
44.0
 10
662.0
 20
406.0
 10
142.0
 20
406.0
 97
0
 75
1
 76
1
 98
0
  0
LWPOLYLINE
  5
11B
330
17
100
AcDbEntity
  8
A-SHEET
370
13
420
11844288
100
AcDbPolyline
 90
4
 70
1
 10
142.0
 20
44.0
 10
662.0
 20
44.0
 10
662.0
 20
406.0
 10
142.0
 20
406.0
  0
MTEXT
  5
11C
330
17
100
AcDbEntity
  8
A-ANNO
 62
7
420
1318960
100
AcDbMText
 10
145.0
 20
400.0
 30
0.0
 40
2.2
 41
514.0
 71
1
  1
HERO  ·  SUSPENDED FIELD OVER THE FJORD
  7
TITLE
  0
IMAGE
  5
11E
330
17
100
AcDbEntity
  8
A-RENDER
100
AcDbRasterImage
 90
0
 10
150.0
 20
52.0
 30
0.0
 11
0.2103960396039604
 21
0.0
 31
0.0
 12
1.1367389843570729e-17
 22
0.18564356435643564
 32
0.0
 13
1616.0
 23
1616.0
340
11D
 70
3
280
0
281
50
282
50
283
0
360
11F
 71
1
 91
2
 14
-0.5
 24
-0.5
 14
1615.5
 24
1615.5
290
0
  0
IMAGE
  5
121
330
17
100
AcDbEntity
  8
A-RENDER
100
AcDbRasterImage
 90
0
 10
498.0
 20
116.0
 30
0.0
 11
0.11206896551724138
 21
0.0
 31
0.0
 12
6.860357516081716e-18
 22
0.11203814064362336
 32
0.0
 13
1392.0
 23
839.0
340
120
 70
3
280
0
281
50
282
50
283
0
360
122
 71
1
 91
2
 14
-0.5
 24
-0.5
 14
1391.5
 24
838.5
290
0
  0
MTEXT
  5
123
330
17
100
AcDbEntity
  8
A-ANNO
 62
7
420
2106410
100
AcDbMText
 10
498.0
 20
56.0
 30
0.0
 40
2.0
 41
155.0
 71
1
  1
Cable field  ·  glacial light\PZero ground footprint\PProposed suspension +22.00 m
  7
ANNO
  0
HATCH
  5
124
330
17
100
AcDbEntity
  8
A-HATCH
 62
7
420
16580094
100
AcDbHatch
 10
0.0
 20
0.0
 30
0.0
210
0.0
220
0.0
230
1.0
  2
SOLID
 70
1
 71
0
 91
1
 92
3
 72
0
 73
1
 93
4
 10
670.0
 20
44.0
 10
886.0
 20
44.0
 10
886.0
 20
834.0
 10
670.0
 20
834.0
 97
0
 75
1
 76
1
 98
0
  0
LWPOLYLINE
  5
125
330
17
100
AcDbEntity
  8
A-SHEET
370
13
420
11844288
100
AcDbPolyline
 90
4
 70
1
 10
670.0
 20
44.0
 10
886.0
 20
44.0
 10
886.0
 20
834.0
 10
670.0
 20
834.0
  0
MTEXT
  5
126
330
17
100
AcDbEntity
  8
A-ANNO
 62
7
420
1318960
100
AcDbMText
 10
673.0
 20
828.0
 30
0.0
 40
2.2
 41
210.0
 71
1
  1
TERRITORY
  7
TITLE
  0
MTEXT
  5
127
330
17
100
AcDbEntity
  8
A-ANNO
 62
7
420
2106410
100
AcDbMText
 10
678.0
 20
766.0
 30
0.0
 40
2.3
 41
130.0
 71
1
  3
SITE\PBunesfjorden\PMoskenesøya\PLofoten, Norway\P68.22°N  13.56°E\P\PDATUM\PFjord SWL = +0.00\P(site datum)\P\PETHIC\PZero-trace objective:\Phang, do not found.\P48 removable anchors.\P\PCLIMATE (Met.no)\PWind 42 m/s SW\PWinter −20 °C\PMidnight sun 
  1
/ aurora\P\PPROTECTION\PLophelia pertusa\PNaturmangfoldloven\PFloating pier only.
  7
ANNO
  0
LWPOLYLINE
  5
128
330
17
100
AcDbEntity
  8
A-SHEET
370
70
420
1318960
100
AcDbPolyline
 90
4
 70
1
 10
1100.0
 20
0.0
 10
2000.0
 20
0.0
 10
2000.0
 20
900.0
 10
1100.0
 20
900.0
  0
LWPOLYLINE
  5
129
330
17
100
AcDbEntity
  8
A-SHEET
370
25
420
1318960
100
AcDbPolyline
 90
4
 70
1
 10
1104.0
 20
4.0
 10
1996.0
 20
4.0
 10
1996.0
 20
896.0
 10
1104.0
 20
896.0
  0
HATCH
  5
12A
330
17
100
AcDbEntity
  8
A-HATCH
 62
7
420
1318960
100
AcDbHatch
 10
0.0
 20
0.0
 30
0.0
210
0.0
220
0.0
230
1.0
  2
SOLID
 70
1
 71
0
 91
1
 92
3
 72
0
 73
1
 93
4
 10
1104.0
 20
850.0
 10
1996.0
 20
850.0
 10
1996.0
 20
896.0
 10
1104.0
 20
896.0
 97
0
 75
1
 76
1
 98
0
  0
LWPOLYLINE
  5
12B
330
17
100
AcDbEntity
  8
A-TITL
100
AcDbPolyline
 90
4
 70
1
 10
1104.0
 20
850.0
 10
1996.0
 20
850.0
 10
1996.0
 20
896.0
 10
1104.0
 20
896.0
  0
MTEXT
  5
12C
330
17
100
AcDbEntity
  8
A-TITL
 62
7
420
16777215
100
AcDbMText
 10
1114.0
 20
882.0
 30
0.0
 40
4.2
 41
200.0
 71
1
  1
THE ARCTIC LENS
  7
TITLE
  0
MTEXT
  5
12D
330
17
100
AcDbEntity
  8
A-TITL
 62
7
420
16777215
100
AcDbMText
 10
1114.0
 20
868.0
 30
0.0
 40
6.2
 41
620.0
 71
1
  1
TAVOLA 2/7  ·  ARRIVAL & THRESHOLDS
  7
TITLE
  0
MTEXT
  5
12E
330
17
100
AcDbEntity
  8
A-TITL
 62
7
420
13161180
100
AcDbMText
 10
1114.0
 20
856.0
 30
0.0
 40
2.4
 41
700.0
 71
1
  1
how a person reaches the habitat  ·  sea / road / air  ·  medevac line
  7
ANNO
  0
MTEXT
  5
12F
330
17
100
AcDbEntity
  8
A-TITL
 62
7
420
13161180
100
AcDbMText
 10
1840.0
 20
880.0
 30
0.0
 40
2.4
 41
140.0
 71
1
  1
900 × 900 mm
  7
ANNO
  0
HATCH
  5
130
330
17
100
AcDbEntity
  8
A-HATCH
 62
7
420
1318960
100
AcDbHatch
 10
0.0
 20
0.0
 30
0.0
210
0.0
220
0.0
230
1.0
  2
SOLID
 70
1
 71
0
 91
1
 92
3
 72
0
 73
1
 93
4
 10
1104.0
 20
4.0
 10
1996.0
 20
4.0
 10
1996.0
 20
28.0
 10
1104.0
 20
28.0
 97
0
 75
1
 76
1
 98
0
  0
LWPOLYLINE
  5
131
330
17
100
AcDbEntity
  8
A-TITL
100
AcDbPolyline
 90
4
 70
1
 10
1104.0
 20
4.0
 10
1996.0
 20
4.0
 10
1996.0
 20
28.0
 10
1104.0
 20
28.0
  0
MTEXT
  5
132
330
17
100
AcDbEntity
  8
A-TITL
 62
7
420
16777215
100
AcDbMText
 10
1114.0
 20
12.0
 30
0.0
 40
2.2
 41
420.0
 71
1
  1
UNIUD  ·  DPIA  ·  Master’s Degree in Architecture
  7
ANNO
  0
MTEXT
  5
133
330
17
100
AcDbEntity
  8
A-TITL
 62
7
420
16777215
100
AcDbMText
 10
1530.0
 20
12.0
 30
0.0
 40
2.2
 41
360.0
 71
1
  1
Munkhtemuulen Tumenbayar  ·  A.Y. 2025/26  ·  Lofoten  68.22°N 13.56°E
  7
ANNO
  0
MTEXT
  5
134
330
17
100
AcDbEntity
  8
A-TITL
 62
7
420
16777215
100
AcDbMText
 10
1870.0
 20
12.0
 30
0.0
 40
2.2
 41
120.0
 71
1
  1
1:500  ·  1:200
  7
ANNO
  0
HATCH
  5
135
330
17
100
AcDbEntity
  8
A-HATCH
 62
7
420
16580094
100
AcDbHatch
 10
0.0
 20
0.0
 30
0.0
210
0.0
220
0.0
230
1.0
  2
SOLID
 70
1
 71
0
 91
1
 92
3
 72
0
 73
1
 93
4
 10
1114.0
 20
578.0
 10
1544.0
 20
578.0
 10
1544.0
 20
838.0
 10
1114.0
 20
838.0
 97
0
 75
1
 76
1
 98
0
  0
LWPOLYLINE
  5
136
330
17
100
AcDbEntity
  8
A-SHEET
370
13
420
11844288
100
AcDbPolyline
 90
4
 70
1
 10
1114.0
 20
578.0
 10
1544.0
 20
578.0
 10
1544.0
 20
838.0
 10
1114.0
 20
838.0
  0
MTEXT
  5
137
330
17
100
AcDbEntity
  8
A-ANNO
 62
7
420
1318960
100
AcDbMText
 10
1117.0
 20
832.0
 30
0.0
 40
2.2
 41
424.0
 71
1
  1
TERRITORIAL PLAN  ·  ARRIVALS  ·  1:7500
  7
TITLE
  0
IMAGE
  5
138
330
17
100
AcDbEntity
  8
A-RENDER
100
AcDbRasterImage
 90
0
 10
1122.0
 20
586.0
 30
0.0
 11
0.09272116461366181
 21
0.0
 31
0.0
 12
5.664771552308415e-18
 22
0.09251274010192082
 32
0.0
 13
4465.0
 23
2551.0
340
10D
 70
3
280
0
281
50
282
50
283
0
360
139
 71
1
 91
2
 14
-0.5
 24
-0.5
 14
4464.5
 24
2550.5
290
0
  0
HATCH
  5
13A
330
17
100
AcDbEntity
  8
A-HATCH
 62
7
420
16580094
100
AcDbHatch
 10
0.0
 20
0.0
 30
0.0
210
0.0
220
0.0
230
1.0
  2
SOLID
 70
1
 71
0
 91
1
 92
3
 72
0
 73
1
 93
4
 10
1552.0
 20
578.0
 10
1986.0
 20
578.0
 10
1986.0
 20
838.0
 10
1552.0
 20
838.0
 97
0
 75
1
 76
1
 98
0
  0
LWPOLYLINE
  5
13B
330
17
100
AcDbEntity
  8
A-SHEET
370
13
420
11844288
100
AcDbPolyline
 90
4
 70
1
 10
1552.0
 20
578.0
 10
1986.0
 20
578.0
 10
1986.0
 20
838.0
 10
1552.0
 20
838.0
  0
MTEXT
  5
13C
330
17
100
AcDbEntity
  8
A-ANNO
 62
7
420
1318960
100
AcDbMText
 10
1555.0
 20
832.0
 30
0.0
 40
2.2
 41
428.0
 71
1
  1
HOW IT WORKS  ·  FOUR STEPS
  7
TITLE
  0
IMAGE
  5
13E
330
17
100
AcDbEntity
  8
A-RENDER
100
AcDbRasterImage
 90
0
 10
1560.0
 20
586.0
 30
0.0
 11
0.1765536723163842
 21
0.0
 31
0.0
 12
1.0810794483998528e-17
 22
0.1765536723163842
 32
0.0
 13
1416.0
 23
1416.0
340
13D
 70
3
280
0
281
50
282
50
283
0
360
13F
 71
1
 91
2
 14
-0.5
 24
-0.5
 14
1415.5
 24
1415.5
290
0
  0
MTEXT
  5
140
330
17
100
AcDbEntity
  8
A-ANNO
 62
7
420
2106410
100
AcDbMText
 10
1814.0
 20
806.0
 30
0.0
 40
2.4
 41
160.0
 71
1
  1
1 ARRIVE  sea / road / air\P2 TERMINAL  only gate, in the rock\P3 ASCENT CORE  lift + stair\P4 CIVIC HEART  main square
  7
ANNO
  0
HATCH
  5
141
330
17
100
AcDbEntity
  8
A-HATCH
 62
7
420
16580094
100
AcDbHatch
 10
0.0
 20
0.0
 30
0.0
210
0.0
220
0.0
230
1.0
  2
SOLID
 70
1
 71
0
 91
1
 92
3
 72
0
 73
1
 93
4
 10
1114.0
 20
246.0
 10
1986.0
 20
246.0
 10
1986.0
 20
568.0
 10
1114.0
 20
568.0
 97
0
 75
1
 76
1
 98
0
  0
LWPOLYLINE
  5
142
330
17
100
AcDbEntity
  8
A-SHEET
370
13
420
11844288
100
AcDbPolyline
 90
4
 70
1
 10
1114.0
 20
246.0
 10
1986.0
 20
246.0
 10
1986.0
 20
568.0
 10
1114.0
 20
568.0
  0
MTEXT
  5
143
330
17
100
AcDbEntity
  8
A-ANNO
 62
7
420
1318960
100
AcDbMText
 10
1117.0
 20
562.0
 30
0.0
 40
2.2
 41
866.0
 71
1
  1
TERRITORIAL SECTION  ·  FJORD → PIER → TERMINAL → CORE → SETTLEMENT → HELIPAD  ·  1:500  (proposed datums)
  7
TITLE
  0
HATCH
  5
144
330
17
100
AcDbEntity
  8
A-HATCH
 62
7
420
9879250
100
AcDbHatch
 10
0.0
 20
0.0
 30
0.0
210
0.0
220
0.0
230
1.0
  2
SOLID
 70
1
 71
0
 91
1
 92
3
 72
0
 73
1
 93
4
 10
1094.0
 20
250.0
 10
1314.0
 20
250.0
 10
1314.0
 20
266.0
 10
1094.0
 20
266.0
 97
0
 75
1
 76
1
 98
0
  0
MTEXT
  5
145
330
17
100
AcDbEntity
  8
A-ANNO
 62
7
420
1328730
100
AcDbMText
 10
1098.0
 20
254.0
 30
0.0
 40
2.2
 41
50.0
 71
1
  1
FJORD  SWL +0.00
  7
TITLE
  0
HATCH
  5
146
330
17
100
AcDbEntity
  8
A-HATCH
 62
7
420
2642020
100
AcDbHatch
 10
0.0
 20
0.0
 30
0.0
210
0.0
220
0.0
230
1.0
  2
SOLID
 70
1
 71
0
 91
1
 92
3
 72
0
 73
1
 93
4
 10
1150.0
 20
266.0
 10
1178.0
 20
266.0
 10
1178.0
 20
269.0
 10
1150.0
 20
269.0
 97
0
 75
1
 76
1
 98
0
  0
LWPOLYLINE
  5
147
330
17
100
AcDbEntity
  8
A-SHEET
420
2642020
100
AcDbPolyline
 90
4
 70
1
 10
1150.0
 20
266.0
 10
1178.0
 20
266.0
 10
1178.0
 20
269.0
 10
1150.0
 20
269.0
  0
MTEXT
  5
148
330
17
100
AcDbEntity
  8
A-ANNO
 62
7
420
2106410
100
AcDbMText
 10
1150.0
 20
272.0
 30
0.0
 40
1.8
 41
40.0
 71
1
  1
floating pier
  7
ANNO
  0
HATCH
  5
149
330
17
100
AcDbEntity
  8
A-HATCH
 62
7
420
12501702
100
AcDbHatch
 10
0.0
 20
0.0
 30
0.0
210
0.0
220
0.0
230
1.0
  2
SOLID
 70
1
 71
0
 91
1
 92
3
 72
0
 73
1
 93
9
 10
1324.0
 20
250.0
 10
1534.0
 20
250.0
 10
1534.0
 20
506.0
 10
1434.0
 20
486.0
 10
1390.0
 20
456.0
 10
1370.0
 20
376.0
 10
1354.0
 20
322.0
 10
1334.0
 20
282.0
 10
1324.0
 20
266.0
 97
0
 75
1
 76
1
 98
0
  0
LWPOLYLINE
  5
14A
330
17
100
AcDbEntity
  8
A-WALL
370
25
420
7238520
100
AcDbPolyline
 90
9
 70
0
 10
1324.0
 20
250.0
 10
1534.0
 20
250.0
 10
1534.0
 20
506.0
 10
1434.0
 20
486.0
 10
1390.0
 20
456.0
 10
1370.0
 20
376.0
 10
1354.0
 20
322.0
 10
1334.0
 20
282.0
 10
1324.0
 20
266.0
  0
HATCH
  5
14B
330
17
100
AcDbEntity
  8
A-HATCH
 62
7
420
16777215
100
AcDbHatch
 10
0.0
 20
0.0
 30
0.0
210
0.0
220
0.0
230
1.0
  2
SOLID
 70
1
 71
0
 91
1
 92
3
 72
0
 73
1
 93
4
 10
1358.0
 20
322.0
 10
1394.0
 20
322.0
 10
1394.0
 20
338.0
 10
1358.0
 20
338.0
 97
0
 75
1
 76
1
 98
0
  0
LWPOLYLINE
  5
14C
330
17
100
AcDbEntity
  8
A-SHEET
370
30
420
1318960
100
AcDbPolyline
 90
4
 70
1
 10
1358.0
 20
322.0
 10
1394.0
 20
322.0
 10
1394.0
 20
338.0
 10
1358.0
 20
338.0
  0
MTEXT
  5
14D
330
17
100
AcDbEntity
  8
A-ANNO
 62
7
420
1318960
100
AcDbMText
 10
1362.0
 20
329.0
 30
0.0
 40
2.0
 41
50.0
 71
1
  1
TERMINAL  +32.00
  7
TITLE
  0
LINE
  5
14E
330
17
100
AcDbEntity
  8
C-ROAD
370
40
420
9198125
100
AcDbLine
 10
1394.0
 20
330.0
 30
0.0
 11
1484.0
 21
330.0
 31
0.0
  0
MTEXT
  5
14F
330
17
100
AcDbEntity
  8
A-ANNO
 62
7
420
9198125
100
AcDbMText
 10
1434.0
 20
334.0
 30
0.0
 40
1.8
 41
40.0
 71
1
  1
E10 tunnel
  7
ANNO
  0
HATCH
  5
150
330
17
100
AcDbEntity
  8
A-HATCH
 62
7
420
13776695
100
AcDbHatch
 10
0.0
 20
0.0
 30
0.0
210
0.0
220
0.0
230
1.0
  2
SOLID
 70
1
 71
0
 91
1
 92
3
 72
0
 73
1
 93
4
 10
1386.0
 20
454.0
 10
1418.0
 20
454.0
 10
1418.0
 20
456.4
 10
1386.0
 20
456.4
 97
0
 75
1
 76
1
 98
0
  0
LWPOLYLINE
  5
151
330
17
100
AcDbEntity
  8
A-SHEET
420
13776695
100
AcDbPolyline
 90
4
 70
1
 10
1386.0
 20
454.0
 10
1418.0
 20
454.0
 10
1418.0
 20
456.4
 10
1386.0
 20
456.4
  0
CIRCLE
  5
152
330
17
100
AcDbEntity
  8
C-AIR
420
13776695
100
AcDbCircle
 10
1402.0
 20
460.0
 30
0.0
 40
4.0
  0
MTEXT
  5
153
330
17
100
AcDbEntity
  8
A-ANNO
 62
7
420
13776695
100
AcDbMText
 10
1406.0
 20
460.0
 30
0.0
 40
2.0
 41
70.0
 71
1
  1
H  HELIPAD  +95.00 proposed
  7
TITLE
  0
HATCH
  5
154
330
17
100
AcDbEntity
  8
A-HATCH
 62
7
420
16765650
100
AcDbHatch
 10
0.0
 20
0.0
 30
0.0
210
0.0
220
0.0
230
1.0
  2
SOLID
 70
1
 71
0
 91
1
 92
3
 72
0
 73
1
 93
4
 10
1399.0
 20
338.0
 10
1403.4
 20
338.0
 10
1403.4
 20
454.0
 10
1399.0
 20
454.0
 97
0
 75
1
 76
1
 98
0
  0
LWPOLYLINE
  5
155
330
17
100
AcDbEntity
  8
A-SHEET
370
20
420
13776695
100
AcDbPolyline
 90
4
 70
1
 10
1399.0
 20
338.0
 10
1403.4
 20
338.0
 10
1403.4
 20
454.0
 10
1399.0
 20
454.0
  0
MTEXT
  5
156
330
17
100
AcDbEntity
  8
A-ANNO
 62
7
420
13776695
100
AcDbMText
 10
1404.4
 20
386.0
 30
0.0
 40
1.8
 41
40.0
 71
1
  1
express / medevac lift
  7
ANNO
  0
LWPOLYLINE
  5
157
330
17
100
AcDbEntity
  8
A-WALL
370
20
420
4624850
100
AcDbPolyline
 90
6
 70
1
 10
1204.062177826491
 20
321.5
 10
1198.0
 20
325.0
 10
1191.937822173509
 20
321.5
 10
1191.937822173509
 20
314.5
 10
1198.0
 20
311.0
 10
1204.062177826491
 20
314.5
  0
HATCH
  5
158
330
17
100
AcDbEntity
  8
A-HATCH
 62
7
420
7256570
100
AcDbHatch
 10
0.0
 20
0.0
 30
0.0
210
0.0
220
0.0
230
1.0
  2
SOLID
 70
1
 71
0
 91
1
 92
3
 72
0
 73
1
 93
6
 10
1204.062177826491
 20
321.5
 10
1198.0
 20
325.0
 10
1191.937822173509
 20
321.5
 10
1191.937822173509
 20
314.5
 10
1198.0
 20
311.0
 10
1204.062177826491
 20
314.5
 97
0
 75
1
 76
1
 98
0
  0
LWPOLYLINE
  5
159
330
17
100
AcDbEntity
  8
A-WALL
370
20
420
10528170
100
AcDbPolyline
 90
6
 70
1
 10
1228.062177826491
 20
321.5
 10
1222.0
 20
325.0
 10
1215.937822173509
 20
321.5
 10
1215.937822173509
 20
314.5
 10
1222.0
 20
311.0
 10
1228.062177826491
 20
314.5
  0
HATCH
  5
15A
330
17
100
AcDbEntity
  8
A-HATCH
 62
7
420
13159890
100
AcDbHatch
 10
0.0
 20
0.0
 30
0.0
210
0.0
220
0.0
230
1.0
  2
SOLID
 70
1
 71
0
 91
1
 92
3
 72
0
 73
1
 93
6
 10
1228.062177826491
 20
321.5
 10
1222.0
 20
325.0
 10
1215.937822173509
 20
321.5
 10
1215.937822173509
 20
314.5
 10
1222.0
 20
311.0
 10
1228.062177826491
 20
314.5
 97
0
 75
1
 76
1
 98
0
  0
LWPOLYLINE
  5
15B
330
17
100
AcDbEntity
  8
A-WALL
370
20
420
15240242
100
AcDbPolyline
 90
6
 70
1
 10
1252.062177826491
 20
321.5
 10
1246.0
 20
325.0
 10
1239.937822173509
 20
321.5
 10
1239.937822173509
 20
314.5
 10
1246.0
 20
311.0
 10
1252.062177826491
 20
314.5
  0
HATCH
  5
15C
330
17
100
AcDbEntity
  8
A-HATCH
 62
7
420
16757850
100
AcDbHatch
 10
0.0
 20
0.0
 30
0.0
210
0.0
220
0.0
230
1.0
  2
SOLID
 70
1
 71
0
 91
1
 92
3
 72
0
 73
1
 93
6
 10
1252.062177826491
 20
321.5
 10
1246.0
 20
325.0
 10
1239.937822173509
 20
321.5
 10
1239.937822173509
 20
314.5
 10
1246.0
 20
311.0
 10
1252.062177826491
 20
314.5
 97
0
 75
1
 76
1
 98
0
  0
LWPOLYLINE
  5
15D
330
17
100
AcDbEntity
  8
A-WALL
370
20
420
15106730
100
AcDbPolyline
 90
6
 70
1
 10
1276.062177826491
 20
321.5
 10
1270.0
 20
325.0
 10
1263.937822173509
 20
321.5
 10
1263.937822173509
 20
314.5
 10
1270.0
 20
311.0
 10
1276.062177826491
 20
314.5
  0
HATCH
  5
15E
330
17
100
AcDbEntity
  8
A-HATCH
 62
7
420
16755410
100
AcDbHatch
 10
0.0
 20
0.0
 30
0.0
210
0.0
220
0.0
230
1.0
  2
SOLID
 70
1
 71
0
 91
1
 92
3
 72
0
 73
1
 93
6
 10
1276.062177826491
 20
321.5
 10
1270.0
 20
325.0
 10
1263.937822173509
 20
321.5
 10
1263.937822173509
 20
314.5
 10
1270.0
 20
311.0
 10
1276.062177826491
 20
314.5
 97
0
 75
1
 76
1
 98
0
  0
MTEXT
  5
15F
330
17
100
AcDbEntity
  8
A-ANNO
 62
7
420
1318960
100
AcDbMText
 10
1190.0
 20
346.0
 30
0.0
 40
2.1
 41
70.0
 71
1
  1
SUSPENDED SETTLEMENT
  7
TITLE
  0
MTEXT
  5
160
330
17
100
AcDbEntity
  8
A-ANNO
 62
7
420
2106410
100
AcDbMText
 10
1190.0
 20
302.0
 30
0.0
 40
1.7
 41
90.0
 71
1
  1
soffit +22.00  ·  main deck +25.50  ·  apex ~ +32.3
  7
ANNO
  0
LINE
  5
161
330
17
100
AcDbEntity
  8
S-CABLE
370
13
420
5266020
100
AcDbLine
 10
1214.0
 20
326.0
 30
0.0
 11
1370.0
 21
406.0
 31
0.0
  0
LINE
  5
162
330
17
100
AcDbEntity
  8
S-CABLE
370
13
420
5266020
100
AcDbLine
 10
1222.0
 20
326.0
 30
0.0
 11
1370.0
 21
410.0
 31
0.0
  0
LINE
  5
163
330
17
100
AcDbEntity
  8
S-CABLE
370
13
420
5266020
100
AcDbLine
 10
1230.0
 20
326.0
 30
0.0
 11
1370.0
 21
414.0
 31
0.0
  0
LINE
  5
164
330
17
100
AcDbEntity
  8
S-CABLE
370
13
420
5266020
100
AcDbLine
 10
1238.0
 20
326.0
 30
0.0
 11
1370.0
 21
418.0
 31
0.0
  0
LINE
  5
165
330
17
100
AcDbEntity
  8
S-CABLE
370
13
420
5266020
100
AcDbLine
 10
1246.0
 20
326.0
 30
0.0
 11
1370.0
 21
422.0
 31
0.0
  0
LINE
  5
166
330
17
100
AcDbEntity
  8
S-CABLE
370
13
420
5266020
100
AcDbLine
 10
1254.0
 20
326.0
 30
0.0
 11
1370.0
 21
426.0
 31
0.0
  0
LINE
  5
167
330
17
100
AcDbEntity
  8
S-CABLE
370
13
420
5266020
100
AcDbLine
 10
1262.0
 20
326.0
 30
0.0
 11
1370.0
 21
430.0
 31
0.0
  0
LINE
  5
168
330
17
100
AcDbEntity
  8
S-CABLE
370
13
420
5266020
100
AcDbLine
 10
1270.0
 20
326.0
 30
0.0
 11
1370.0
 21
434.0
 31
0.0
  0
LINE
  5
169
330
17
100
AcDbEntity
  8
C-SEA
370
35
420
2654890
100
AcDbLine
 10
1358.0
 20
338.0
 30
0.0
 11
1290.0
 21
318.0
 31
0.0
  0
MTEXT
  5
16A
330
17
100
AcDbEntity
  8
A-ANNO
 62
7
420
2654890
100
AcDbMText
 10
1310.0
 20
332.0
 30
0.0
 40
1.8
 41
55.0
 71
1
  1
Ascent Core (lift + stair)
  7
ANNO
  0
LINE
  5
16B
330
17
100
AcDbEntity
  8
C-SEA
370
18
420
2654890
100
AcDbLine
 10
1164.0
 20
270.0
 30
0.0
 11
1358.0
 21
330.0
 31
0.0
  0
MTEXT
  5
16C
330
17
100
AcDbEntity
  8
A-ANNO
 62
7
420
2654890
100
AcDbMText
 10
1214.0
 20
286.0
 30
0.0
 40
1.8
 41
50.0
 71
1
  1
cable-car (by sea)
  7
ANNO
  0
LWPOLYLINE
  5
16D
330
17
100
AcDbEntity
  8
P-L
370
20
420
15240242
100
AcDbPolyline
 90
6
 70
1
 10
1323.1961524227067
 20
329.0
 10
1318.0
 20
332.0
 10
1312.8038475772935
 20
329.0
 10
1312.8038475772933
 20
323.0
 10
1318.0
 20
320.0
 10
1323.1961524227067
 20
323.0
  0
MTEXT
  5
16E
330
17
100
AcDbEntity
  8
A-ANNO
 62
7
420
13776695
100
AcDbMText
 10
1306.0
 20
314.0
 30
0.0
 40
1.7
 41
40.0
 71
1
  1
ER + INFIRMARY
  7
TITLE
  0
LINE
  5
16F
330
17
100
AcDbEntity
  8
A-DIM
370
13
420
5923436
100
AcDbLine
 10
1490.0
 20
266.0
 30
0.0
 11
1510.0
 21
266.0
 31
0.0
  0
MTEXT
  5
170
330
17
100
AcDbEntity
  8
A-ANNO
 62
7
420
5923436
100
AcDbMText
 10
1511.0
 20
265.0
 30
0.0
 40
1.7
 41
40.0
 71
1
  1
+0.00 SWL
  7
ANNO
  0
LINE
  5
171
330
17
100
AcDbEntity
  8
A-DIM
370
13
420
5923436
100
AcDbLine
 10
1490.0
 20
310.0
 30
0.0
 11
1510.0
 21
310.0
 31
0.0
  0
MTEXT
  5
172
330
17
100
AcDbEntity
  8
A-ANNO
 62
7
420
5923436
100
AcDbMText
 10
1511.0
 20
309.0
 30
0.0
 40
1.7
 41
40.0
 71
1
  1
+22.00 soffit
  7
ANNO
  0
LINE
  5
173
330
17
100
AcDbEntity
  8
A-DIM
370
13
420
5923436
100
AcDbLine
 10
1490.0
 20
330.0
 30
0.0
 11
1510.0
 21
330.0
 31
0.0
  0
MTEXT
  5
174
330
17
100
AcDbEntity
  8
A-ANNO
 62
7
420
5923436
100
AcDbMText
 10
1511.0
 20
329.0
 30
0.0
 40
1.7
 41
40.0
 71
1
  1
+32.00 terminal
  7
ANNO
  0
LINE
  5
175
330
17
100
AcDbEntity
  8
A-DIM
370
13
420
5923436
100
AcDbLine
 10
1490.0
 20
456.0
 30
0.0
 11
1510.0
 21
456.0
 31
0.0
  0
MTEXT
  5
176
330
17
100
AcDbEntity
  8
A-ANNO
 62
7
420
5923436
100
AcDbMText
 10
1511.0
 20
455.0
 30
0.0
 40
1.7
 41
40.0
 71
1
  1
+95.00 helipad
  7
ANNO
  0
MTEXT
  5
177
330
17
100
AcDbEntity
  8
A-ANNO
 62
7
420
5923436
100
AcDbMText
 10
1098.0
 20
482.0
 30
0.0
 40
1.7
 41
220.0
 71
1
  1
Proposed vertical sequence — not a surveyed section. 45 m core is the brief parameter; fit to cliff is a study.
  7
ANNO
  0
HATCH
  5
178
330
17
100
AcDbEntity
  8
A-HATCH
 62
7
420
16580094
100
AcDbHatch
 10
0.0
 20
0.0
 30
0.0
210
0.0
220
0.0
230
1.0
  2
SOLID
 70
1
 71
0
 91
1
 92
3
 72
0
 73
1
 93
4
 10
1114.0
 20
44.0
 10
1544.0
 20
44.0
 10
1544.0
 20
238.0
 10
1114.0
 20
238.0
 97
0
 75
1
 76
1
 98
0
  0
LWPOLYLINE
  5
179
330
17
100
AcDbEntity
  8
A-SHEET
370
13
420
11844288
100
AcDbPolyline
 90
4
 70
1
 10
1114.0
 20
44.0
 10
1544.0
 20
44.0
 10
1544.0
 20
238.0
 10
1114.0
 20
238.0
  0
MTEXT
  5
17A
330
17
100
AcDbEntity
  8
A-ANNO
 62
7
420
1318960
100
AcDbMText
 10
1117.0
 20
232.0
 30
0.0
 40
2.2
 41
424.0
 71
1
  1
MEDEVAC  ·  ONE VERTICAL LINE (IN ROCK)
  7
TITLE
  0
IMAGE
  5
17C
330
17
100
AcDbEntity
  8
A-RENDER
100
AcDbRasterImage
 90
0
 10
1122.0
 20
50.0
 30
0.0
 11
0.13846153846153847
 21
0.0
 31
0.0
 12
8.478323994097061e-18
 22
0.13846153846153847
 32
0.0
 13
1300.0
 23
1300.0
340
17B
 70
3
280
0
281
50
282
50
283
0
360
17D
 71
1
 91
2
 14
-0.5
 24
-0.5
 14
1299.5
 24
1299.5
290
0
  0
MTEXT
  5
17E
330
17
100
AcDbEntity
  8
A-ANNO
 62
7
420
2106410
100
AcDbMText
 10
1310.0
 20
186.0
 30
0.0
 40
2.05
 41
225.0
 71
1
  3
Helipad on SOLID ROCK (not on the cables).\PExpress lift: helipad ↔ terminal.\PER / infirmary at Ascent Core, short bridge.\PStretcher does not cross the hanging ring in storm.\PV4 drone deck serves the settlement itself.\P\PNOTE  The hanging ER cann
  1
ot sit inside the rock shaft.\PDraw the transfer landing at bridge level; the shaft\Pis the rock-side express lift. Proposed — verify survey.
  7
ANNO
  0
HATCH
  5
17F
330
17
100
AcDbEntity
  8
A-HATCH
 62
7
420
16580094
100
AcDbHatch
 10
0.0
 20
0.0
 30
0.0
210
0.0
220
0.0
230
1.0
  2
SOLID
 70
1
 71
0
 91
1
 92
3
 72
0
 73
1
 93
4
 10
1552.0
 20
44.0
 10
1986.0
 20
44.0
 10
1986.0
 20
238.0
 10
1552.0
 20
238.0
 97
0
 75
1
 76
1
 98
0
  0
LWPOLYLINE
  5
180
330
17
100
AcDbEntity
  8
A-SHEET
370
13
420
11844288
100
AcDbPolyline
 90
4
 70
1
 10
1552.0
 20
44.0
 10
1986.0
 20
44.0
 10
1986.0
 20
238.0
 10
1552.0
 20
238.0
  0
MTEXT
  5
181
330
17
100
AcDbEntity
  8
A-ANNO
 62
7
420
1318960
100
AcDbMText
 10
1555.0
 20
232.0
 30
0.0
 40
2.2
 41
428.0
 71
1
  1
TERMINAL  ·  BASE CAMP  ·  1:200 schematic
  7
TITLE
  0
HATCH
  5
182
330
17
100
AcDbEntity
  8
A-HATCH
 62
7
420
16119543
100
AcDbHatch
 10
0.0
 20
0.0
 30
0.0
210
0.0
220
0.0
230
1.0
  2
SOLID
 70
1
 71
0
 91
1
 92
3
 72
0
 73
1
 93
4
 10
1574.0
 20
56.0
 10
1814.0
 20
56.0
 10
1814.0
 20
216.0
 10
1574.0
 20
216.0
 97
0
 75
1
 76
1
 98
0
  0
LWPOLYLINE
  5
183
330
17
100
AcDbEntity
  8
A-SHEET
370
20
420
1318960
100
AcDbPolyline
 90
4
 70
1
 10
1574.0
 20
56.0
 10
1814.0
 20
56.0
 10
1814.0
 20
216.0
 10
1574.0
 20
216.0
  0
HATCH
  5
184
330
17
100
AcDbEntity
  8
A-HATCH
 62
7
420
16777215
100
AcDbHatch
 10
0.0
 20
0.0
 30
0.0
210
0.0
220
0.0
230
1.0
  2
SOLID
 70
1
 71
0
 91
1
 92
3
 72
0
 73
1
 93
4
 10
1582.0
 20
146.0
 10
1652.0
 20
146.0
 10
1652.0
 20
206.0
 10
1582.0
 20
206.0
 97
0
 75
1
 76
1
 98
0
  0
LWPOLYLINE
  5
185
330
17
100
AcDbEntity
  8
A-SHEET
370
18
420
2106410
100
AcDbPolyline
 90
4
 70
1
 10
1582.0
 20
146.0
 10
1652.0
 20
146.0
 10
1652.0
 20
206.0
 10
1582.0
 20
206.0
  0
MTEXT
  5
186
330
17
100
AcDbEntity
  8
A-ANNO
 62
7
420
1318960
100
AcDbMText
 10
1586.0
 20
172.0
 30
0.0
 40
2.0
 41
64.0
 71
1
  1
RECEPTION
  7
ANNO
  0
HATCH
  5
187
330
17
100
AcDbEntity
  8
A-HATCH
 62
7
420
16777215
100
AcDbHatch
 10
0.0
 20
0.0
 30
0.0
210
0.0
220
0.0
230
1.0
  2
SOLID
 70
1
 71
0
 91
1
 92
3
 72
0
 73
1
 93
4
 10
1656.0
 20
146.0
 10
1726.0
 20
146.0
 10
1726.0
 20
206.0
 10
1656.0
 20
206.0
 97
0
 75
1
 76
1
 98
0
  0
LWPOLYLINE
  5
188
330
17
100
AcDbEntity
  8
A-SHEET
370
18
420
2106410
100
AcDbPolyline
 90
4
 70
1
 10
1656.0
 20
146.0
 10
1726.0
 20
146.0
 10
1726.0
 20
206.0
 10
1656.0
 20
206.0
  0
MTEXT
  5
189
330
17
100
AcDbEntity
  8
A-ANNO
 62
7
420
1318960
100
AcDbMText
 10
1660.0
 20
172.0
 30
0.0
 40
2.0
 41
64.0
 71
1
  1
DRY ROOM\PBASE CAMP
  7
ANNO
  0
HATCH
  5
18A
330
17
100
AcDbEntity
  8
A-HATCH
 62
7
420
16777215
100
AcDbHatch
 10
0.0
 20
0.0
 30
0.0
210
0.0
220
0.0
230
1.0
  2
SOLID
 70
1
 71
0
 91
1
 92
3
 72
0
 73
1
 93
4
 10
1730.0
 20
146.0
 10
1806.0
 20
146.0
 10
1806.0
 20
206.0
 10
1730.0
 20
206.0
 97
0
 75
1
 76
1
 98
0
  0
LWPOLYLINE
  5
18B
330
17
100
AcDbEntity
  8
A-SHEET
370
18
420
2106410
100
AcDbPolyline
 90
4
 70
1
 10
1730.0
 20
146.0
 10
1806.0
 20
146.0
 10
1806.0
 20
206.0
 10
1730.0
 20
206.0
  0
MTEXT
  5
18C
330
17
100
AcDbEntity
  8
A-ANNO
 62
7
420
1318960
100
AcDbMText
 10
1734.0
 20
172.0
 30
0.0
 40
2.0
 41
70.0
 71
1
  1
CARGO /\PCOLD STORE
  7
ANNO
  0
HATCH
  5
18D
330
17
100
AcDbEntity
  8
A-HATCH
 62
7
420
16777215
100
AcDbHatch
 10
0.0
 20
0.0
 30
0.0
210
0.0
220
0.0
230
1.0
  2
SOLID
 70
1
 71
0
 91
1
 92
3
 72
0
 73
1
 93
4
 10
1582.0
 20
66.0
 10
1652.0
 20
66.0
 10
1652.0
 20
136.0
 10
1582.0
 20
136.0
 97
0
 75
1
 76
1
 98
0
  0
LWPOLYLINE
  5
18E
330
17
100
AcDbEntity
  8
A-SHEET
370
18
420
2106410
100
AcDbPolyline
 90
4
 70
1
 10
1582.0
 20
66.0
 10
1652.0
 20
66.0
 10
1652.0
 20
136.0
 10
1582.0
 20
136.0
  0
MTEXT
  5
18F
330
17
100
AcDbEntity
  8
A-ANNO
 62
7
420
1318960
100
AcDbMText
 10
1586.0
 20
97.0
 30
0.0
 40
2.0
 41
64.0
 71
1
  1
E10\PTUNNEL
  7
ANNO
  0
HATCH
  5
190
330
17
100
AcDbEntity
  8
A-HATCH
 62
7
420
16777215
100
AcDbHatch
 10
0.0
 20
0.0
 30
0.0
210
0.0
220
0.0
230
1.0
  2
SOLID
 70
1
 71
0
 91
1
 92
3
 72
0
 73
1
 93
4
 10
1656.0
 20
66.0
 10
1726.0
 20
66.0
 10
1726.0
 20
136.0
 10
1656.0
 20
136.0
 97
0
 75
1
 76
1
 98
0
  0
LWPOLYLINE
  5
191
330
17
100
AcDbEntity
  8
A-SHEET
370
18
420
2106410
100
AcDbPolyline
 90
4
 70
1
 10
1656.0
 20
66.0
 10
1726.0
 20
66.0
 10
1726.0
 20
136.0
 10
1656.0
 20
136.0
  0
MTEXT
  5
192
330
17
100
AcDbEntity
  8
A-ANNO
 62
7
420
1318960
100
AcDbMText
 10
1660.0
 20
97.0
 30
0.0
 40
2.0
 41
64.0
 71
1
  1
CABLE-CAR\PARRIVAL
  7
ANNO
  0
HATCH
  5
193
330
17
100
AcDbEntity
  8
A-HATCH
 62
7
420
16777215
100
AcDbHatch
 10
0.0
 20
0.0
 30
0.0
210
0.0
220
0.0
230
1.0
  2
SOLID
 70
1
 71
0
 91
1
 92
3
 72
0
 73
1
 93
4
 10
1730.0
 20
66.0
 10
1806.0
 20
66.0
 10
1806.0
 20
136.0
 10
1730.0
 20
136.0
 97
0
 75
1
 76
1
 98
0
  0
LWPOLYLINE
  5
194
330
17
100
AcDbEntity
  8
A-SHEET
370
18
420
2106410
100
AcDbPolyline
 90
4
 70
1
 10
1730.0
 20
66.0
 10
1806.0
 20
66.0
 10
1806.0
 20
136.0
 10
1730.0
 20
136.0
  0
MTEXT
  5
195
330
17
100
AcDbEntity
  8
A-ANNO
 62
7
420
1318960
100
AcDbMText
 10
1734.0
 20
97.0
 30
0.0
 40
2.0
 41
70.0
 71
1
  1
ASCENT CORE\P+ EXPRESS LIFT
  7
ANNO
  0
MTEXT
  5
196
330
17
100
AcDbEntity
  8
A-ANNO
 62
7
420
5923436
100
AcDbMText
 10
1582.0
 20
224.0
 30
0.0
 40
1.8
 41
230.0
 71
1
  1
Single public gate. Fire / storm orientation is unambiguous.
  7
ANNO
  0
LWPOLYLINE
  5
197
330
17
100
AcDbEntity
  8
A-SHEET
370
70
420
1318960
100
AcDbPolyline
 90
4
 70
1
 10
2200.0
 20
0.0
 10
3100.0
 20
0.0
 10
3100.0
 20
900.0
 10
2200.0
 20
900.0
  0
LWPOLYLINE
  5
198
330
17
100
AcDbEntity
  8
A-SHEET
370
25
420
1318960
100
AcDbPolyline
 90
4
 70
1
 10
2204.0
 20
4.0
 10
3096.0
 20
4.0
 10
3096.0
 20
896.0
 10
2204.0
 20
896.0
  0
HATCH
  5
199
330
17
100
AcDbEntity
  8
A-HATCH
 62
7
420
1318960
100
AcDbHatch
 10
0.0
 20
0.0
 30
0.0
210
0.0
220
0.0
230
1.0
  2
SOLID
 70
1
 71
0
 91
1
 92
3
 72
0
 73
1
 93
4
 10
2204.0
 20
850.0
 10
3096.0
 20
850.0
 10
3096.0
 20
896.0
 10
2204.0
 20
896.0
 97
0
 75
1
 76
1
 98
0
  0
LWPOLYLINE
  5
19A
330
17
100
AcDbEntity
  8
A-TITL
100
AcDbPolyline
 90
4
 70
1
 10
2204.0
 20
850.0
 10
3096.0
 20
850.0
 10
3096.0
 20
896.0
 10
2204.0
 20
896.0
  0
MTEXT
  5
19B
330
17
100
AcDbEntity
  8
A-TITL
 62
7
420
16777215
100
AcDbMText
 10
2214.0
 20
882.0
 30
0.0
 40
4.2
 41
200.0
 71
1
  1
THE ARCTIC LENS
  7
TITLE
  0
MTEXT
  5
19C
330
17
100
AcDbEntity
  8
A-TITL
 62
7
420
16777215
100
AcDbMText
 10
2214.0
 20
868.0
 30
0.0
 40
6.2
 41
620.0
 71
1
  1
TAVOLA 3/7  ·  SETTLEMENT & PROGRAMME
  7
TITLE
  0
MTEXT
  5
19D
330
17
100
AcDbEntity
  8
A-TITL
 62
7
420
13161180
100
AcDbMText
 10
2214.0
 20
856.0
 30
0.0
 40
2.4
 41
700.0
 71
1
  1
how 120 people inhabit 32 cells  ·  numbered register  ·  +3.50 m deck
  7
ANNO
  0
MTEXT
  5
19E
330
17
100
AcDbEntity
  8
A-TITL
 62
7
420
13161180
100
AcDbMText
 10
2940.0
 20
880.0
 30
0.0
 40
2.4
 41
140.0
 71
1
  1
900 × 900 mm
  7
ANNO
  0
HATCH
  5
19F
330
17
100
AcDbEntity
  8
A-HATCH
 62
7
420
1318960
100
AcDbHatch
 10
0.0
 20
0.0
 30
0.0
210
0.0
220
0.0
230
1.0
  2
SOLID
 70
1
 71
0
 91
1
 92
3
 72
0
 73
1
 93
4
 10
2204.0
 20
4.0
 10
3096.0
 20
4.0
 10
3096.0
 20
28.0
 10
2204.0
 20
28.0
 97
0
 75
1
 76
1
 98
0
  0
LWPOLYLINE
  5
1A0
330
17
100
AcDbEntity
  8
A-TITL
100
AcDbPolyline
 90
4
 70
1
 10
2204.0
 20
4.0
 10
3096.0
 20
4.0
 10
3096.0
 20
28.0
 10
2204.0
 20
28.0
  0
MTEXT
  5
1A1
330
17
100
AcDbEntity
  8
A-TITL
 62
7
420
16777215
100
AcDbMText
 10
2214.0
 20
12.0
 30
0.0
 40
2.2
 41
420.0
 71
1
  1
UNIUD  ·  DPIA  ·  Master’s Degree in Architecture
  7
ANNO
  0
MTEXT
  5
1A2
330
17
100
AcDbEntity
  8
A-TITL
 62
7
420
16777215
100
AcDbMText
 10
2630.0
 20
12.0
 30
0.0
 40
2.2
 41
360.0
 71
1
  1
Munkhtemuulen Tumenbayar  ·  A.Y. 2025/26  ·  Lofoten  68.22°N 13.56°E
  7
ANNO
  0
MTEXT
  5
1A3
330
17
100
AcDbEntity
  8
A-TITL
 62
7
420
16777215
100
AcDbMText
 10
2970.0
 20
12.0
 30
0.0
 40
2.2
 41
120.0
 71
1
  1
1:500  ·  1:200
  7
ANNO
  0
HATCH
  5
1A4
330
17
100
AcDbEntity
  8
A-HATCH
 62
7
420
16580094
100
AcDbHatch
 10
0.0
 20
0.0
 30
0.0
210
0.0
220
0.0
230
1.0
  2
SOLID
 70
1
 71
0
 91
1
 92
3
 72
0
 73
1
 93
4
 10
2214.0
 20
246.0
 10
2834.0
 20
246.0
 10
2834.0
 20
838.0
 10
2214.0
 20
838.0
 97
0
 75
1
 76
1
 98
0
  0
LWPOLYLINE
  5
1A5
330
17
100
AcDbEntity
  8
A-SHEET
370
13
420
11844288
100
AcDbPolyline
 90
4
 70
1
 10
2214.0
 20
246.0
 10
2834.0
 20
246.0
 10
2834.0
 20
838.0
 10
2214.0
 20
838.0
  0
MTEXT
  5
1A6
330
17
100
AcDbEntity
  8
A-ANNO
 62
7
420
1318960
100
AcDbMText
 10
2217.0
 20
832.0
 30
0.0
 40
2.2
 41
614.0
 71
1
  1
MASTERPLAN  ·  FOUR CLUSTERS + CIVIC HEART  ·  1:500
  7
TITLE
  0
LINE
  5
1A7
330
17
100
AcDbEntity
  8
A-WALL
370
40
420
5923950
100
AcDbLine
 10
2524.0
 20
506.0
 30
0.0
 11
2420.0
 21
582.0
 31
0.0
  0
LINE
  5
1A8
330
17
100
AcDbEntity
  8
A-WALL
370
40
420
5923950
100
AcDbLine
 10
2524.0
 20
506.0
 30
0.0
 11
2628.0
 21
582.0
 31
0.0
  0
LINE
  5
1A9
330
17
100
AcDbEntity
  8
A-WALL
370
40
420
5923950
100
AcDbLine
 10
2524.0
 20
506.0
 30
0.0
 11
2420.0
 21
426.0
 31
0.0
  0
LINE
  5
1AA
330
17
100
AcDbEntity
  8
A-WALL
370
40
420
5923950
100
AcDbLine
 10
2524.0
 20
506.0
 30
0.0
 11
2628.0
 21
426.0
 31
0.0
  0
LWPOLYLINE
  5
1AB
330
17
100
AcDbEntity
  8
P-V
370
20
420
13776695
100
AcDbPolyline
 90
4
 70
1
 10
2398.4
 20
582.0
 10
2638.8
 20
563.2938512782562
 10
2617.2
 20
444.7061487217439
 10
2409.2
 20
407.2938512782561
  0
HATCH
  5
1AC
330
17
100
AcDbEntity
  8
A-HATCH
 62
7
420
11259370
100
AcDbHatch
 10
0.0
 20
0.0
 30
0.0
210
0.0
220
0.0
230
1.0
  2
SOLID
 70
1
 71
0
 91
1
 92
3
 72
0
 73
1
 93
6
 10
2452.4
 20
588.235382907248
 10
2441.6
 20
594.470765814496
 10
2430.7999999999997
 20
588.235382907248
 10
2430.7999999999997
 20
575.764617092752
 10
2441.6
 20
569.529234185504
 10
2452.4
 20
575.764617092752
 97
0
 75
1
 76
1
 98
0
  0
LWPOLYLINE
  5
1AD
330
17
100
AcDbEntity
  8
P-R
370
30
420
4624850
100
AcDbPolyline
 90
6
 70
1
 10
2452.4
 20
588.235382907248
 10
2441.6
 20
594.470765814496
 10
2430.7999999999997
 20
588.235382907248
 10
2430.7999999999997
 20
575.764617092752
 10
2441.6
 20
569.529234185504
 10
2452.4
 20
575.764617092752
  0
MTEXT
  5
1AE
330
17
100
AcDbEntity
  8
A-ANNO
 62
7
420
1318960
100
AcDbMText
 10
2432.8704639298526
 20
583.8706148721744
 30
0.0
 40
2.2447378466092647
 41
17.459072140294282
 71
2
  1
L01
  7
TITLE
  0
MTEXT
  5
1AF
330
17
100
AcDbEntity
  8
A-ANNO
 62
7
420
2106410
100
AcDbMText
 10
2430.9998490576786
 20
577.6352319649264
 30
0.0
 40
1.4964918977395099
 41
21.200301884643057
 71
2
  1
Offices
  7
ANNO
  0
HATCH
  5
1B0
330
17
100
AcDbEntity
  8
A-HATCH
 62
7
420
11259370
100
AcDbHatch
 10
0.0
 20
0.0
 30
0.0
210
0.0
220
0.0
230
1.0
  2
SOLID
 70
1
 71
0
 91
1
 92
3
 72
0
 73
1
 93
6
 10
2441.6000000000004
 20
606.9415316289918
 10
2430.8
 20
613.1769145362398
 10
2420.0
 20
606.9415316289918
 10
2420.0
 20
594.4707658144958
 10
2430.8
 20
588.2353829072479
 10
2441.6000000000004
 20
594.4707658144958
 97
0
 75
1
 76
1
 98
0
  0
LWPOLYLINE
  5
1B1
330
17
100
AcDbEntity
  8
P-R
370
30
420
4624850
100
AcDbPolyline
 90
6
 70
1
 10
2441.6000000000004
 20
606.9415316289918
 10
2430.8
 20
613.1769145362398
 10
2420.0
 20
606.9415316289918
 10
2420.0
 20
594.4707658144958
 10
2430.8
 20
588.2353829072479
 10
2441.6000000000004
 20
594.4707658144958
  0
MTEXT
  5
1B2
330
17
100
AcDbEntity
  8
A-ANNO
 62
7
420
1318960
100
AcDbMText
 10
2422.070463929853
 20
602.5767635939183
 30
0.0
 40
2.2447378466092647
 41
17.459072140294282
 71
2
  1
L02
  7
TITLE
  0
MTEXT
  5
1B3
330
17
100
AcDbEntity
  8
A-ANNO
 62
7
420
2106410
100
AcDbMText
 10
2420.199849057679
 20
596.3413806866703
 30
0.0
 40
1.4964918977395099
 41
21.200301884643057
 71
2
  1
Observation
  7
ANNO
  0
HATCH
  5
1B4
330
17
100
AcDbEntity
  8
A-HATCH
 62
7
420
11259370
100
AcDbHatch
 10
0.0
 20
0.0
 30
0.0
210
0.0
220
0.0
230
1.0
  2
SOLID
 70
1
 71
0
 91
1
 92
3
 72
0
 73
1
 93
6
 10
2420.0
 20
606.9415316289918
 10
2409.2
 20
613.1769145362398
 10
2398.3999999999996
 20
606.9415316289918
 10
2398.3999999999996
 20
594.4707658144958
 10
2409.2
 20
588.2353829072479
 10
2420.0
 20
594.4707658144958
 97
0
 75
1
 76
1
 98
0
  0
LWPOLYLINE
  5
1B5
330
17
100
AcDbEntity
  8
P-R
370
30
420
4624850
100
AcDbPolyline
 90
6
 70
1
 10
2420.0
 20
606.9415316289918
 10
2409.2
 20
613.1769145362398
 10
2398.3999999999996
 20
606.9415316289918
 10
2398.3999999999996
 20
594.4707658144958
 10
2409.2
 20
588.2353829072479
 10
2420.0
 20
594.4707658144958
  0
MTEXT
  5
1B6
330
17
100
AcDbEntity
  8
A-ANNO
 62
7
420
1318960
100
AcDbMText
 10
2400.4704639298525
 20
602.5767635939183
 30
0.0
 40
2.2447378466092647
 41
17.459072140294282
 71
2
  1
L03
  7
TITLE
  0
MTEXT
  5
1B7
330
17
100
AcDbEntity
  8
A-ANNO
 62
7
420
2106410
100
AcDbMText
 10
2398.5998490576785
 20
596.3413806866703
 30
0.0
 40
1.4964918977395099
 41
21.200301884643057
 71
2
  1
Dry lab
  7
ANNO
  0
HATCH
  5
1B8
330
17
100
AcDbEntity
  8
A-HATCH
 62
7
420
11259370
100
AcDbHatch
 10
0.0
 20
0.0
 30
0.0
210
0.0
220
0.0
230
1.0
  2
SOLID
 70
1
 71
0
 91
1
 92
3
 72
0
 73
1
 93
6
 10
2430.8
 20
588.235382907248
 10
2420.0
 20
594.470765814496
 10
2409.2
 20
588.235382907248
 10
2409.2
 20
575.764617092752
 10
2420.0
 20
569.529234185504
 10
2430.8
 20
575.764617092752
 97
0
 75
1
 76
1
 98
0
  0
LWPOLYLINE
  5
1B9
330
17
100
AcDbEntity
  8
P-R
370
30
420
4624850
100
AcDbPolyline
 90
6
 70
1
 10
2430.8
 20
588.235382907248
 10
2420.0
 20
594.470765814496
 10
2409.2
 20
588.235382907248
 10
2409.2
 20
575.764617092752
 10
2420.0
 20
569.529234185504
 10
2430.8
 20
575.764617092752
  0
MTEXT
  5
1BA
330
17
100
AcDbEntity
  8
A-ANNO
 62
7
420
1318960
100
AcDbMText
 10
2411.2704639298527
 20
583.8706148721744
 30
0.0
 40
2.2447378466092647
 41
17.459072140294282
 71
2
  1
L04
  7
TITLE
  0
MTEXT
  5
1BB
330
17
100
AcDbEntity
  8
A-ANNO
 62
7
420
2106410
100
AcDbMText
 10
2409.3998490576787
 20
577.6352319649264
 30
0.0
 40
1.4964918977395099
 41
21.200301884643057
 71
2
  1
IT / server
  7
ANNO
  0
HATCH
  5
1BC
330
17
100
AcDbEntity
  8
A-HATCH
 62
7
420
11259370
100
AcDbHatch
 10
0.0
 20
0.0
 30
0.0
210
0.0
220
0.0
230
1.0
  2
SOLID
 70
1
 71
0
 91
1
 92
3
 72
0
 73
1
 93
6
 10
2409.2000000000003
 20
588.235382907248
 10
2398.4
 20
594.470765814496
 10
2387.6
 20
588.235382907248
 10
2387.6
 20
575.764617092752
 10
2398.4
 20
569.529234185504
 10
2409.2000000000003
 20
575.764617092752
 97
0
 75
1
 76
1
 98
0
  0
LWPOLYLINE
  5
1BD
330
17
100
AcDbEntity
  8
P-R
370
30
420
4624850
100
AcDbPolyline
 90
6
 70
1
 10
2409.2000000000003
 20
588.235382907248
 10
2398.4
 20
594.470765814496
 10
2387.6
 20
588.235382907248
 10
2387.6
 20
575.764617092752
 10
2398.4
 20
569.529234185504
 10
2409.2000000000003
 20
575.764617092752
  0
MTEXT
  5
1BE
330
17
100
AcDbEntity
  8
A-ANNO
 62
7
420
1318960
100
AcDbMText
 10
2389.6704639298528
 20
583.8706148721744
 30
0.0
 40
2.2447378466092647
 41
17.459072140294282
 71
2
  1
L05
  7
TITLE
  0
MTEXT
  5
1BF
330
17
100
AcDbEntity
  8
A-ANNO
 62
7
420
2106410
100
AcDbMText
 10
2387.799849057679
 20
577.6352319649264
 30
0.0
 40
1.4964918977395099
 41
21.200301884643057
 71
2
  1
Collaboration
  7
ANNO
  0
HATCH
  5
1C0
330
17
100
AcDbEntity
  8
A-HATCH
 62
7
420
11259370
100
AcDbHatch
 10
0.0
 20
0.0
 30
0.0
210
0.0
220
0.0
230
1.0
  2
SOLID
 70
1
 71
0
 91
1
 92
3
 72
0
 73
1
 93
6
 10
2420.0
 20
569.5292341855042
 10
2409.2
 20
575.7646170927521
 10
2398.3999999999996
 20
569.5292341855042
 10
2398.3999999999996
 20
557.0584683710082
 10
2409.2
 20
550.8230854637602
 10
2420.0
 20
557.0584683710082
 97
0
 75
1
 76
1
 98
0
  0
LWPOLYLINE
  5
1C1
330
17
100
AcDbEntity
  8
P-R
370
30
420
4624850
100
AcDbPolyline
 90
6
 70
1
 10
2420.0
 20
569.5292341855042
 10
2409.2
 20
575.7646170927521
 10
2398.3999999999996
 20
569.5292341855042
 10
2398.3999999999996
 20
557.0584683710082
 10
2409.2
 20
550.8230854637602
 10
2420.0
 20
557.0584683710082
  0
MTEXT
  5
1C2
330
17
100
AcDbEntity
  8
A-ANNO
 62
7
420
1318960
100
AcDbMText
 10
2400.4704639298525
 20
565.1644661504306
 30
0.0
 40
2.2447378466092647
 41
17.459072140294282
 71
2
  1
L06
  7
TITLE
  0
MTEXT
  5
1C3
330
17
100
AcDbEntity
  8
A-ANNO
 62
7
420
2106410
100
AcDbMText
 10
2398.5998490576785
 20
558.9290832431826
 30
0.0
 40
1.4964918977395099
 41
21.200301884643057
 71
2
  1
Wet lab A
  7
ANNO
  0
HATCH
  5
1C4
330
17
100
AcDbEntity
  8
A-HATCH
 62
7
420
11259370
100
AcDbHatch
 10
0.0
 20
0.0
 30
0.0
210
0.0
220
0.0
230
1.0
  2
SOLID
 70
1
 71
0
 91
1
 92
3
 72
0
 73
1
 93
6
 10
2441.6000000000004
 20
569.5292341855042
 10
2430.8
 20
575.7646170927521
 10
2420.0
 20
569.5292341855042
 10
2420.0
 20
557.0584683710082
 10
2430.8
 20
550.8230854637602
 10
2441.6000000000004
 20
557.0584683710082
 97
0
 75
1
 76
1
 98
0
  0
LWPOLYLINE
  5
1C5
330
17
100
AcDbEntity
  8
P-R
370
30
420
4624850
100
AcDbPolyline
 90
6
 70
1
 10
2441.6000000000004
 20
569.5292341855042
 10
2430.8
 20
575.7646170927521
 10
2420.0
 20
569.5292341855042
 10
2420.0
 20
557.0584683710082
 10
2430.8
 20
550.8230854637602
 10
2441.6000000000004
 20
557.0584683710082
  0
MTEXT
  5
1C6
330
17
100
AcDbEntity
  8
A-ANNO
 62
7
420
1318960
100
AcDbMText
 10
2422.070463929853
 20
565.1644661504306
 30
0.0
 40
2.2447378466092647
 41
17.459072140294282
 71
2
  1
L07
  7
TITLE
  0
MTEXT
  5
1C7
330
17
100
AcDbEntity
  8
A-ANNO
 62
7
420
2106410
100
AcDbMText
 10
2420.199849057679
 20
558.9290832431826
 30
0.0
 40
1.4964918977395099
 41
21.200301884643057
 71
2
  1
Wet lab B
  7
ANNO
  0
HATCH
  5
1C8
330
17
100
AcDbEntity
  8
A-HATCH
 62
7
420
16177312
100
AcDbHatch
 10
0.0
 20
0.0
 30
0.0
210
0.0
220
0.0
230
1.0
  2
SOLID
 70
1
 71
0
 91
1
 92
3
 72
0
 73
1
 93
6
 10
2387.6000000000004
 20
588.235382907248
 10
2376.8
 20
594.470765814496
 10
2366.0
 20
588.235382907248
 10
2366.0
 20
575.764617092752
 10
2376.8
 20
569.529234185504
 10
2387.6000000000004
 20
575.764617092752
 97
0
 75
1
 76
1
 98
0
  0
LWPOLYLINE
  5
1C9
330
17
100
AcDbEntity
  8
P-V
370
25
420
15444525
100
AcDbPolyline
 90
6
 70
1
 10
2387.6000000000004
 20
588.235382907248
 10
2376.8
 20
594.470765814496
 10
2366.0
 20
588.235382907248
 10
2366.0
 20
575.764617092752
 10
2376.8
 20
569.529234185504
 10
2387.6000000000004
 20
575.764617092752
  0
LWPOLYLINE
  5
1CA
330
17
100
AcDbEntity
  8
P-V
370
13
420
15444525
100
AcDbPolyline
 90
6
 70
1
 10
2384.576
 20
586.4894756932185
 10
2376.8
 20
590.9789513864371
 10
2369.0240000000003
 20
586.4894756932185
 10
2369.0240000000003
 20
577.5105243067815
 10
2376.8
 20
573.0210486135629
 10
2384.576
 20
577.5105243067815
  0
MTEXT
  5
1CB
330
17
100
AcDbEntity
  8
A-ANNO
 62
7
420
1318960
100
AcDbMText
 10
2368.070463929853
 20
583.8706148721744
 30
0.0
 40
2.2447378466092647
 41
17.459072140294282
 71
2
  1
V01
  7
TITLE
  0
MTEXT
  5
1CC
330
17
100
AcDbEntity
  8
A-ANNO
 62
7
420
2106410
100
AcDbMText
 10
2366.199849057679
 20
577.6352319649264
 30
0.0
 40
1.4964918977395099
 41
21.200301884643057
 71
2
  1
Sky observatory / wind
  7
ANNO
  0
HATCH
  5
1CD
330
17
100
AcDbEntity
  8
A-HATCH
 62
7
420
16042914
100
AcDbHatch
 10
0.0
 20
0.0
 30
0.0
210
0.0
220
0.0
230
1.0
  2
SOLID
 70
1
 71
0
 91
1
 92
3
 72
0
 73
1
 93
6
 10
2660.4
 20
588.235382907248
 10
2649.6
 20
594.470765814496
 10
2638.7999999999997
 20
588.235382907248
 10
2638.7999999999997
 20
575.764617092752
 10
2649.6
 20
569.529234185504
 10
2660.4
 20
575.764617092752
 97
0
 75
1
 76
1
 98
0
  0
LWPOLYLINE
  5
1CE
330
17
100
AcDbEntity
  8
P-L
370
30
420
15240242
100
AcDbPolyline
 90
6
 70
1
 10
2660.4
 20
588.235382907248
 10
2649.6
 20
594.470765814496
 10
2638.7999999999997
 20
588.235382907248
 10
2638.7999999999997
 20
575.764617092752
 10
2649.6
 20
569.529234185504
 10
2660.4
 20
575.764617092752
  0
MTEXT
  5
1CF
330
17
100
AcDbEntity
  8
A-ANNO
 62
7
420
1318960
100
AcDbMText
 10
2640.8704639298526
 20
583.8706148721744
 30
0.0
 40
2.2447378466092647
 41
17.459072140294282
 71
2
  1
T01
  7
TITLE
  0
MTEXT
  5
1D0
330
17
100
AcDbEntity
  8
A-ANNO
 62
7
420
2106410
100
AcDbMText
 10
2638.9998490576786
 20
577.6352319649264
 30
0.0
 40
1.4964918977395099
 41
21.200301884643057
 71
2
  1
Workshop
  7
ANNO
  0
HATCH
  5
1D1
330
17
100
AcDbEntity
  8
A-HATCH
 62
7
420
16042914
100
AcDbHatch
 10
0.0
 20
0.0
 30
0.0
210
0.0
220
0.0
230
1.0
  2
SOLID
 70
1
 71
0
 91
1
 92
3
 72
0
 73
1
 93
6
 10
2649.6000000000004
 20
606.9415316289918
 10
2638.8
 20
613.1769145362398
 10
2628.0
 20
606.9415316289918
 10
2628.0
 20
594.4707658144958
 10
2638.8
 20
588.2353829072479
 10
2649.6000000000004
 20
594.4707658144958
 97
0
 75
1
 76
1
 98
0
  0
LWPOLYLINE
  5
1D2
330
17
100
AcDbEntity
  8
P-L
370
30
420
15240242
100
AcDbPolyline
 90
6
 70
1
 10
2649.6000000000004
 20
606.9415316289918
 10
2638.8
 20
613.1769145362398
 10
2628.0
 20
606.9415316289918
 10
2628.0
 20
594.4707658144958
 10
2638.8
 20
588.2353829072479
 10
2649.6000000000004
 20
594.4707658144958
  0
MTEXT
  5
1D3
330
17
100
AcDbEntity
  8
A-ANNO
 62
7
420
1318960
100
AcDbMText
 10
2630.070463929853
 20
602.5767635939183
 30
0.0
 40
2.2447378466092647
 41
17.459072140294282
 71
2
  1
T02
  7
TITLE
  0
MTEXT
  5
1D4
330
17
100
AcDbEntity
  8
A-ANNO
 62
7
420
2106410
100
AcDbMText
 10
2628.199849057679
 20
596.3413806866703
 30
0.0
 40
1.4964918977395099
 41
21.200301884643057
 71
2
  1
Isolation
  7
ANNO
  0
HATCH
  5
1D5
330
17
100
AcDbEntity
  8
A-HATCH
 62
7
420
16042914
100
AcDbHatch
 10
0.0
 20
0.0
 30
0.0
210
0.0
220
0.0
230
1.0
  2
SOLID
 70
1
 71
0
 91
1
 92
3
 72
0
 73
1
 93
6
 10
2628.0
 20
606.9415316289918
 10
2617.2
 20
613.1769145362398
 10
2606.3999999999996
 20
606.9415316289918
 10
2606.3999999999996
 20
594.4707658144958
 10
2617.2
 20
588.2353829072479
 10
2628.0
 20
594.4707658144958
 97
0
 75
1
 76
1
 98
0
  0
LWPOLYLINE
  5
1D6
330
17
100
AcDbEntity
  8
P-L
370
30
420
15240242
100
AcDbPolyline
 90
6
 70
1
 10
2628.0
 20
606.9415316289918
 10
2617.2
 20
613.1769145362398
 10
2606.3999999999996
 20
606.9415316289918
 10
2606.3999999999996
 20
594.4707658144958
 10
2617.2
 20
588.2353829072479
 10
2628.0
 20
594.4707658144958
  0
MTEXT
  5
1D7
330
17
100
AcDbEntity
  8
A-ANNO
 62
7
420
1318960
100
AcDbMText
 10
2608.4704639298525
 20
602.5767635939183
 30
0.0
 40
2.2447378466092647
 41
17.459072140294282
 71
2
  1
T03
  7
TITLE
  0
MTEXT
  5
1D8
330
17
100
AcDbEntity
  8
A-ANNO
 62
7
420
2106410
100
AcDbMText
 10
2606.5998490576785
 20
596.3413806866703
 30
0.0
 40
1.4964918977395099
 41
21.200301884643057
 71
2
  1
Infirmary
  7
ANNO
  0
HATCH
  5
1D9
330
17
100
AcDbEntity
  8
A-HATCH
 62
7
420
16042914
100
AcDbHatch
 10
0.0
 20
0.0
 30
0.0
210
0.0
220
0.0
230
1.0
  2
SOLID
 70
1
 71
0
 91
1
 92
3
 72
0
 73
1
 93
6
 10
2638.8
 20
588.235382907248
 10
2628.0
 20
594.470765814496
 10
2617.2
 20
588.235382907248
 10
2617.2
 20
575.764617092752
 10
2628.0
 20
569.529234185504
 10
2638.8
 20
575.764617092752
 97
0
 75
1
 76
1
 98
0
  0
LWPOLYLINE
  5
1DA
330
17
100
AcDbEntity
  8
P-L
370
30
420
15240242
100
AcDbPolyline
 90
6
 70
1
 10
2638.8
 20
588.235382907248
 10
2628.0
 20
594.470765814496
 10
2617.2
 20
588.235382907248
 10
2617.2
 20
575.764617092752
 10
2628.0
 20
569.529234185504
 10
2638.8
 20
575.764617092752
  0
MTEXT
  5
1DB
330
17
100
AcDbEntity
  8
A-ANNO
 62
7
420
1318960
100
AcDbMText
 10
2619.2704639298527
 20
583.8706148721744
 30
0.0
 40
2.2447378466092647
 41
17.459072140294282
 71
2
  1
T04
  7
TITLE
  0
MTEXT
  5
1DC
330
17
100
AcDbEntity
  8
A-ANNO
 62
7
420
2106410
100
AcDbMText
 10
2617.3998490576787
 20
577.6352319649264
 30
0.0
 40
1.4964918977395099
 41
21.200301884643057
 71
2
  1
Heat-pump
  7
ANNO
  0
HATCH
  5
1DD
330
17
100
AcDbEntity
  8
A-HATCH
 62
7
420
16042914
100
AcDbHatch
 10
0.0
 20
0.0
 30
0.0
210
0.0
220
0.0
230
1.0
  2
SOLID
 70
1
 71
0
 91
1
 92
3
 72
0
 73
1
 93
6
 10
2617.2000000000003
 20
588.235382907248
 10
2606.4
 20
594.470765814496
 10
2595.6
 20
588.235382907248
 10
2595.6
 20
575.764617092752
 10
2606.4
 20
569.529234185504
 10
2617.2000000000003
 20
575.764617092752
 97
0
 75
1
 76
1
 98
0
  0
LWPOLYLINE
  5
1DE
330
17
100
AcDbEntity
  8
P-L
370
30
420
15240242
100
AcDbPolyline
 90
6
 70
1
 10
2617.2000000000003
 20
588.235382907248
 10
2606.4
 20
594.470765814496
 10
2595.6
 20
588.235382907248
 10
2595.6
 20
575.764617092752
 10
2606.4
 20
569.529234185504
 10
2617.2000000000003
 20
575.764617092752
  0
MTEXT
  5
1DF
330
17
100
AcDbEntity
  8
A-ANNO
 62
7
420
1318960
100
AcDbMText
 10
2597.6704639298528
 20
583.8706148721744
 30
0.0
 40
2.2447378466092647
 41
17.459072140294282
 71
2
  1
T05
  7
TITLE
  0
MTEXT
  5
1E0
330
17
100
AcDbEntity
  8
A-ANNO
 62
7
420
2106410
100
AcDbMText
 10
2595.799849057679
 20
577.6352319649264
 30
0.0
 40
1.4964918977395099
 41
21.200301884643057
 71
2
  1
Water / waste
  7
ANNO
  0
HATCH
  5
1E1
330
17
100
AcDbEntity
  8
A-HATCH
 62
7
420
16042914
100
AcDbHatch
 10
0.0
 20
0.0
 30
0.0
210
0.0
220
0.0
230
1.0
  2
SOLID
 70
1
 71
0
 91
1
 92
3
 72
0
 73
1
 93
6
 10
2628.0
 20
569.5292341855042
 10
2617.2
 20
575.7646170927521
 10
2606.3999999999996
 20
569.5292341855042
 10
2606.3999999999996
 20
557.0584683710082
 10
2617.2
 20
550.8230854637602
 10
2628.0
 20
557.0584683710082
 97
0
 75
1
 76
1
 98
0
  0
LWPOLYLINE
  5
1E2
330
17
100
AcDbEntity
  8
P-L
370
30
420
15240242
100
AcDbPolyline
 90
6
 70
1
 10
2628.0
 20
569.5292341855042
 10
2617.2
 20
575.7646170927521
 10
2606.3999999999996
 20
569.5292341855042
 10
2606.3999999999996
 20
557.0584683710082
 10
2617.2
 20
550.8230854637602
 10
2628.0
 20
557.0584683710082
  0
MTEXT
  5
1E3
330
17
100
AcDbEntity
  8
A-ANNO
 62
7
420
1318960
100
AcDbMText
 10
2608.4704639298525
 20
565.1644661504306
 30
0.0
 40
2.2447378466092647
 41
17.459072140294282
 71
2
  1
T06
  7
TITLE
  0
MTEXT
  5
1E4
330
17
100
AcDbEntity
  8
A-ANNO
 62
7
420
2106410
100
AcDbMText
 10
2606.5998490576785
 20
558.9290832431826
 30
0.0
 40
1.4964918977395099
 41
21.200301884643057
 71
2
  1
Comms
  7
ANNO
  0
HATCH
  5
1E5
330
17
100
AcDbEntity
  8
A-HATCH
 62
7
420
16042914
100
AcDbHatch
 10
0.0
 20
0.0
 30
0.0
210
0.0
220
0.0
230
1.0
  2
SOLID
 70
1
 71
0
 91
1
 92
3
 72
0
 73
1
 93
6
 10
2649.6000000000004
 20
569.5292341855042
 10
2638.8
 20
575.7646170927521
 10
2628.0
 20
569.5292341855042
 10
2628.0
 20
557.0584683710082
 10
2638.8
 20
550.8230854637602
 10
2649.6000000000004
 20
557.0584683710082
 97
0
 75
1
 76
1
 98
0
  0
LWPOLYLINE
  5
1E6
330
17
100
AcDbEntity
  8
P-L
370
30
420
15240242
100
AcDbPolyline
 90
6
 70
1
 10
2649.6000000000004
 20
569.5292341855042
 10
2638.8
 20
575.7646170927521
 10
2628.0
 20
569.5292341855042
 10
2628.0
 20
557.0584683710082
 10
2638.8
 20
550.8230854637602
 10
2649.6000000000004
 20
557.0584683710082
  0
MTEXT
  5
1E7
330
17
100
AcDbEntity
  8
A-ANNO
 62
7
420
1318960
100
AcDbMText
 10
2630.070463929853
 20
565.1644661504306
 30
0.0
 40
2.2447378466092647
 41
17.459072140294282
 71
2
  1
T07
  7
TITLE
  0
MTEXT
  5
1E8
330
17
100
AcDbEntity
  8
A-ANNO
 62
7
420
2106410
100
AcDbMText
 10
2628.199849057679
 20
558.9290832431826
 30
0.0
 40
1.4964918977395099
 41
21.200301884643057
 71
2
  1
ER / trauma
  7
ANNO
  0
HATCH
  5
1E9
330
17
100
AcDbEntity
  8
A-HATCH
 62
7
420
16042914
100
AcDbHatch
 10
0.0
 20
0.0
 30
0.0
210
0.0
220
0.0
230
1.0
  2
SOLID
 70
1
 71
0
 91
1
 92
3
 72
0
 73
1
 93
6
 10
2682.0
 20
588.235382907248
 10
2671.2
 20
594.470765814496
 10
2660.3999999999996
 20
588.235382907248
 10
2660.3999999999996
 20
575.764617092752
 10
2671.2
 20
569.529234185504
 10
2682.0
 20
575.764617092752
 97
0
 75
1
 76
1
 98
0
  0
LWPOLYLINE
  5
1EA
330
17
100
AcDbEntity
  8
P-L
370
30
420
15240242
100
AcDbPolyline
 90
6
 70
1
 10
2682.0
 20
588.235382907248
 10
2671.2
 20
594.470765814496
 10
2660.3999999999996
 20
588.235382907248
 10
2660.3999999999996
 20
575.764617092752
 10
2671.2
 20
569.529234185504
 10
2682.0
 20
575.764617092752
  0
MTEXT
  5
1EB
330
17
100
AcDbEntity
  8
A-ANNO
 62
7
420
1318960
100
AcDbMText
 10
2662.4704639298525
 20
583.8706148721744
 30
0.0
 40
2.2447378466092647
 41
17.459072140294282
 71
2
  1
T08
  7
TITLE
  0
MTEXT
  5
1EC
330
17
100
AcDbEntity
  8
A-ANNO
 62
7
420
2106410
100
AcDbMText
 10
2660.5998490576785
 20
577.6352319649264
 30
0.0
 40
1.4964918977395099
 41
21.200301884643057
 71
2
  1
Stores
  7
ANNO
  0
HATCH
  5
1ED
330
17
100
AcDbEntity
  8
A-HATCH
 62
7
420
15976152
100
AcDbHatch
 10
0.0
 20
0.0
 30
0.0
210
0.0
220
0.0
230
1.0
  2
SOLID
 70
1
 71
0
 91
1
 92
3
 72
0
 73
1
 93
6
 10
2452.4
 20
432.235382907248
 10
2441.6
 20
438.4707658144959
 10
2430.7999999999997
 20
432.235382907248
 10
2430.7999999999997
 20
419.764617092752
 10
2441.6
 20
413.5292341855041
 10
2452.4
 20
419.764617092752
 97
0
 75
1
 76
1
 98
0
  0
LWPOLYLINE
  5
1EE
330
17
100
AcDbEntity
  8
P-H
370
30
420
15106730
100
AcDbPolyline
 90
6
 70
1
 10
2452.4
 20
432.235382907248
 10
2441.6
 20
438.4707658144959
 10
2430.7999999999997
 20
432.235382907248
 10
2430.7999999999997
 20
419.764617092752
 10
2441.6
 20
413.5292341855041
 10
2452.4
 20
419.764617092752
  0
MTEXT
  5
1EF
330
17
100
AcDbEntity
  8
A-ANNO
 62
7
420
1318960
100
AcDbMText
 10
2432.8704639298526
 20
427.8706148721744
 30
0.0
 40
2.2447378466092647
 41
17.459072140294282
 71
2
  1
R01
  7
TITLE
  0
MTEXT
  5
1F0
330
17
100
AcDbEntity
  8
A-ANNO
 62
7
420
2106410
100
AcDbMText
 10
2430.9998490576786
 20
421.63523196492645
 30
0.0
 40
1.4964918977395099
 41
21.200301884643057
 71
2
  1
Gym
  7
ANNO
  0
HATCH
  5
1F1
330
17
100
AcDbEntity
  8
A-HATCH
 62
7
420
15976152
100
AcDbHatch
 10
0.0
 20
0.0
 30
0.0
210
0.0
220
0.0
230
1.0
  2
SOLID
 70
1
 71
0
 91
1
 92
3
 72
0
 73
1
 93
6
 10
2441.6000000000004
 20
450.94153162899187
 10
2430.8
 20
457.1769145362398
 10
2420.0
 20
450.94153162899187
 10
2420.0
 20
438.4707658144959
 10
2430.8
 20
432.235382907248
 10
2441.6000000000004
 20
438.4707658144959
 97
0
 75
1
 76
1
 98
0
  0
LWPOLYLINE
  5
1F2
330
17
100
AcDbEntity
  8
P-H
370
30
420
15106730
100
AcDbPolyline
 90
6
 70
1
 10
2441.6000000000004
 20
450.94153162899187
 10
2430.8
 20
457.1769145362398
 10
2420.0
 20
450.94153162899187
 10
2420.0
 20
438.4707658144959
 10
2430.8
 20
432.235382907248
 10
2441.6000000000004
 20
438.4707658144959
  0
MTEXT
  5
1F3
330
17
100
AcDbEntity
  8
A-ANNO
 62
7
420
1318960
100
AcDbMText
 10
2422.070463929853
 20
446.57676359391826
 30
0.0
 40
2.2447378466092647
 41
17.459072140294282
 71
2
  1
R02
  7
TITLE
  0
MTEXT
  5
1F4
330
17
100
AcDbEntity
  8
A-ANNO
 62
7
420
2106410
100
AcDbMText
 10
2420.199849057679
 20
440.34138068667033
 30
0.0
 40
1.4964918977395099
 41
21.200301884643057
 71
2
  1
Sauna + plunge
  7
ANNO
  0
HATCH
  5
1F5
330
17
100
AcDbEntity
  8
A-HATCH
 62
7
420
15976152
100
AcDbHatch
 10
0.0
 20
0.0
 30
0.0
210
0.0
220
0.0
230
1.0
  2
SOLID
 70
1
 71
0
 91
1
 92
3
 72
0
 73
1
 93
6
 10
2420.0
 20
450.94153162899187
 10
2409.2
 20
457.1769145362398
 10
2398.3999999999996
 20
450.94153162899187
 10
2398.3999999999996
 20
438.4707658144959
 10
2409.2
 20
432.235382907248
 10
2420.0
 20
438.4707658144959
 97
0
 75
1
 76
1
 98
0
  0
LWPOLYLINE
  5
1F6
330
17
100
AcDbEntity
  8
P-H
370
30
420
15106730
100
AcDbPolyline
 90
6
 70
1
 10
2420.0
 20
450.94153162899187
 10
2409.2
 20
457.1769145362398
 10
2398.3999999999996
 20
450.94153162899187
 10
2398.3999999999996
 20
438.4707658144959
 10
2409.2
 20
432.235382907248
 10
2420.0
 20
438.4707658144959
  0
MTEXT
  5
1F7
330
17
100
AcDbEntity
  8
A-ANNO
 62
7
420
1318960
100
AcDbMText
 10
2400.4704639298525
 20
446.57676359391826
 30
0.0
 40
2.2447378466092647
 41
17.459072140294282
 71
2
  1
R03
  7
TITLE
  0
MTEXT
  5
1F8
330
17
100
AcDbEntity
  8
A-ANNO
 62
7
420
2106410
100
AcDbMText
 10
2398.5998490576785
 20
440.34138068667033
 30
0.0
 40
1.4964918977395099
 41
21.200301884643057
 71
2
  1
Quiet / therapy
  7
ANNO
  0
HATCH
  5
1F9
330
17
100
AcDbEntity
  8
A-HATCH
 62
7
420
15976152
100
AcDbHatch
 10
0.0
 20
0.0
 30
0.0
210
0.0
220
0.0
230
1.0
  2
SOLID
 70
1
 71
0
 91
1
 92
3
 72
0
 73
1
 93
6
 10
2409.2000000000003
 20
432.235382907248
 10
2398.4
 20
438.4707658144959
 10
2387.6
 20
432.235382907248
 10
2387.6
 20
419.764617092752
 10
2398.4
 20
413.5292341855041
 10
2409.2000000000003
 20
419.764617092752
 97
0
 75
1
 76
1
 98
0
  0
LWPOLYLINE
  5
1FA
330
17
100
AcDbEntity
  8
P-H
370
30
420
15106730
100
AcDbPolyline
 90
6
 70
1
 10
2409.2000000000003
 20
432.235382907248
 10
2398.4
 20
438.4707658144959
 10
2387.6
 20
432.235382907248
 10
2387.6
 20
419.764617092752
 10
2398.4
 20
413.5292341855041
 10
2409.2000000000003
 20
419.764617092752
  0
MTEXT
  5
1FB
330
17
100
AcDbEntity
  8
A-ANNO
 62
7
420
1318960
100
AcDbMText
 10
2389.6704639298528
 20
427.8706148721744
 30
0.0
 40
2.2447378466092647
 41
17.459072140294282
 71
2
  1
R04
  7
TITLE
  0
MTEXT
  5
1FC
330
17
100
AcDbEntity
  8
A-ANNO
 62
7
420
2106410
100
AcDbMText
 10
2387.799849057679
 20
421.63523196492645
 30
0.0
 40
1.4964918977395099
 41
21.200301884643057
 71
2
  1
Suites
  7
ANNO
  0
HATCH
  5
1FD
330
17
100
AcDbEntity
  8
A-HATCH
 62
7
420
15976152
100
AcDbHatch
 10
0.0
 20
0.0
 30
0.0
210
0.0
220
0.0
230
1.0
  2
SOLID
 70
1
 71
0
 91
1
 92
3
 72
0
 73
1
 93
6
 10
2430.8
 20
432.235382907248
 10
2420.0
 20
438.4707658144959
 10
2409.2
 20
432.235382907248
 10
2409.2
 20
419.764617092752
 10
2420.0
 20
413.5292341855041
 10
2430.8
 20
419.764617092752
 97
0
 75
1
 76
1
 98
0
  0
LWPOLYLINE
  5
1FE
330
17
100
AcDbEntity
  8
P-H
370
30
420
15106730
100
AcDbPolyline
 90
6
 70
1
 10
2430.8
 20
432.235382907248
 10
2420.0
 20
438.4707658144959
 10
2409.2
 20
432.235382907248
 10
2409.2
 20
419.764617092752
 10
2420.0
 20
413.5292341855041
 10
2430.8
 20
419.764617092752
  0
MTEXT
  5
1FF
330
17
100
AcDbEntity
  8
A-ANNO
 62
7
420
1318960
100
AcDbMText
 10
2411.2704639298527
 20
427.8706148721744
 30
0.0
 40
2.2447378466092647
 41
17.459072140294282
 71
2
  1
R05
  7
TITLE
  0
MTEXT
  5
200
330
17
100
AcDbEntity
  8
A-ANNO
 62
7
420
2106410
100
AcDbMText
 10
2409.3998490576787
 20
421.63523196492645
 30
0.0
 40
1.4964918977395099
 41
21.200301884643057
 71
2
  1
Lounge
  7
ANNO
  0
HATCH
  5
201
330
17
100
AcDbEntity
  8
A-HATCH
 62
7
420
15976152
100
AcDbHatch
 10
0.0
 20
0.0
 30
0.0
210
0.0
220
0.0
230
1.0
  2
SOLID
 70
1
 71
0
 91
1
 92
3
 72
0
 73
1
 93
6
 10
2420.0
 20
413.5292341855041
 10
2409.2
 20
419.764617092752
 10
2398.3999999999996
 20
413.5292341855041
 10
2398.3999999999996
 20
401.05846837100813
 10
2409.2
 20
394.8230854637602
 10
2420.0
 20
401.05846837100813
 97
0
 75
1
 76
1
 98
0
  0
LWPOLYLINE
  5
202
330
17
100
AcDbEntity
  8
P-H
370
30
420
15106730
100
AcDbPolyline
 90
6
 70
1
 10
2420.0
 20
413.5292341855041
 10
2409.2
 20
419.764617092752
 10
2398.3999999999996
 20
413.5292341855041
 10
2398.3999999999996
 20
401.05846837100813
 10
2409.2
 20
394.8230854637602
 10
2420.0
 20
401.05846837100813
  0
MTEXT
  5
203
330
17
100
AcDbEntity
  8
A-ANNO
 62
7
420
1318960
100
AcDbMText
 10
2400.4704639298525
 20
409.1644661504305
 30
0.0
 40
2.2447378466092647
 41
17.459072140294282
 71
2
  1
R06
  7
TITLE
  0
MTEXT
  5
204
330
17
100
AcDbEntity
  8
A-ANNO
 62
7
420
2106410
100
AcDbMText
 10
2398.5998490576785
 20
402.92908324318256
 30
0.0
 40
1.4964918977395099
 41
21.200301884643057
 71
2
  1
Cabins A
  7
ANNO
  0
HATCH
  5
205
330
17
100
AcDbEntity
  8
A-HATCH
 62
7
420
15976152
100
AcDbHatch
 10
0.0
 20
0.0
 30
0.0
210
0.0
220
0.0
230
1.0
  2
SOLID
 70
1
 71
0
 91
1
 92
3
 72
0
 73
1
 93
6
 10
2441.6000000000004
 20
413.5292341855041
 10
2430.8
 20
419.764617092752
 10
2420.0
 20
413.5292341855041
 10
2420.0
 20
401.05846837100813
 10
2430.8
 20
394.8230854637602
 10
2441.6000000000004
 20
401.05846837100813
 97
0
 75
1
 76
1
 98
0
  0
LWPOLYLINE
  5
206
330
17
100
AcDbEntity
  8
P-H
370
30
420
15106730
100
AcDbPolyline
 90
6
 70
1
 10
2441.6000000000004
 20
413.5292341855041
 10
2430.8
 20
419.764617092752
 10
2420.0
 20
413.5292341855041
 10
2420.0
 20
401.05846837100813
 10
2430.8
 20
394.8230854637602
 10
2441.6000000000004
 20
401.05846837100813
  0
MTEXT
  5
207
330
17
100
AcDbEntity
  8
A-ANNO
 62
7
420
1318960
100
AcDbMText
 10
2422.070463929853
 20
409.1644661504305
 30
0.0
 40
2.2447378466092647
 41
17.459072140294282
 71
2
  1
R07
  7
TITLE
  0
MTEXT
  5
208
330
17
100
AcDbEntity
  8
A-ANNO
 62
7
420
2106410
100
AcDbMText
 10
2420.199849057679
 20
402.92908324318256
 30
0.0
 40
1.4964918977395099
 41
21.200301884643057
 71
2
  1
Cabins B
  7
ANNO
  0
HATCH
  5
209
330
17
100
AcDbEntity
  8
A-HATCH
 62
7
420
16177312
100
AcDbHatch
 10
0.0
 20
0.0
 30
0.0
210
0.0
220
0.0
230
1.0
  2
SOLID
 70
1
 71
0
 91
1
 92
3
 72
0
 73
1
 93
6
 10
2409.2000000000003
 20
394.8230854637602
 10
2398.4
 20
401.05846837100813
 10
2387.6
 20
394.8230854637602
 10
2387.6
 20
382.35231964926425
 10
2398.4
 20
376.1169367420163
 10
2409.2000000000003
 20
382.35231964926425
 97
0
 75
1
 76
1
 98
0
  0
LWPOLYLINE
  5
20A
330
17
100
AcDbEntity
  8
P-V
370
25
420
15444525
100
AcDbPolyline
 90
6
 70
1
 10
2409.2000000000003
 20
394.8230854637602
 10
2398.4
 20
401.05846837100813
 10
2387.6
 20
394.8230854637602
 10
2387.6
 20
382.35231964926425
 10
2398.4
 20
376.1169367420163
 10
2409.2000000000003
 20
382.35231964926425
  0
LWPOLYLINE
  5
20B
330
17
100
AcDbEntity
  8
P-V
370
13
420
15444525
100
AcDbPolyline
 90
6
 70
1
 10
2406.176
 20
393.07717824973076
 10
2398.4
 20
397.5666539429493
 10
2390.6240000000003
 20
393.07717824973076
 10
2390.6240000000003
 20
384.0982268632937
 10
2398.4
 20
379.60875117007515
 10
2406.176
 20
384.0982268632937
  0
MTEXT
  5
20C
330
17
100
AcDbEntity
  8
A-ANNO
 62
7
420
1318960
100
AcDbMText
 10
2389.6704639298528
 20
390.4583174286866
 30
0.0
 40
2.2447378466092647
 41
17.459072140294282
 71
2
  1
V02
  7
TITLE
  0
MTEXT
  5
20D
330
17
100
AcDbEntity
  8
A-ANNO
 62
7
420
2106410
100
AcDbMText
 10
2387.799849057679
 20
384.2229345214387
 30
0.0
 40
1.4964918977395099
 41
21.200301884643057
 71
2
  1
Aurora deck / solar
  7
ANNO
  0
HATCH
  5
20E
330
17
100
AcDbEntity
  8
A-HATCH
 62
7
420
14214315
100
AcDbHatch
 10
0.0
 20
0.0
 30
0.0
210
0.0
220
0.0
230
1.0
  2
SOLID
 70
1
 71
0
 91
1
 92
3
 72
0
 73
1
 93
6
 10
2660.4
 20
432.235382907248
 10
2649.6
 20
438.4707658144959
 10
2638.7999999999997
 20
432.235382907248
 10
2638.7999999999997
 20
419.764617092752
 10
2649.6
 20
413.5292341855041
 10
2660.4
 20
419.764617092752
 97
0
 75
1
 76
1
 98
0
  0
LWPOLYLINE
  5
20F
330
17
100
AcDbEntity
  8
P-E
370
30
420
11191110
100
AcDbPolyline
 90
6
 70
1
 10
2660.4
 20
432.235382907248
 10
2649.6
 20
438.4707658144959
 10
2638.7999999999997
 20
432.235382907248
 10
2638.7999999999997
 20
419.764617092752
 10
2649.6
 20
413.5292341855041
 10
2660.4
 20
419.764617092752
  0
MTEXT
  5
210
330
17
100
AcDbEntity
  8
A-ANNO
 62
7
420
1318960
100
AcDbMText
 10
2640.8704639298526
 20
427.8706148721744
 30
0.0
 40
2.2447378466092647
 41
17.459072140294282
 71
2
  1
E01
  7
TITLE
  0
MTEXT
  5
211
330
17
100
AcDbEntity
  8
A-ANNO
 62
7
420
2106410
100
AcDbMText
 10
2638.9998490576786
 20
421.63523196492645
 30
0.0
 40
1.4964918977395099
 41
21.200301884643057
 71
2
  1
Cold store
  7
ANNO
  0
HATCH
  5
212
330
17
100
AcDbEntity
  8
A-HATCH
 62
7
420
14214315
100
AcDbHatch
 10
0.0
 20
0.0
 30
0.0
210
0.0
220
0.0
230
1.0
  2
SOLID
 70
1
 71
0
 91
1
 92
3
 72
0
 73
1
 93
6
 10
2638.8
 20
432.235382907248
 10
2628.0
 20
438.4707658144959
 10
2617.2
 20
432.235382907248
 10
2617.2
 20
419.764617092752
 10
2628.0
 20
413.5292341855041
 10
2638.8
 20
419.764617092752
 97
0
 75
1
 76
1
 98
0
  0
LWPOLYLINE
  5
213
330
17
100
AcDbEntity
  8
P-E
370
30
420
11191110
100
AcDbPolyline
 90
6
 70
1
 10
2638.8
 20
432.235382907248
 10
2628.0
 20
438.4707658144959
 10
2617.2
 20
432.235382907248
 10
2617.2
 20
419.764617092752
 10
2628.0
 20
413.5292341855041
 10
2638.8
 20
419.764617092752
  0
MTEXT
  5
214
330
17
100
AcDbEntity
  8
A-ANNO
 62
7
420
1318960
100
AcDbMText
 10
2619.2704639298527
 20
427.8706148721744
 30
0.0
 40
2.2447378466092647
 41
17.459072140294282
 71
2
  1
E02
  7
TITLE
  0
MTEXT
  5
215
330
17
100
AcDbEntity
  8
A-ANNO
 62
7
420
2106410
100
AcDbMText
 10
2617.3998490576787
 20
421.63523196492645
 30
0.0
 40
1.4964918977395099
 41
21.200301884643057
 71
2
  1
Hydroponics
  7
ANNO
  0
HATCH
  5
216
330
17
100
AcDbEntity
  8
A-HATCH
 62
7
420
14214315
100
AcDbHatch
 10
0.0
 20
0.0
 30
0.0
210
0.0
220
0.0
230
1.0
  2
SOLID
 70
1
 71
0
 91
1
 92
3
 72
0
 73
1
 93
6
 10
2649.6000000000004
 20
450.94153162899187
 10
2638.8
 20
457.1769145362398
 10
2628.0
 20
450.94153162899187
 10
2628.0
 20
438.4707658144959
 10
2638.8
 20
432.235382907248
 10
2649.6000000000004
 20
438.4707658144959
 97
0
 75
1
 76
1
 98
0
  0
LWPOLYLINE
  5
217
330
17
100
AcDbEntity
  8
P-E
370
30
420
11191110
100
AcDbPolyline
 90
6
 70
1
 10
2649.6000000000004
 20
450.94153162899187
 10
2638.8
 20
457.1769145362398
 10
2628.0
 20
450.94153162899187
 10
2628.0
 20
438.4707658144959
 10
2638.8
 20
432.235382907248
 10
2649.6000000000004
 20
438.4707658144959
  0
MTEXT
  5
218
330
17
100
AcDbEntity
  8
A-ANNO
 62
7
420
1318960
100
AcDbMText
 10
2630.070463929853
 20
446.57676359391826
 30
0.0
 40
2.2447378466092647
 41
17.459072140294282
 71
2
  1
E03
  7
TITLE
  0
MTEXT
  5
219
330
17
100
AcDbEntity
  8
A-ANNO
 62
7
420
2106410
100
AcDbMText
 10
2628.199849057679
 20
440.34138068667033
 30
0.0
 40
1.4964918977395099
 41
21.200301884643057
 71
2
  1
Aquaponics
  7
ANNO
  0
HATCH
  5
21A
330
17
100
AcDbEntity
  8
A-HATCH
 62
7
420
14214315
100
AcDbHatch
 10
0.0
 20
0.0
 30
0.0
210
0.0
220
0.0
230
1.0
  2
SOLID
 70
1
 71
0
 91
1
 92
3
 72
0
 73
1
 93
6
 10
2628.0
 20
450.94153162899187
 10
2617.2
 20
457.1769145362398
 10
2606.3999999999996
 20
450.94153162899187
 10
2606.3999999999996
 20
438.4707658144959
 10
2617.2
 20
432.235382907248
 10
2628.0
 20
438.4707658144959
 97
0
 75
1
 76
1
 98
0
  0
LWPOLYLINE
  5
21B
330
17
100
AcDbEntity
  8
P-E
370
30
420
11191110
100
AcDbPolyline
 90
6
 70
1
 10
2628.0
 20
450.94153162899187
 10
2617.2
 20
457.1769145362398
 10
2606.3999999999996
 20
450.94153162899187
 10
2606.3999999999996
 20
438.4707658144959
 10
2617.2
 20
432.235382907248
 10
2628.0
 20
438.4707658144959
  0
MTEXT
  5
21C
330
17
100
AcDbEntity
  8
A-ANNO
 62
7
420
1318960
100
AcDbMText
 10
2608.4704639298525
 20
446.57676359391826
 30
0.0
 40
2.2447378466092647
 41
17.459072140294282
 71
2
  1
E04
  7
TITLE
  0
MTEXT
  5
21D
330
17
100
AcDbEntity
  8
A-ANNO
 62
7
420
2106410
100
AcDbMText
 10
2606.5998490576785
 20
440.34138068667033
 30
0.0
 40
1.4964918977395099
 41
21.200301884643057
 71
2
  1
Greenhouse
  7
ANNO
  0
HATCH
  5
21E
330
17
100
AcDbEntity
  8
A-HATCH
 62
7
420
16177312
100
AcDbHatch
 10
0.0
 20
0.0
 30
0.0
210
0.0
220
0.0
230
1.0
  2
SOLID
 70
1
 71
0
 91
1
 92
3
 72
0
 73
1
 93
6
 10
2617.2000000000003
 20
432.235382907248
 10
2606.4
 20
438.4707658144959
 10
2595.6
 20
432.235382907248
 10
2595.6
 20
419.764617092752
 10
2606.4
 20
413.5292341855041
 10
2617.2000000000003
 20
419.764617092752
 97
0
 75
1
 76
1
 98
0
  0
LWPOLYLINE
  5
21F
330
17
100
AcDbEntity
  8
P-V
370
25
420
15444525
100
AcDbPolyline
 90
6
 70
1
 10
2617.2000000000003
 20
432.235382907248
 10
2606.4
 20
438.4707658144959
 10
2595.6
 20
432.235382907248
 10
2595.6
 20
419.764617092752
 10
2606.4
 20
413.5292341855041
 10
2617.2000000000003
 20
419.764617092752
  0
LWPOLYLINE
  5
220
330
17
100
AcDbEntity
  8
P-V
370
13
420
15444525
100
AcDbPolyline
 90
6
 70
1
 10
2614.176
 20
430.48947569321854
 10
2606.4
 20
434.9789513864371
 10
2598.6240000000003
 20
430.48947569321854
 10
2598.6240000000003
 20
421.51052430678146
 10
2606.4
 20
417.0210486135629
 10
2614.176
 20
421.51052430678146
  0
MTEXT
  5
221
330
17
100
AcDbEntity
  8
A-ANNO
 62
7
420
1318960
100
AcDbMText
 10
2597.6704639298528
 20
427.8706148721744
 30
0.0
 40
2.2447378466092647
 41
17.459072140294282
 71
2
  1
V03
  7
TITLE
  0
MTEXT
  5
222
330
17
100
AcDbEntity
  8
A-ANNO
 62
7
420
2106410
100
AcDbMText
 10
2595.799849057679
 20
421.63523196492645
 30
0.0
 40
1.4964918977395099
 41
21.200301884643057
 71
2
  1
Light-well / store
  7
ANNO
  0
HATCH
  5
223
330
17
100
AcDbEntity
  8
A-HATCH
 62
7
420
13948632
100
AcDbHatch
 10
0.0
 20
0.0
 30
0.0
210
0.0
220
0.0
230
1.0
  2
SOLID
 70
1
 71
0
 91
1
 92
3
 72
0
 73
1
 93
6
 10
2534.8
 20
512.235382907248
 10
2524.0
 20
518.470765814496
 10
2513.2
 20
512.235382907248
 10
2513.2
 20
499.764617092752
 10
2524.0
 20
493.5292341855041
 10
2534.8
 20
499.764617092752
 97
0
 75
1
 76
1
 98
0
  0
LWPOLYLINE
  5
224
330
17
100
AcDbEntity
  8
P-C
370
30
420
10528170
100
AcDbPolyline
 90
6
 70
1
 10
2534.8
 20
512.235382907248
 10
2524.0
 20
518.470765814496
 10
2513.2
 20
512.235382907248
 10
2513.2
 20
499.764617092752
 10
2524.0
 20
493.5292341855041
 10
2534.8
 20
499.764617092752
  0
MTEXT
  5
225
330
17
100
AcDbEntity
  8
A-ANNO
 62
7
420
1318960
100
AcDbMText
 10
2515.2704639298527
 20
507.8706148721744
 30
0.0
 40
2.2447378466092647
 41
17.459072140294282
 71
2
  1
C01
  7
TITLE
  0
MTEXT
  5
226
330
17
100
AcDbEntity
  8
A-ANNO
 62
7
420
2106410
100
AcDbMText
 10
2513.3998490576787
 20
501.63523196492645
 30
0.0
 40
1.4964918977395099
 41
21.200301884643057
 71
2
  1
Dining / assembly
  7
ANNO
  0
HATCH
  5
227
330
17
100
AcDbEntity
  8
A-HATCH
 62
7
420
13948632
100
AcDbHatch
 10
0.0
 20
0.0
 30
0.0
210
0.0
220
0.0
230
1.0
  2
SOLID
 70
1
 71
0
 91
1
 92
3
 72
0
 73
1
 93
6
 10
2556.4
 20
512.235382907248
 10
2545.6
 20
518.470765814496
 10
2534.7999999999997
 20
512.235382907248
 10
2534.7999999999997
 20
499.764617092752
 10
2545.6
 20
493.5292341855041
 10
2556.4
 20
499.764617092752
 97
0
 75
1
 76
1
 98
0
  0
LWPOLYLINE
  5
228
330
17
100
AcDbEntity
  8
P-C
370
30
420
10528170
100
AcDbPolyline
 90
6
 70
1
 10
2556.4
 20
512.235382907248
 10
2545.6
 20
518.470765814496
 10
2534.7999999999997
 20
512.235382907248
 10
2534.7999999999997
 20
499.764617092752
 10
2545.6
 20
493.5292341855041
 10
2556.4
 20
499.764617092752
  0
MTEXT
  5
229
330
17
100
AcDbEntity
  8
A-ANNO
 62
7
420
1318960
100
AcDbMText
 10
2536.8704639298526
 20
507.8706148721744
 30
0.0
 40
2.2447378466092647
 41
17.459072140294282
 71
2
  1
C02
  7
TITLE
  0
MTEXT
  5
22A
330
17
100
AcDbEntity
  8
A-ANNO
 62
7
420
2106410
100
AcDbMText
 10
2534.9998490576786
 20
501.63523196492645
 30
0.0
 40
1.4964918977395099
 41
21.200301884643057
 71
2
  1
Sanctuary / time
  7
ANNO
  0
HATCH
  5
22B
330
17
100
AcDbEntity
  8
A-HATCH
 62
7
420
16177312
100
AcDbHatch
 10
0.0
 20
0.0
 30
0.0
210
0.0
220
0.0
230
1.0
  2
SOLID
 70
1
 71
0
 91
1
 92
3
 72
0
 73
1
 93
6
 10
2545.6000000000004
 20
493.227382907248
 10
2534.8
 20
499.4627658144959
 10
2524.0
 20
493.227382907248
 10
2524.0
 20
480.75661709275204
 10
2534.8
 20
474.5212341855041
 10
2545.6000000000004
 20
480.75661709275204
 97
0
 75
1
 76
1
 98
0
  0
LWPOLYLINE
  5
22C
330
17
100
AcDbEntity
  8
P-V
370
25
420
15444525
100
AcDbPolyline
 90
6
 70
1
 10
2545.6000000000004
 20
493.227382907248
 10
2534.8
 20
499.4627658144959
 10
2524.0
 20
493.227382907248
 10
2524.0
 20
480.75661709275204
 10
2534.8
 20
474.5212341855041
 10
2545.6000000000004
 20
480.75661709275204
  0
LWPOLYLINE
  5
22D
330
17
100
AcDbEntity
  8
P-V
370
13
420
15444525
100
AcDbPolyline
 90
6
 70
1
 10
2542.576
 20
491.48147569321856
 10
2534.8
 20
495.9709513864371
 10
2527.0240000000003
 20
491.48147569321856
 10
2527.0240000000003
 20
482.5025243067815
 10
2534.8
 20
478.01304861356294
 10
2542.576
 20
482.5025243067815
  0
MTEXT
  5
22E
330
17
100
AcDbEntity
  8
A-ANNO
 62
7
420
1318960
100
AcDbMText
 10
2526.070463929853
 20
488.8626148721744
 30
0.0
 40
2.2447378466092647
 41
17.459072140294282
 71
2
  1
V04
  7
TITLE
  0
MTEXT
  5
22F
330
17
100
AcDbEntity
  8
A-ANNO
 62
7
420
2106410
100
AcDbMText
 10
2524.199849057679
 20
482.62723196492647
 30
0.0
 40
1.4964918977395099
 41
21.200301884643057
 71
2
  1
Oculus / drone deck
  7
ANNO
  0
CIRCLE
  5
230
330
17
100
AcDbEntity
  8
A-ANNO
420
1318960
100
AcDbCircle
 10
2524.0
 20
470.0
 30
0.0
 40
4.5
  0
HATCH
  5
231
330
17
100
AcDbEntity
  8
A-HATCH
 62
7
420
1318960
100
AcDbHatch
 10
0.0
 20
0.0
 30
0.0
210
0.0
220
0.0
230
1.0
  2
SOLID
 70
1
 71
0
 91
1
 92
3
 72
0
 73
1
 93
8
 10
2526.598076211353
 20
471.5
 10
2524.0
 20
473.0
 10
2521.401923788647
 20
471.5
 10
2521.401923788647
 20
468.5
 10
2524.0
 20
467.0
 10
2526.598076211353
 20
468.5
 10
2526.598076211353
 20
471.5
 10
2524.0
 20
473.0
 97
0
 75
1
 76
1
 98
0
  0
MTEXT
  5
232
330
17
100
AcDbEntity
  8
A-ANNO
 62
7
420
1318960
100
AcDbMText
 10
2530.0
 20
468.0
 30
0.0
 40
2.0
 41
70.0
 71
1
  1
TERMINAL + ASCENT CORE
  7
ANNO
  0
CIRCLE
  5
233
330
17
100
AcDbEntity
  8
C-AIR
420
13776695
100
AcDbCircle
 10
2540.0
 20
650.0
 30
0.0
 40
7.0
  0
MTEXT
  5
234
330
17
100
AcDbEntity
  8
A-ANNO
 62
7
420
13776695
100
AcDbMText
 10
2536.0
 20
648.5
 30
0.0
 40
3.2
 41
12.0
 71
1
  1
H
  7
TITLE
  0
MTEXT
  5
235
330
17
100
AcDbEntity
  8
A-ANNO
 62
7
420
13776695
100
AcDbMText
 10
2549.0
 20
649.0
 30
0.0
 40
2.0
 41
50.0
 71
1
  1
SUMMIT HELIPAD
  7
ANNO
  0
LINE
  5
236
330
17
100
AcDbEntity
  8
C-AIR
370
13
420
13776695
100
AcDbLine
 10
2540.0
 20
650.0
 30
0.0
 11
2524.0
 21
506.0
 31
0.0
  0
HATCH
  5
237
330
17
100
AcDbEntity
  8
A-HATCH
 62
7
420
1318960
100
AcDbHatch
 10
0.0
 20
0.0
 30
0.0
210
0.0
220
0.0
230
1.0
  2
SOLID
 70
1
 71
0
 91
1
 92
3
 72
0
 73
1
 93
3
 10
2238.0
 20
808.0
 10
2234.64
 20
790.6
 10
2238.0
 20
794.8
 97
0
 75
1
 76
1
 98
0
  0
LWPOLYLINE
  5
238
330
17
100
AcDbEntity
  8
A-ANNO
370
20
420
1318960
100
AcDbPolyline
 90
4
 70
1
 10
2238.0
 20
808.0
 10
2234.64
 20
790.6
 10
2238.0
 20
794.8
 10
2241.36
 20
790.6
  0
MTEXT
  5
239
330
17
100
AcDbEntity
  8
A-ANNO
 62
7
420
1318960
100
AcDbMText
 10
2234.0
 20
810.0
 30
0.0
 40
3.0
 41
12.0
 71
2
  1
N
  7
TITLE
  0
LINE
  5
23A
330
17
100
AcDbEntity
  8
A-DIM
370
25
420
2106410
100
AcDbLine
 10
2234.0
 20
256.0
 30
0.0
 11
2274.0
 21
256.0
 31
0.0
  0
LINE
  5
23B
330
17
100
AcDbEntity
  8
A-DIM
370
25
420
2106410
100
AcDbLine
 10
2234.0
 20
254.5
 30
0.0
 11
2234.0
 21
257.5
 31
0.0
  0
LINE
  5
23C
330
17
100
AcDbEntity
  8
A-DIM
370
25
420
2106410
100
AcDbLine
 10
2274.0
 20
254.5
 30
0.0
 11
2274.0
 21
257.5
 31
0.0
  0
MTEXT
  5
23D
330
17
100
AcDbEntity
  8
A-ANNO
 62
7
420
2106410
100
AcDbMText
 10
2234.0
 20
259.0
 30
0.0
 40
1.8
 41
20.0
 71
1
  1
0
  7
ANNO
  0
MTEXT
  5
23E
330
17
100
AcDbEntity
  8
A-ANNO
 62
7
420
2106410
100
AcDbMText
 10
2264.0
 20
259.0
 30
0.0
 40
1.8
 41
30.0
 71
1
  1
20 m
  7
ANNO
  0
MTEXT
  5
23F
330
17
100
AcDbEntity
  8
A-ANNO
 62
7
420
5923436
100
AcDbMText
 10
2234.0
 20
250.0
 30
0.0
 40
1.8
 41
60.0
 71
1
  1
1:500   40 mm = 20 m
  7
ANNO
  0
HATCH
  5
240
330
17
100
AcDbEntity
  8
A-HATCH
 62
7
420
16580094
100
AcDbHatch
 10
0.0
 20
0.0
 30
0.0
210
0.0
220
0.0
230
1.0
  2
SOLID
 70
1
 71
0
 91
1
 92
3
 72
0
 73
1
 93
4
 10
2842.0
 20
246.0
 10
3086.0
 20
246.0
 10
3086.0
 20
838.0
 10
2842.0
 20
838.0
 97
0
 75
1
 76
1
 98
0
  0
LWPOLYLINE
  5
241
330
17
100
AcDbEntity
  8
A-SHEET
370
13
420
11844288
100
AcDbPolyline
 90
4
 70
1
 10
2842.0
 20
246.0
 10
3086.0
 20
246.0
 10
3086.0
 20
838.0
 10
2842.0
 20
838.0
  0
MTEXT
  5
242
330
17
100
AcDbEntity
  8
A-ANNO
 62
7
420
1318960
100
AcDbMText
 10
2845.0
 20
832.0
 30
0.0
 40
2.2
 41
238.0
 71
1
  1
POD REGISTER  ·  32 CELLS
  7
TITLE
  0
HATCH
  5
243
330
17
100
AcDbEntity
  8
A-HATCH
 62
7
420
1318960
100
AcDbHatch
 10
0.0
 20
0.0
 30
0.0
210
0.0
220
0.0
230
1.0
  2
SOLID
 70
1
 71
0
 91
1
 92
3
 72
0
 73
1
 93
4
 10
2850.0
 20
800.85
 10
3066.0
 20
800.85
 10
3066.0
 20
806.0
 10
2850.0
 20
806.0
 97
0
 75
1
 76
1
 98
0
  0
LWPOLYLINE
  5
244
330
17
100
AcDbEntity
  8
A-SHEET
370
9
420
11844288
100
AcDbPolyline
 90
4
 70
1
 10
2850.0
 20
800.85
 10
3066.0
 20
800.85
 10
3066.0
 20
806.0
 10
2850.0
 20
806.0
  0
MTEXT
  5
245
330
17
100
AcDbEntity
  8
A-TABLE
 62
7
420
16777215
100
AcDbMText
 10
2851.5
 20
802.25
 30
0.0
 40
1.7
 41
36.879999999999995
 71
1
  1
ID
  7
ANNO
  0
MTEXT
  5
246
330
17
100
AcDbEntity
  8
A-TABLE
 62
7
420
16777215
100
AcDbMText
 10
2890.38
 20
802.25
 30
0.0
 40
1.7
 41
45.52
 71
1
  1
GRP
  7
ANNO
  0
MTEXT
  5
247
330
17
100
AcDbEntity
  8
A-TABLE
 62
7
420
16777215
100
AcDbMText
 10
2937.9
 20
802.25
 30
0.0
 40
1.7
 41
127.6
 71
1
  1
PRIMARY USE
  7
ANNO
  0
HATCH
  5
248
330
17
100
AcDbEntity
  8
A-HATCH
 62
7
420
16777215
100
AcDbHatch
 10
0.0
 20
0.0
 30
0.0
210
0.0
220
0.0
230
1.0
  2
SOLID
 70
1
 71
0
 91
1
 92
3
 72
0
 73
1
 93
4
 10
2850.0
 20
795.7
 10
3066.0
 20
795.7
 10
3066.0
 20
800.85
 10
2850.0
 20
800.85
 97
0
 75
1
 76
1
 98
0
  0
LWPOLYLINE
  5
249
330
17
100
AcDbEntity
  8
A-SHEET
370
9
420
11844288
100
AcDbPolyline
 90
4
 70
1
 10
2850.0
 20
795.7
 10
3066.0
 20
795.7
 10
3066.0
 20
800.85
 10
2850.0
 20
800.85
  0
MTEXT
  5
24A
330
17
100
AcDbEntity
  8
A-TABLE
 62
7
420
2106410
100
AcDbMText
 10
2851.5
 20
797.1
 30
0.0
 40
1.7
 41
36.879999999999995
 71
1
  1
L01
  7
ANNO
  0
MTEXT
  5
24B
330
17
100
AcDbEntity
  8
A-TABLE
 62
7
420
2106410
100
AcDbMText
 10
2890.38
 20
797.1
 30
0.0
 40
1.7
 41
45.52
 71
1
  1
R
  7
ANNO
  0
MTEXT
  5
24C
330
17
100
AcDbEntity
  8
A-TABLE
 62
7
420
2106410
100
AcDbMText
 10
2937.9
 20
797.1
 30
0.0
 40
1.7
 41
127.6
 71
1
  1
Offices
  7
ANNO
  0
HATCH
  5
24D
330
17
100
AcDbEntity
  8
A-HATCH
 62
7
420
16116950
100
AcDbHatch
 10
0.0
 20
0.0
 30
0.0
210
0.0
220
0.0
230
1.0
  2
SOLID
 70
1
 71
0
 91
1
 92
3
 72
0
 73
1
 93
4
 10
2850.0
 20
790.5500000000001
 10
3066.0
 20
790.5500000000001
 10
3066.0
 20
795.7
 10
2850.0
 20
795.7
 97
0
 75
1
 76
1
 98
0
  0
LWPOLYLINE
  5
24E
330
17
100
AcDbEntity
  8
A-SHEET
370
9
420
11844288
100
AcDbPolyline
 90
4
 70
1
 10
2850.0
 20
790.5500000000001
 10
3066.0
 20
790.5500000000001
 10
3066.0
 20
795.7
 10
2850.0
 20
795.7
  0
MTEXT
  5
24F
330
17
100
AcDbEntity
  8
A-TABLE
 62
7
420
2106410
100
AcDbMText
 10
2851.5
 20
791.95
 30
0.0
 40
1.7
 41
36.879999999999995
 71
1
  1
L02
  7
ANNO
  0
MTEXT
  5
250
330
17
100
AcDbEntity
  8
A-TABLE
 62
7
420
2106410
100
AcDbMText
 10
2890.38
 20
791.95
 30
0.0
 40
1.7
 41
45.52
 71
1
  1
R
  7
ANNO
  0
MTEXT
  5
251
330
17
100
AcDbEntity
  8
A-TABLE
 62
7
420
2106410
100
AcDbMText
 10
2937.9
 20
791.95
 30
0.0
 40
1.7
 41
127.6
 71
1
  1
Observation
  7
ANNO
  0
HATCH
  5
252
330
17
100
AcDbEntity
  8
A-HATCH
 62
7
420
16777215
100
AcDbHatch
 10
0.0
 20
0.0
 30
0.0
210
0.0
220
0.0
230
1.0
  2
SOLID
 70
1
 71
0
 91
1
 92
3
 72
0
 73
1
 93
4
 10
2850.0
 20
785.4000000000001
 10
3066.0
 20
785.4000000000001
 10
3066.0
 20
790.5500000000001
 10
2850.0
 20
790.5500000000001
 97
0
 75
1
 76
1
 98
0
  0
LWPOLYLINE
  5
253
330
17
100
AcDbEntity
  8
A-SHEET
370
9
420
11844288
100
AcDbPolyline
 90
4
 70
1
 10
2850.0
 20
785.4000000000001
 10
3066.0
 20
785.4000000000001
 10
3066.0
 20
790.5500000000001
 10
2850.0
 20
790.5500000000001
  0
MTEXT
  5
254
330
17
100
AcDbEntity
  8
A-TABLE
 62
7
420
2106410
100
AcDbMText
 10
2851.5
 20
786.8000000000001
 30
0.0
 40
1.7
 41
36.879999999999995
 71
1
  1
L03
  7
ANNO
  0
MTEXT
  5
255
330
17
100
AcDbEntity
  8
A-TABLE
 62
7
420
2106410
100
AcDbMText
 10
2890.38
 20
786.8000000000001
 30
0.0
 40
1.7
 41
45.52
 71
1
  1
R
  7
ANNO
  0
MTEXT
  5
256
330
17
100
AcDbEntity
  8
A-TABLE
 62
7
420
2106410
100
AcDbMText
 10
2937.9
 20
786.8000000000001
 30
0.0
 40
1.7
 41
127.6
 71
1
  1
Dry lab
  7
ANNO
  0
HATCH
  5
257
330
17
100
AcDbEntity
  8
A-HATCH
 62
7
420
16116950
100
AcDbHatch
 10
0.0
 20
0.0
 30
0.0
210
0.0
220
0.0
230
1.0
  2
SOLID
 70
1
 71
0
 91
1
 92
3
 72
0
 73
1
 93
4
 10
2850.0
 20
780.2500000000001
 10
3066.0
 20
780.2500000000001
 10
3066.0
 20
785.4000000000001
 10
2850.0
 20
785.4000000000001
 97
0
 75
1
 76
1
 98
0
  0
LWPOLYLINE
  5
258
330
17
100
AcDbEntity
  8
A-SHEET
370
9
420
11844288
100
AcDbPolyline
 90
4
 70
1
 10
2850.0
 20
780.2500000000001
 10
3066.0
 20
780.2500000000001
 10
3066.0
 20
785.4000000000001
 10
2850.0
 20
785.4000000000001
  0
MTEXT
  5
259
330
17
100
AcDbEntity
  8
A-TABLE
 62
7
420
2106410
100
AcDbMText
 10
2851.5
 20
781.6500000000001
 30
0.0
 40
1.7
 41
36.879999999999995
 71
1
  1
L04
  7
ANNO
  0
MTEXT
  5
25A
330
17
100
AcDbEntity
  8
A-TABLE
 62
7
420
2106410
100
AcDbMText
 10
2890.38
 20
781.6500000000001
 30
0.0
 40
1.7
 41
45.52
 71
1
  1
R
  7
ANNO
  0
MTEXT
  5
25B
330
17
100
AcDbEntity
  8
A-TABLE
 62
7
420
2106410
100
AcDbMText
 10
2937.9
 20
781.6500000000001
 30
0.0
 40
1.7
 41
127.6
 71
1
  1
IT / server
  7
ANNO
  0
HATCH
  5
25C
330
17
100
AcDbEntity
  8
A-HATCH
 62
7
420
16777215
100
AcDbHatch
 10
0.0
 20
0.0
 30
0.0
210
0.0
220
0.0
230
1.0
  2
SOLID
 70
1
 71
0
 91
1
 92
3
 72
0
 73
1
 93
4
 10
2850.0
 20
775.1000000000001
 10
3066.0
 20
775.1000000000001
 10
3066.0
 20
780.2500000000001
 10
2850.0
 20
780.2500000000001
 97
0
 75
1
 76
1
 98
0
  0
LWPOLYLINE
  5
25D
330
17
100
AcDbEntity
  8
A-SHEET
370
9
420
11844288
100
AcDbPolyline
 90
4
 70
1
 10
2850.0
 20
775.1000000000001
 10
3066.0
 20
775.1000000000001
 10
3066.0
 20
780.2500000000001
 10
2850.0
 20
780.2500000000001
  0
MTEXT
  5
25E
330
17
100
AcDbEntity
  8
A-TABLE
 62
7
420
2106410
100
AcDbMText
 10
2851.5
 20
776.5000000000001
 30
0.0
 40
1.7
 41
36.879999999999995
 71
1
  1
L05
  7
ANNO
  0
MTEXT
  5
25F
330
17
100
AcDbEntity
  8
A-TABLE
 62
7
420
2106410
100
AcDbMText
 10
2890.38
 20
776.5000000000001
 30
0.0
 40
1.7
 41
45.52
 71
1
  1
R
  7
ANNO
  0
MTEXT
  5
260
330
17
100
AcDbEntity
  8
A-TABLE
 62
7
420
2106410
100
AcDbMText
 10
2937.9
 20
776.5000000000001
 30
0.0
 40
1.7
 41
127.6
 71
1
  1
Collaboration
  7
ANNO
  0
HATCH
  5
261
330
17
100
AcDbEntity
  8
A-HATCH
 62
7
420
16116950
100
AcDbHatch
 10
0.0
 20
0.0
 30
0.0
210
0.0
220
0.0
230
1.0
  2
SOLID
 70
1
 71
0
 91
1
 92
3
 72
0
 73
1
 93
4
 10
2850.0
 20
769.9500000000002
 10
3066.0
 20
769.9500000000002
 10
3066.0
 20
775.1000000000001
 10
2850.0
 20
775.1000000000001
 97
0
 75
1
 76
1
 98
0
  0
LWPOLYLINE
  5
262
330
17
100
AcDbEntity
  8
A-SHEET
370
9
420
11844288
100
AcDbPolyline
 90
4
 70
1
 10
2850.0
 20
769.9500000000002
 10
3066.0
 20
769.9500000000002
 10
3066.0
 20
775.1000000000001
 10
2850.0
 20
775.1000000000001
  0
MTEXT
  5
263
330
17
100
AcDbEntity
  8
A-TABLE
 62
7
420
2106410
100
AcDbMText
 10
2851.5
 20
771.3500000000001
 30
0.0
 40
1.7
 41
36.879999999999995
 71
1
  1
L06
  7
ANNO
  0
MTEXT
  5
264
330
17
100
AcDbEntity
  8
A-TABLE
 62
7
420
2106410
100
AcDbMText
 10
2890.38
 20
771.3500000000001
 30
0.0
 40
1.7
 41
45.52
 71
1
  1
R
  7
ANNO
  0
MTEXT
  5
265
330
17
100
AcDbEntity
  8
A-TABLE
 62
7
420
2106410
100
AcDbMText
 10
2937.9
 20
771.3500000000001
 30
0.0
 40
1.7
 41
127.6
 71
1
  1
Wet lab A
  7
ANNO
  0
HATCH
  5
266
330
17
100
AcDbEntity
  8
A-HATCH
 62
7
420
16777215
100
AcDbHatch
 10
0.0
 20
0.0
 30
0.0
210
0.0
220
0.0
230
1.0
  2
SOLID
 70
1
 71
0
 91
1
 92
3
 72
0
 73
1
 93
4
 10
2850.0
 20
764.8000000000002
 10
3066.0
 20
764.8000000000002
 10
3066.0
 20
769.9500000000002
 10
2850.0
 20
769.9500000000002
 97
0
 75
1
 76
1
 98
0
  0
LWPOLYLINE
  5
267
330
17
100
AcDbEntity
  8
A-SHEET
370
9
420
11844288
100
AcDbPolyline
 90
4
 70
1
 10
2850.0
 20
764.8000000000002
 10
3066.0
 20
764.8000000000002
 10
3066.0
 20
769.9500000000002
 10
2850.0
 20
769.9500000000002
  0
MTEXT
  5
268
330
17
100
AcDbEntity
  8
A-TABLE
 62
7
420
2106410
100
AcDbMText
 10
2851.5
 20
766.2000000000002
 30
0.0
 40
1.7
 41
36.879999999999995
 71
1
  1
L07
  7
ANNO
  0
MTEXT
  5
269
330
17
100
AcDbEntity
  8
A-TABLE
 62
7
420
2106410
100
AcDbMText
 10
2890.38
 20
766.2000000000002
 30
0.0
 40
1.7
 41
45.52
 71
1
  1
R
  7
ANNO
  0
MTEXT
  5
26A
330
17
100
AcDbEntity
  8
A-TABLE
 62
7
420
2106410
100
AcDbMText
 10
2937.9
 20
766.2000000000002
 30
0.0
 40
1.7
 41
127.6
 71
1
  1
Wet lab B
  7
ANNO
  0
HATCH
  5
26B
330
17
100
AcDbEntity
  8
A-HATCH
 62
7
420
16116950
100
AcDbHatch
 10
0.0
 20
0.0
 30
0.0
210
0.0
220
0.0
230
1.0
  2
SOLID
 70
1
 71
0
 91
1
 92
3
 72
0
 73
1
 93
4
 10
2850.0
 20
759.6500000000002
 10
3066.0
 20
759.6500000000002
 10
3066.0
 20
764.8000000000002
 10
2850.0
 20
764.8000000000002
 97
0
 75
1
 76
1
 98
0
  0
LWPOLYLINE
  5
26C
330
17
100
AcDbEntity
  8
A-SHEET
370
9
420
11844288
100
AcDbPolyline
 90
4
 70
1
 10
2850.0
 20
759.6500000000002
 10
3066.0
 20
759.6500000000002
 10
3066.0
 20
764.8000000000002
 10
2850.0
 20
764.8000000000002
  0
MTEXT
  5
26D
330
17
100
AcDbEntity
  8
A-TABLE
 62
7
420
2106410
100
AcDbMText
 10
2851.5
 20
761.0500000000002
 30
0.0
 40
1.7
 41
36.879999999999995
 71
1
  1
V01
  7
ANNO
  0
MTEXT
  5
26E
330
17
100
AcDbEntity
  8
A-TABLE
 62
7
420
2106410
100
AcDbMText
 10
2890.38
 20
761.0500000000002
 30
0.0
 40
1.7
 41
45.52
 71
1
  1
V
  7
ANNO
  0
MTEXT
  5
26F
330
17
100
AcDbEntity
  8
A-TABLE
 62
7
420
2106410
100
AcDbMText
 10
2937.9
 20
761.0500000000002
 30
0.0
 40
1.7
 41
127.6
 71
1
  1
Sky observatory / wind
  7
ANNO
  0
HATCH
  5
270
330
17
100
AcDbEntity
  8
A-HATCH
 62
7
420
16777215
100
AcDbHatch
 10
0.0
 20
0.0
 30
0.0
210
0.0
220
0.0
230
1.0
  2
SOLID
 70
1
 71
0
 91
1
 92
3
 72
0
 73
1
 93
4
 10
2850.0
 20
754.5000000000002
 10
3066.0
 20
754.5000000000002
 10
3066.0
 20
759.6500000000002
 10
2850.0
 20
759.6500000000002
 97
0
 75
1
 76
1
 98
0
  0
LWPOLYLINE
  5
271
330
17
100
AcDbEntity
  8
A-SHEET
370
9
420
11844288
100
AcDbPolyline
 90
4
 70
1
 10
2850.0
 20
754.5000000000002
 10
3066.0
 20
754.5000000000002
 10
3066.0
 20
759.6500000000002
 10
2850.0
 20
759.6500000000002
  0
MTEXT
  5
272
330
17
100
AcDbEntity
  8
A-TABLE
 62
7
420
2106410
100
AcDbMText
 10
2851.5
 20
755.9000000000002
 30
0.0
 40
1.7
 41
36.879999999999995
 71
1
  1
T01
  7
ANNO
  0
MTEXT
  5
273
330
17
100
AcDbEntity
  8
A-TABLE
 62
7
420
2106410
100
AcDbMText
 10
2890.38
 20
755.9000000000002
 30
0.0
 40
1.7
 41
45.52
 71
1
  1
L
  7
ANNO
  0
MTEXT
  5
274
330
17
100
AcDbEntity
  8
A-TABLE
 62
7
420
2106410
100
AcDbMText
 10
2937.9
 20
755.9000000000002
 30
0.0
 40
1.7
 41
127.6
 71
1
  1
Workshop
  7
ANNO
  0
HATCH
  5
275
330
17
100
AcDbEntity
  8
A-HATCH
 62
7
420
16116950
100
AcDbHatch
 10
0.0
 20
0.0
 30
0.0
210
0.0
220
0.0
230
1.0
  2
SOLID
 70
1
 71
0
 91
1
 92
3
 72
0
 73
1
 93
4
 10
2850.0
 20
749.3500000000003
 10
3066.0
 20
749.3500000000003
 10
3066.0
 20
754.5000000000002
 10
2850.0
 20
754.5000000000002
 97
0
 75
1
 76
1
 98
0
  0
LWPOLYLINE
  5
276
330
17
100
AcDbEntity
  8
A-SHEET
370
9
420
11844288
100
AcDbPolyline
 90
4
 70
1
 10
2850.0
 20
749.3500000000003
 10
3066.0
 20
749.3500000000003
 10
3066.0
 20
754.5000000000002
 10
2850.0
 20
754.5000000000002
  0
MTEXT
  5
277
330
17
100
AcDbEntity
  8
A-TABLE
 62
7
420
2106410
100
AcDbMText
 10
2851.5
 20
750.7500000000002
 30
0.0
 40
1.7
 41
36.879999999999995
 71
1
  1
T02
  7
ANNO
  0
MTEXT
  5
278
330
17
100
AcDbEntity
  8
A-TABLE
 62
7
420
2106410
100
AcDbMText
 10
2890.38
 20
750.7500000000002
 30
0.0
 40
1.7
 41
45.52
 71
1
  1
L
  7
ANNO
  0
MTEXT
  5
279
330
17
100
AcDbEntity
  8
A-TABLE
 62
7
420
2106410
100
AcDbMText
 10
2937.9
 20
750.7500000000002
 30
0.0
 40
1.7
 41
127.6
 71
1
  1
Isolation
  7
ANNO
  0
HATCH
  5
27A
330
17
100
AcDbEntity
  8
A-HATCH
 62
7
420
16777215
100
AcDbHatch
 10
0.0
 20
0.0
 30
0.0
210
0.0
220
0.0
230
1.0
  2
SOLID
 70
1
 71
0
 91
1
 92
3
 72
0
 73
1
 93
4
 10
2850.0
 20
744.2000000000003
 10
3066.0
 20
744.2000000000003
 10
3066.0
 20
749.3500000000003
 10
2850.0
 20
749.3500000000003
 97
0
 75
1
 76
1
 98
0
  0
LWPOLYLINE
  5
27B
330
17
100
AcDbEntity
  8
A-SHEET
370
9
420
11844288
100
AcDbPolyline
 90
4
 70
1
 10
2850.0
 20
744.2000000000003
 10
3066.0
 20
744.2000000000003
 10
3066.0
 20
749.3500000000003
 10
2850.0
 20
749.3500000000003
  0
MTEXT
  5
27C
330
17
100
AcDbEntity
  8
A-TABLE
 62
7
420
2106410
100
AcDbMText
 10
2851.5
 20
745.6000000000003
 30
0.0
 40
1.7
 41
36.879999999999995
 71
1
  1
T03
  7
ANNO
  0
MTEXT
  5
27D
330
17
100
AcDbEntity
  8
A-TABLE
 62
7
420
2106410
100
AcDbMText
 10
2890.38
 20
745.6000000000003
 30
0.0
 40
1.7
 41
45.52
 71
1
  1
L
  7
ANNO
  0
MTEXT
  5
27E
330
17
100
AcDbEntity
  8
A-TABLE
 62
7
420
2106410
100
AcDbMText
 10
2937.9
 20
745.6000000000003
 30
0.0
 40
1.7
 41
127.6
 71
1
  1
Infirmary
  7
ANNO
  0
HATCH
  5
27F
330
17
100
AcDbEntity
  8
A-HATCH
 62
7
420
16116950
100
AcDbHatch
 10
0.0
 20
0.0
 30
0.0
210
0.0
220
0.0
230
1.0
  2
SOLID
 70
1
 71
0
 91
1
 92
3
 72
0
 73
1
 93
4
 10
2850.0
 20
739.0500000000003
 10
3066.0
 20
739.0500000000003
 10
3066.0
 20
744.2000000000003
 10
2850.0
 20
744.2000000000003
 97
0
 75
1
 76
1
 98
0
  0
LWPOLYLINE
  5
280
330
17
100
AcDbEntity
  8
A-SHEET
370
9
420
11844288
100
AcDbPolyline
 90
4
 70
1
 10
2850.0
 20
739.0500000000003
 10
3066.0
 20
739.0500000000003
 10
3066.0
 20
744.2000000000003
 10
2850.0
 20
744.2000000000003
  0
MTEXT
  5
281
330
17
100
AcDbEntity
  8
A-TABLE
 62
7
420
2106410
100
AcDbMText
 10
2851.5
 20
740.4500000000003
 30
0.0
 40
1.7
 41
36.879999999999995
 71
1
  1
T04
  7
ANNO
  0
MTEXT
  5
282
330
17
100
AcDbEntity
  8
A-TABLE
 62
7
420
2106410
100
AcDbMText
 10
2890.38
 20
740.4500000000003
 30
0.0
 40
1.7
 41
45.52
 71
1
  1
L
  7
ANNO
  0
MTEXT
  5
283
330
17
100
AcDbEntity
  8
A-TABLE
 62
7
420
2106410
100
AcDbMText
 10
2937.9
 20
740.4500000000003
 30
0.0
 40
1.7
 41
127.6
 71
1
  1
Heat-pump
  7
ANNO
  0
HATCH
  5
284
330
17
100
AcDbEntity
  8
A-HATCH
 62
7
420
16777215
100
AcDbHatch
 10
0.0
 20
0.0
 30
0.0
210
0.0
220
0.0
230
1.0
  2
SOLID
 70
1
 71
0
 91
1
 92
3
 72
0
 73
1
 93
4
 10
2850.0
 20
733.9000000000003
 10
3066.0
 20
733.9000000000003
 10
3066.0
 20
739.0500000000003
 10
2850.0
 20
739.0500000000003
 97
0
 75
1
 76
1
 98
0
  0
LWPOLYLINE
  5
285
330
17
100
AcDbEntity
  8
A-SHEET
370
9
420
11844288
100
AcDbPolyline
 90
4
 70
1
 10
2850.0
 20
733.9000000000003
 10
3066.0
 20
733.9000000000003
 10
3066.0
 20
739.0500000000003
 10
2850.0
 20
739.0500000000003
  0
MTEXT
  5
286
330
17
100
AcDbEntity
  8
A-TABLE
 62
7
420
2106410
100
AcDbMText
 10
2851.5
 20
735.3000000000003
 30
0.0
 40
1.7
 41
36.879999999999995
 71
1
  1
T05
  7
ANNO
  0
MTEXT
  5
287
330
17
100
AcDbEntity
  8
A-TABLE
 62
7
420
2106410
100
AcDbMText
 10
2890.38
 20
735.3000000000003
 30
0.0
 40
1.7
 41
45.52
 71
1
  1
L
  7
ANNO
  0
MTEXT
  5
288
330
17
100
AcDbEntity
  8
A-TABLE
 62
7
420
2106410
100
AcDbMText
 10
2937.9
 20
735.3000000000003
 30
0.0
 40
1.7
 41
127.6
 71
1
  1
Water / waste
  7
ANNO
  0
HATCH
  5
289
330
17
100
AcDbEntity
  8
A-HATCH
 62
7
420
16116950
100
AcDbHatch
 10
0.0
 20
0.0
 30
0.0
210
0.0
220
0.0
230
1.0
  2
SOLID
 70
1
 71
0
 91
1
 92
3
 72
0
 73
1
 93
4
 10
2850.0
 20
728.7500000000003
 10
3066.0
 20
728.7500000000003
 10
3066.0
 20
733.9000000000003
 10
2850.0
 20
733.9000000000003
 97
0
 75
1
 76
1
 98
0
  0
LWPOLYLINE
  5
28A
330
17
100
AcDbEntity
  8
A-SHEET
370
9
420
11844288
100
AcDbPolyline
 90
4
 70
1
 10
2850.0
 20
728.7500000000003
 10
3066.0
 20
728.7500000000003
 10
3066.0
 20
733.9000000000003
 10
2850.0
 20
733.9000000000003
  0
MTEXT
  5
28B
330
17
100
AcDbEntity
  8
A-TABLE
 62
7
420
2106410
100
AcDbMText
 10
2851.5
 20
730.1500000000003
 30
0.0
 40
1.7
 41
36.879999999999995
 71
1
  1
T06
  7
ANNO
  0
MTEXT
  5
28C
330
17
100
AcDbEntity
  8
A-TABLE
 62
7
420
2106410
100
AcDbMText
 10
2890.38
 20
730.1500000000003
 30
0.0
 40
1.7
 41
45.52
 71
1
  1
L
  7
ANNO
  0
MTEXT
  5
28D
330
17
100
AcDbEntity
  8
A-TABLE
 62
7
420
2106410
100
AcDbMText
 10
2937.9
 20
730.1500000000003
 30
0.0
 40
1.7
 41
127.6
 71
1
  1
Comms
  7
ANNO
  0
HATCH
  5
28E
330
17
100
AcDbEntity
  8
A-HATCH
 62
7
420
16777215
100
AcDbHatch
 10
0.0
 20
0.0
 30
0.0
210
0.0
220
0.0
230
1.0
  2
SOLID
 70
1
 71
0
 91
1
 92
3
 72
0
 73
1
 93
4
 10
2850.0
 20
723.6000000000004
 10
3066.0
 20
723.6000000000004
 10
3066.0
 20
728.7500000000003
 10
2850.0
 20
728.7500000000003
 97
0
 75
1
 76
1
 98
0
  0
LWPOLYLINE
  5
28F
330
17
100
AcDbEntity
  8
A-SHEET
370
9
420
11844288
100
AcDbPolyline
 90
4
 70
1
 10
2850.0
 20
723.6000000000004
 10
3066.0
 20
723.6000000000004
 10
3066.0
 20
728.7500000000003
 10
2850.0
 20
728.7500000000003
  0
MTEXT
  5
290
330
17
100
AcDbEntity
  8
A-TABLE
 62
7
420
2106410
100
AcDbMText
 10
2851.5
 20
725.0000000000003
 30
0.0
 40
1.7
 41
36.879999999999995
 71
1
  1
T07
  7
ANNO
  0
MTEXT
  5
291
330
17
100
AcDbEntity
  8
A-TABLE
 62
7
420
2106410
100
AcDbMText
 10
2890.38
 20
725.0000000000003
 30
0.0
 40
1.7
 41
45.52
 71
1
  1
L
  7
ANNO
  0
MTEXT
  5
292
330
17
100
AcDbEntity
  8
A-TABLE
 62
7
420
2106410
100
AcDbMText
 10
2937.9
 20
725.0000000000003
 30
0.0
 40
1.7
 41
127.6
 71
1
  1
ER / trauma
  7
ANNO
  0
HATCH
  5
293
330
17
100
AcDbEntity
  8
A-HATCH
 62
7
420
16116950
100
AcDbHatch
 10
0.0
 20
0.0
 30
0.0
210
0.0
220
0.0
230
1.0
  2
SOLID
 70
1
 71
0
 91
1
 92
3
 72
0
 73
1
 93
4
 10
2850.0
 20
718.4500000000004
 10
3066.0
 20
718.4500000000004
 10
3066.0
 20
723.6000000000004
 10
2850.0
 20
723.6000000000004
 97
0
 75
1
 76
1
 98
0
  0
LWPOLYLINE
  5
294
330
17
100
AcDbEntity
  8
A-SHEET
370
9
420
11844288
100
AcDbPolyline
 90
4
 70
1
 10
2850.0
 20
718.4500000000004
 10
3066.0
 20
718.4500000000004
 10
3066.0
 20
723.6000000000004
 10
2850.0
 20
723.6000000000004
  0
MTEXT
  5
295
330
17
100
AcDbEntity
  8
A-TABLE
 62
7
420
2106410
100
AcDbMText
 10
2851.5
 20
719.8500000000004
 30
0.0
 40
1.7
 41
36.879999999999995
 71
1
  1
T08
  7
ANNO
  0
MTEXT
  5
296
330
17
100
AcDbEntity
  8
A-TABLE
 62
7
420
2106410
100
AcDbMText
 10
2890.38
 20
719.8500000000004
 30
0.0
 40
1.7
 41
45.52
 71
1
  1
L
  7
ANNO
  0
MTEXT
  5
297
330
17
100
AcDbEntity
  8
A-TABLE
 62
7
420
2106410
100
AcDbMText
 10
2937.9
 20
719.8500000000004
 30
0.0
 40
1.7
 41
127.6
 71
1
  1
Stores
  7
ANNO
  0
HATCH
  5
298
330
17
100
AcDbEntity
  8
A-HATCH
 62
7
420
16777215
100
AcDbHatch
 10
0.0
 20
0.0
 30
0.0
210
0.0
220
0.0
230
1.0
  2
SOLID
 70
1
 71
0
 91
1
 92
3
 72
0
 73
1
 93
4
 10
2850.0
 20
713.3000000000004
 10
3066.0
 20
713.3000000000004
 10
3066.0
 20
718.4500000000004
 10
2850.0
 20
718.4500000000004
 97
0
 75
1
 76
1
 98
0
  0
LWPOLYLINE
  5
299
330
17
100
AcDbEntity
  8
A-SHEET
370
9
420
11844288
100
AcDbPolyline
 90
4
 70
1
 10
2850.0
 20
713.3000000000004
 10
3066.0
 20
713.3000000000004
 10
3066.0
 20
718.4500000000004
 10
2850.0
 20
718.4500000000004
  0
MTEXT
  5
29A
330
17
100
AcDbEntity
  8
A-TABLE
 62
7
420
2106410
100
AcDbMText
 10
2851.5
 20
714.7000000000004
 30
0.0
 40
1.7
 41
36.879999999999995
 71
1
  1
R01
  7
ANNO
  0
MTEXT
  5
29B
330
17
100
AcDbEntity
  8
A-TABLE
 62
7
420
2106410
100
AcDbMText
 10
2890.38
 20
714.7000000000004
 30
0.0
 40
1.7
 41
45.52
 71
1
  1
H
  7
ANNO
  0
MTEXT
  5
29C
330
17
100
AcDbEntity
  8
A-TABLE
 62
7
420
2106410
100
AcDbMText
 10
2937.9
 20
714.7000000000004
 30
0.0
 40
1.7
 41
127.6
 71
1
  1
Gym
  7
ANNO
  0
HATCH
  5
29D
330
17
100
AcDbEntity
  8
A-HATCH
 62
7
420
16116950
100
AcDbHatch
 10
0.0
 20
0.0
 30
0.0
210
0.0
220
0.0
230
1.0
  2
SOLID
 70
1
 71
0
 91
1
 92
3
 72
0
 73
1
 93
4
 10
2850.0
 20
708.1500000000004
 10
3066.0
 20
708.1500000000004
 10
3066.0
 20
713.3000000000004
 10
2850.0
 20
713.3000000000004
 97
0
 75
1
 76
1
 98
0
  0
LWPOLYLINE
  5
29E
330
17
100
AcDbEntity
  8
A-SHEET
370
9
420
11844288
100
AcDbPolyline
 90
4
 70
1
 10
2850.0
 20
708.1500000000004
 10
3066.0
 20
708.1500000000004
 10
3066.0
 20
713.3000000000004
 10
2850.0
 20
713.3000000000004
  0
MTEXT
  5
29F
330
17
100
AcDbEntity
  8
A-TABLE
 62
7
420
2106410
100
AcDbMText
 10
2851.5
 20
709.5500000000004
 30
0.0
 40
1.7
 41
36.879999999999995
 71
1
  1
R02
  7
ANNO
  0
MTEXT
  5
2A0
330
17
100
AcDbEntity
  8
A-TABLE
 62
7
420
2106410
100
AcDbMText
 10
2890.38
 20
709.5500000000004
 30
0.0
 40
1.7
 41
45.52
 71
1
  1
H
  7
ANNO
  0
MTEXT
  5
2A1
330
17
100
AcDbEntity
  8
A-TABLE
 62
7
420
2106410
100
AcDbMText
 10
2937.9
 20
709.5500000000004
 30
0.0
 40
1.7
 41
127.6
 71
1
  1
Sauna + plunge
  7
ANNO
  0
HATCH
  5
2A2
330
17
100
AcDbEntity
  8
A-HATCH
 62
7
420
16777215
100
AcDbHatch
 10
0.0
 20
0.0
 30
0.0
210
0.0
220
0.0
230
1.0
  2
SOLID
 70
1
 71
0
 91
1
 92
3
 72
0
 73
1
 93
4
 10
2850.0
 20
703.0000000000005
 10
3066.0
 20
703.0000000000005
 10
3066.0
 20
708.1500000000004
 10
2850.0
 20
708.1500000000004
 97
0
 75
1
 76
1
 98
0
  0
LWPOLYLINE
  5
2A3
330
17
100
AcDbEntity
  8
A-SHEET
370
9
420
11844288
100
AcDbPolyline
 90
4
 70
1
 10
2850.0
 20
703.0000000000005
 10
3066.0
 20
703.0000000000005
 10
3066.0
 20
708.1500000000004
 10
2850.0
 20
708.1500000000004
  0
MTEXT
  5
2A4
330
17
100
AcDbEntity
  8
A-TABLE
 62
7
420
2106410
100
AcDbMText
 10
2851.5
 20
704.4000000000004
 30
0.0
 40
1.7
 41
36.879999999999995
 71
1
  1
R03
  7
ANNO
  0
MTEXT
  5
2A5
330
17
100
AcDbEntity
  8
A-TABLE
 62
7
420
2106410
100
AcDbMText
 10
2890.38
 20
704.4000000000004
 30
0.0
 40
1.7
 41
45.52
 71
1
  1
H
  7
ANNO
  0
MTEXT
  5
2A6
330
17
100
AcDbEntity
  8
A-TABLE
 62
7
420
2106410
100
AcDbMText
 10
2937.9
 20
704.4000000000004
 30
0.0
 40
1.7
 41
127.6
 71
1
  1
Quiet / therapy
  7
ANNO
  0
HATCH
  5
2A7
330
17
100
AcDbEntity
  8
A-HATCH
 62
7
420
16116950
100
AcDbHatch
 10
0.0
 20
0.0
 30
0.0
210
0.0
220
0.0
230
1.0
  2
SOLID
 70
1
 71
0
 91
1
 92
3
 72
0
 73
1
 93
4
 10
2850.0
 20
697.8500000000005
 10
3066.0
 20
697.8500000000005
 10
3066.0
 20
703.0000000000005
 10
2850.0
 20
703.0000000000005
 97
0
 75
1
 76
1
 98
0
  0
LWPOLYLINE
  5
2A8
330
17
100
AcDbEntity
  8
A-SHEET
370
9
420
11844288
100
AcDbPolyline
 90
4
 70
1
 10
2850.0
 20
697.8500000000005
 10
3066.0
 20
697.8500000000005
 10
3066.0
 20
703.0000000000005
 10
2850.0
 20
703.0000000000005
  0
MTEXT
  5
2A9
330
17
100
AcDbEntity
  8
A-TABLE
 62
7
420
2106410
100
AcDbMText
 10
2851.5
 20
699.2500000000005
 30
0.0
 40
1.7
 41
36.879999999999995
 71
1
  1
R04
  7
ANNO
  0
MTEXT
  5
2AA
330
17
100
AcDbEntity
  8
A-TABLE
 62
7
420
2106410
100
AcDbMText
 10
2890.38
 20
699.2500000000005
 30
0.0
 40
1.7
 41
45.52
 71
1
  1
H
  7
ANNO
  0
MTEXT
  5
2AB
330
17
100
AcDbEntity
  8
A-TABLE
 62
7
420
2106410
100
AcDbMText
 10
2937.9
 20
699.2500000000005
 30
0.0
 40
1.7
 41
127.6
 71
1
  1
Suites
  7
ANNO
  0
HATCH
  5
2AC
330
17
100
AcDbEntity
  8
A-HATCH
 62
7
420
16777215
100
AcDbHatch
 10
0.0
 20
0.0
 30
0.0
210
0.0
220
0.0
230
1.0
  2
SOLID
 70
1
 71
0
 91
1
 92
3
 72
0
 73
1
 93
4
 10
2850.0
 20
692.7000000000005
 10
3066.0
 20
692.7000000000005
 10
3066.0
 20
697.8500000000005
 10
2850.0
 20
697.8500000000005
 97
0
 75
1
 76
1
 98
0
  0
LWPOLYLINE
  5
2AD
330
17
100
AcDbEntity
  8
A-SHEET
370
9
420
11844288
100
AcDbPolyline
 90
4
 70
1
 10
2850.0
 20
692.7000000000005
 10
3066.0
 20
692.7000000000005
 10
3066.0
 20
697.8500000000005
 10
2850.0
 20
697.8500000000005
  0
MTEXT
  5
2AE
330
17
100
AcDbEntity
  8
A-TABLE
 62
7
420
2106410
100
AcDbMText
 10
2851.5
 20
694.1000000000005
 30
0.0
 40
1.7
 41
36.879999999999995
 71
1
  1
R05
  7
ANNO
  0
MTEXT
  5
2AF
330
17
100
AcDbEntity
  8
A-TABLE
 62
7
420
2106410
100
AcDbMText
 10
2890.38
 20
694.1000000000005
 30
0.0
 40
1.7
 41
45.52
 71
1
  1
H
  7
ANNO
  0
MTEXT
  5
2B0
330
17
100
AcDbEntity
  8
A-TABLE
 62
7
420
2106410
100
AcDbMText
 10
2937.9
 20
694.1000000000005
 30
0.0
 40
1.7
 41
127.6
 71
1
  1
Lounge
  7
ANNO
  0
HATCH
  5
2B1
330
17
100
AcDbEntity
  8
A-HATCH
 62
7
420
16116950
100
AcDbHatch
 10
0.0
 20
0.0
 30
0.0
210
0.0
220
0.0
230
1.0
  2
SOLID
 70
1
 71
0
 91
1
 92
3
 72
0
 73
1
 93
4
 10
2850.0
 20
687.5500000000005
 10
3066.0
 20
687.5500000000005
 10
3066.0
 20
692.7000000000005
 10
2850.0
 20
692.7000000000005
 97
0
 75
1
 76
1
 98
0
  0
LWPOLYLINE
  5
2B2
330
17
100
AcDbEntity
  8
A-SHEET
370
9
420
11844288
100
AcDbPolyline
 90
4
 70
1
 10
2850.0
 20
687.5500000000005
 10
3066.0
 20
687.5500000000005
 10
3066.0
 20
692.7000000000005
 10
2850.0
 20
692.7000000000005
  0
MTEXT
  5
2B3
330
17
100
AcDbEntity
  8
A-TABLE
 62
7
420
2106410
100
AcDbMText
 10
2851.5
 20
688.9500000000005
 30
0.0
 40
1.7
 41
36.879999999999995
 71
1
  1
R06
  7
ANNO
  0
MTEXT
  5
2B4
330
17
100
AcDbEntity
  8
A-TABLE
 62
7
420
2106410
100
AcDbMText
 10
2890.38
 20
688.9500000000005
 30
0.0
 40
1.7
 41
45.52
 71
1
  1
H
  7
ANNO
  0
MTEXT
  5
2B5
330
17
100
AcDbEntity
  8
A-TABLE
 62
7
420
2106410
100
AcDbMText
 10
2937.9
 20
688.9500000000005
 30
0.0
 40
1.7
 41
127.6
 71
1
  1
Cabins A
  7
ANNO
  0
HATCH
  5
2B6
330
17
100
AcDbEntity
  8
A-HATCH
 62
7
420
16777215
100
AcDbHatch
 10
0.0
 20
0.0
 30
0.0
210
0.0
220
0.0
230
1.0
  2
SOLID
 70
1
 71
0
 91
1
 92
3
 72
0
 73
1
 93
4
 10
2850.0
 20
682.4000000000005
 10
3066.0
 20
682.4000000000005
 10
3066.0
 20
687.5500000000005
 10
2850.0
 20
687.5500000000005
 97
0
 75
1
 76
1
 98
0
  0
LWPOLYLINE
  5
2B7
330
17
100
AcDbEntity
  8
A-SHEET
370
9
420
11844288
100
AcDbPolyline
 90
4
 70
1
 10
2850.0
 20
682.4000000000005
 10
3066.0
 20
682.4000000000005
 10
3066.0
 20
687.5500000000005
 10
2850.0
 20
687.5500000000005
  0
MTEXT
  5
2B8
330
17
100
AcDbEntity
  8
A-TABLE
 62
7
420
2106410
100
AcDbMText
 10
2851.5
 20
683.8000000000005
 30
0.0
 40
1.7
 41
36.879999999999995
 71
1
  1
R07
  7
ANNO
  0
MTEXT
  5
2B9
330
17
100
AcDbEntity
  8
A-TABLE
 62
7
420
2106410
100
AcDbMText
 10
2890.38
 20
683.8000000000005
 30
0.0
 40
1.7
 41
45.52
 71
1
  1
H
  7
ANNO
  0
MTEXT
  5
2BA
330
17
100
AcDbEntity
  8
A-TABLE
 62
7
420
2106410
100
AcDbMText
 10
2937.9
 20
683.8000000000005
 30
0.0
 40
1.7
 41
127.6
 71
1
  1
Cabins B
  7
ANNO
  0
HATCH
  5
2BB
330
17
100
AcDbEntity
  8
A-HATCH
 62
7
420
16116950
100
AcDbHatch
 10
0.0
 20
0.0
 30
0.0
210
0.0
220
0.0
230
1.0
  2
SOLID
 70
1
 71
0
 91
1
 92
3
 72
0
 73
1
 93
4
 10
2850.0
 20
677.2500000000006
 10
3066.0
 20
677.2500000000006
 10
3066.0
 20
682.4000000000005
 10
2850.0
 20
682.4000000000005
 97
0
 75
1
 76
1
 98
0
  0
LWPOLYLINE
  5
2BC
330
17
100
AcDbEntity
  8
A-SHEET
370
9
420
11844288
100
AcDbPolyline
 90
4
 70
1
 10
2850.0
 20
677.2500000000006
 10
3066.0
 20
677.2500000000006
 10
3066.0
 20
682.4000000000005
 10
2850.0
 20
682.4000000000005
  0
MTEXT
  5
2BD
330
17
100
AcDbEntity
  8
A-TABLE
 62
7
420
2106410
100
AcDbMText
 10
2851.5
 20
678.6500000000005
 30
0.0
 40
1.7
 41
36.879999999999995
 71
1
  1
V02
  7
ANNO
  0
MTEXT
  5
2BE
330
17
100
AcDbEntity
  8
A-TABLE
 62
7
420
2106410
100
AcDbMText
 10
2890.38
 20
678.6500000000005
 30
0.0
 40
1.7
 41
45.52
 71
1
  1
V
  7
ANNO
  0
MTEXT
  5
2BF
330
17
100
AcDbEntity
  8
A-TABLE
 62
7
420
2106410
100
AcDbMText
 10
2937.9
 20
678.6500000000005
 30
0.0
 40
1.7
 41
127.6
 71
1
  1
Aurora deck / solar
  7
ANNO
  0
HATCH
  5
2C0
330
17
100
AcDbEntity
  8
A-HATCH
 62
7
420
16777215
100
AcDbHatch
 10
0.0
 20
0.0
 30
0.0
210
0.0
220
0.0
230
1.0
  2
SOLID
 70
1
 71
0
 91
1
 92
3
 72
0
 73
1
 93
4
 10
2850.0
 20
672.1000000000006
 10
3066.0
 20
672.1000000000006
 10
3066.0
 20
677.2500000000006
 10
2850.0
 20
677.2500000000006
 97
0
 75
1
 76
1
 98
0
  0
LWPOLYLINE
  5
2C1
330
17
100
AcDbEntity
  8
A-SHEET
370
9
420
11844288
100
AcDbPolyline
 90
4
 70
1
 10
2850.0
 20
672.1000000000006
 10
3066.0
 20
672.1000000000006
 10
3066.0
 20
677.2500000000006
 10
2850.0
 20
677.2500000000006
  0
MTEXT
  5
2C2
330
17
100
AcDbEntity
  8
A-TABLE
 62
7
420
2106410
100
AcDbMText
 10
2851.5
 20
673.5000000000006
 30
0.0
 40
1.7
 41
36.879999999999995
 71
1
  1
E01
  7
ANNO
  0
MTEXT
  5
2C3
330
17
100
AcDbEntity
  8
A-TABLE
 62
7
420
2106410
100
AcDbMText
 10
2890.38
 20
673.5000000000006
 30
0.0
 40
1.7
 41
45.52
 71
1
  1
E
  7
ANNO
  0
MTEXT
  5
2C4
330
17
100
AcDbEntity
  8
A-TABLE
 62
7
420
2106410
100
AcDbMText
 10
2937.9
 20
673.5000000000006
 30
0.0
 40
1.7
 41
127.6
 71
1
  1
Cold store
  7
ANNO
  0
HATCH
  5
2C5
330
17
100
AcDbEntity
  8
A-HATCH
 62
7
420
16116950
100
AcDbHatch
 10
0.0
 20
0.0
 30
0.0
210
0.0
220
0.0
230
1.0
  2
SOLID
 70
1
 71
0
 91
1
 92
3
 72
0
 73
1
 93
4
 10
2850.0
 20
666.9500000000006
 10
3066.0
 20
666.9500000000006
 10
3066.0
 20
672.1000000000006
 10
2850.0
 20
672.1000000000006
 97
0
 75
1
 76
1
 98
0
  0
LWPOLYLINE
  5
2C6
330
17
100
AcDbEntity
  8
A-SHEET
370
9
420
11844288
100
AcDbPolyline
 90
4
 70
1
 10
2850.0
 20
666.9500000000006
 10
3066.0
 20
666.9500000000006
 10
3066.0
 20
672.1000000000006
 10
2850.0
 20
672.1000000000006
  0
MTEXT
  5
2C7
330
17
100
AcDbEntity
  8
A-TABLE
 62
7
420
2106410
100
AcDbMText
 10
2851.5
 20
668.3500000000006
 30
0.0
 40
1.7
 41
36.879999999999995
 71
1
  1
E02
  7
ANNO
  0
MTEXT
  5
2C8
330
17
100
AcDbEntity
  8
A-TABLE
 62
7
420
2106410
100
AcDbMText
 10
2890.38
 20
668.3500000000006
 30
0.0
 40
1.7
 41
45.52
 71
1
  1
E
  7
ANNO
  0
MTEXT
  5
2C9
330
17
100
AcDbEntity
  8
A-TABLE
 62
7
420
2106410
100
AcDbMText
 10
2937.9
 20
668.3500000000006
 30
0.0
 40
1.7
 41
127.6
 71
1
  1
Hydroponics
  7
ANNO
  0
HATCH
  5
2CA
330
17
100
AcDbEntity
  8
A-HATCH
 62
7
420
16777215
100
AcDbHatch
 10
0.0
 20
0.0
 30
0.0
210
0.0
220
0.0
230
1.0
  2
SOLID
 70
1
 71
0
 91
1
 92
3
 72
0
 73
1
 93
4
 10
2850.0
 20
661.8000000000006
 10
3066.0
 20
661.8000000000006
 10
3066.0
 20
666.9500000000006
 10
2850.0
 20
666.9500000000006
 97
0
 75
1
 76
1
 98
0
  0
LWPOLYLINE
  5
2CB
330
17
100
AcDbEntity
  8
A-SHEET
370
9
420
11844288
100
AcDbPolyline
 90
4
 70
1
 10
2850.0
 20
661.8000000000006
 10
3066.0
 20
661.8000000000006
 10
3066.0
 20
666.9500000000006
 10
2850.0
 20
666.9500000000006
  0
MTEXT
  5
2CC
330
17
100
AcDbEntity
  8
A-TABLE
 62
7
420
2106410
100
AcDbMText
 10
2851.5
 20
663.2000000000006
 30
0.0
 40
1.7
 41
36.879999999999995
 71
1
  1
E03
  7
ANNO
  0
MTEXT
  5
2CD
330
17
100
AcDbEntity
  8
A-TABLE
 62
7
420
2106410
100
AcDbMText
 10
2890.38
 20
663.2000000000006
 30
0.0
 40
1.7
 41
45.52
 71
1
  1
E
  7
ANNO
  0
MTEXT
  5
2CE
330
17
100
AcDbEntity
  8
A-TABLE
 62
7
420
2106410
100
AcDbMText
 10
2937.9
 20
663.2000000000006
 30
0.0
 40
1.7
 41
127.6
 71
1
  1
Aquaponics
  7
ANNO
  0
HATCH
  5
2CF
330
17
100
AcDbEntity
  8
A-HATCH
 62
7
420
16116950
100
AcDbHatch
 10
0.0
 20
0.0
 30
0.0
210
0.0
220
0.0
230
1.0
  2
SOLID
 70
1
 71
0
 91
1
 92
3
 72
0
 73
1
 93
4
 10
2850.0
 20
656.6500000000007
 10
3066.0
 20
656.6500000000007
 10
3066.0
 20
661.8000000000006
 10
2850.0
 20
661.8000000000006
 97
0
 75
1
 76
1
 98
0
  0
LWPOLYLINE
  5
2D0
330
17
100
AcDbEntity
  8
A-SHEET
370
9
420
11844288
100
AcDbPolyline
 90
4
 70
1
 10
2850.0
 20
656.6500000000007
 10
3066.0
 20
656.6500000000007
 10
3066.0
 20
661.8000000000006
 10
2850.0
 20
661.8000000000006
  0
MTEXT
  5
2D1
330
17
100
AcDbEntity
  8
A-TABLE
 62
7
420
2106410
100
AcDbMText
 10
2851.5
 20
658.0500000000006
 30
0.0
 40
1.7
 41
36.879999999999995
 71
1
  1
E04
  7
ANNO
  0
MTEXT
  5
2D2
330
17
100
AcDbEntity
  8
A-TABLE
 62
7
420
2106410
100
AcDbMText
 10
2890.38
 20
658.0500000000006
 30
0.0
 40
1.7
 41
45.52
 71
1
  1
E
  7
ANNO
  0
MTEXT
  5
2D3
330
17
100
AcDbEntity
  8
A-TABLE
 62
7
420
2106410
100
AcDbMText
 10
2937.9
 20
658.0500000000006
 30
0.0
 40
1.7
 41
127.6
 71
1
  1
Greenhouse
  7
ANNO
  0
HATCH
  5
2D4
330
17
100
AcDbEntity
  8
A-HATCH
 62
7
420
16777215
100
AcDbHatch
 10
0.0
 20
0.0
 30
0.0
210
0.0
220
0.0
230
1.0
  2
SOLID
 70
1
 71
0
 91
1
 92
3
 72
0
 73
1
 93
4
 10
2850.0
 20
651.5000000000007
 10
3066.0
 20
651.5000000000007
 10
3066.0
 20
656.6500000000007
 10
2850.0
 20
656.6500000000007
 97
0
 75
1
 76
1
 98
0
  0
LWPOLYLINE
  5
2D5
330
17
100
AcDbEntity
  8
A-SHEET
370
9
420
11844288
100
AcDbPolyline
 90
4
 70
1
 10
2850.0
 20
651.5000000000007
 10
3066.0
 20
651.5000000000007
 10
3066.0
 20
656.6500000000007
 10
2850.0
 20
656.6500000000007
  0
MTEXT
  5
2D6
330
17
100
AcDbEntity
  8
A-TABLE
 62
7
420
2106410
100
AcDbMText
 10
2851.5
 20
652.9000000000007
 30
0.0
 40
1.7
 41
36.879999999999995
 71
1
  1
V03
  7
ANNO
  0
MTEXT
  5
2D7
330
17
100
AcDbEntity
  8
A-TABLE
 62
7
420
2106410
100
AcDbMText
 10
2890.38
 20
652.9000000000007
 30
0.0
 40
1.7
 41
45.52
 71
1
  1
V
  7
ANNO
  0
MTEXT
  5
2D8
330
17
100
AcDbEntity
  8
A-TABLE
 62
7
420
2106410
100
AcDbMText
 10
2937.9
 20
652.9000000000007
 30
0.0
 40
1.7
 41
127.6
 71
1
  1
Light-well / store
  7
ANNO
  0
HATCH
  5
2D9
330
17
100
AcDbEntity
  8
A-HATCH
 62
7
420
16116950
100
AcDbHatch
 10
0.0
 20
0.0
 30
0.0
210
0.0
220
0.0
230
1.0
  2
SOLID
 70
1
 71
0
 91
1
 92
3
 72
0
 73
1
 93
4
 10
2850.0
 20
646.3500000000007
 10
3066.0
 20
646.3500000000007
 10
3066.0
 20
651.5000000000007
 10
2850.0
 20
651.5000000000007
 97
0
 75
1
 76
1
 98
0
  0
LWPOLYLINE
  5
2DA
330
17
100
AcDbEntity
  8
A-SHEET
370
9
420
11844288
100
AcDbPolyline
 90
4
 70
1
 10
2850.0
 20
646.3500000000007
 10
3066.0
 20
646.3500000000007
 10
3066.0
 20
651.5000000000007
 10
2850.0
 20
651.5000000000007
  0
MTEXT
  5
2DB
330
17
100
AcDbEntity
  8
A-TABLE
 62
7
420
2106410
100
AcDbMText
 10
2851.5
 20
647.7500000000007
 30
0.0
 40
1.7
 41
36.879999999999995
 71
1
  1
C01
  7
ANNO
  0
MTEXT
  5
2DC
330
17
100
AcDbEntity
  8
A-TABLE
 62
7
420
2106410
100
AcDbMText
 10
2890.38
 20
647.7500000000007
 30
0.0
 40
1.7
 41
45.52
 71
1
  1
C
  7
ANNO
  0
MTEXT
  5
2DD
330
17
100
AcDbEntity
  8
A-TABLE
 62
7
420
2106410
100
AcDbMText
 10
2937.9
 20
647.7500000000007
 30
0.0
 40
1.7
 41
127.6
 71
1
  1
Dining / assembly
  7
ANNO
  0
HATCH
  5
2DE
330
17
100
AcDbEntity
  8
A-HATCH
 62
7
420
16777215
100
AcDbHatch
 10
0.0
 20
0.0
 30
0.0
210
0.0
220
0.0
230
1.0
  2
SOLID
 70
1
 71
0
 91
1
 92
3
 72
0
 73
1
 93
4
 10
2850.0
 20
641.2000000000007
 10
3066.0
 20
641.2000000000007
 10
3066.0
 20
646.3500000000007
 10
2850.0
 20
646.3500000000007
 97
0
 75
1
 76
1
 98
0
  0
LWPOLYLINE
  5
2DF
330
17
100
AcDbEntity
  8
A-SHEET
370
9
420
11844288
100
AcDbPolyline
 90
4
 70
1
 10
2850.0
 20
641.2000000000007
 10
3066.0
 20
641.2000000000007
 10
3066.0
 20
646.3500000000007
 10
2850.0
 20
646.3500000000007
  0
MTEXT
  5
2E0
330
17
100
AcDbEntity
  8
A-TABLE
 62
7
420
2106410
100
AcDbMText
 10
2851.5
 20
642.6000000000007
 30
0.0
 40
1.7
 41
36.879999999999995
 71
1
  1
C02
  7
ANNO
  0
MTEXT
  5
2E1
330
17
100
AcDbEntity
  8
A-TABLE
 62
7
420
2106410
100
AcDbMText
 10
2890.38
 20
642.6000000000007
 30
0.0
 40
1.7
 41
45.52
 71
1
  1
C
  7
ANNO
  0
MTEXT
  5
2E2
330
17
100
AcDbEntity
  8
A-TABLE
 62
7
420
2106410
100
AcDbMText
 10
2937.9
 20
642.6000000000007
 30
0.0
 40
1.7
 41
127.6
 71
1
  1
Sanctuary / time
  7
ANNO
  0
HATCH
  5
2E3
330
17
100
AcDbEntity
  8
A-HATCH
 62
7
420
16116950
100
AcDbHatch
 10
0.0
 20
0.0
 30
0.0
210
0.0
220
0.0
230
1.0
  2
SOLID
 70
1
 71
0
 91
1
 92
3
 72
0
 73
1
 93
4
 10
2850.0
 20
636.0500000000008
 10
3066.0
 20
636.0500000000008
 10
3066.0
 20
641.2000000000007
 10
2850.0
 20
641.2000000000007
 97
0
 75
1
 76
1
 98
0
  0
LWPOLYLINE
  5
2E4
330
17
100
AcDbEntity
  8
A-SHEET
370
9
420
11844288
100
AcDbPolyline
 90
4
 70
1
 10
2850.0
 20
636.0500000000008
 10
3066.0
 20
636.0500000000008
 10
3066.0
 20
641.2000000000007
 10
2850.0
 20
641.2000000000007
  0
MTEXT
  5
2E5
330
17
100
AcDbEntity
  8
A-TABLE
 62
7
420
2106410
100
AcDbMText
 10
2851.5
 20
637.4500000000007
 30
0.0
 40
1.7
 41
36.879999999999995
 71
1
  1
V04
  7
ANNO
  0
MTEXT
  5
2E6
330
17
100
AcDbEntity
  8
A-TABLE
 62
7
420
2106410
100
AcDbMText
 10
2890.38
 20
637.4500000000007
 30
0.0
 40
1.7
 41
45.52
 71
1
  1
V
  7
ANNO
  0
MTEXT
  5
2E7
330
17
100
AcDbEntity
  8
A-TABLE
 62
7
420
2106410
100
AcDbMText
 10
2937.9
 20
637.4500000000007
 30
0.0
 40
1.7
 41
127.6
 71
1
  1
Oculus / drone deck
  7
ANNO
  0
HATCH
  5
2E8
330
17
100
AcDbEntity
  8
A-HATCH
 62
7
420
16580094
100
AcDbHatch
 10
0.0
 20
0.0
 30
0.0
210
0.0
220
0.0
230
1.0
  2
SOLID
 70
1
 71
0
 91
1
 92
3
 72
0
 73
1
 93
4
 10
2214.0
 20
44.0
 10
3086.0
 20
44.0
 10
3086.0
 20
238.0
 10
2214.0
 20
238.0
 97
0
 75
1
 76
1
 98
0
  0
LWPOLYLINE
  5
2E9
330
17
100
AcDbEntity
  8
A-SHEET
370
13
420
11844288
100
AcDbPolyline
 90
4
 70
1
 10
2214.0
 20
44.0
 10
3086.0
 20
44.0
 10
3086.0
 20
238.0
 10
2214.0
 20
238.0
  0
MTEXT
  5
2EA
330
17
100
AcDbEntity
  8
A-ANNO
 62
7
420
1318960
100
AcDbMText
 10
2217.0
 20
232.0
 30
0.0
 40
2.2
 41
866.0
 71
1
  1
PROGRAMME  ·  120 INHABITANTS  ·  ROUTES
  7
TITLE
  0
HATCH
  5
2EB
330
17
100
AcDbEntity
  8
A-HATCH
 62
7
420
1318960
100
AcDbHatch
 10
0.0
 20
0.0
 30
0.0
210
0.0
220
0.0
230
1.0
  2
SOLID
 70
1
 71
0
 91
1
 92
3
 72
0
 73
1
 93
4
 10
2224.0
 20
215.0
 10
2644.0
 20
215.0
 10
2644.0
 20
221.0
 10
2224.0
 20
221.0
 97
0
 75
1
 76
1
 98
0
  0
LWPOLYLINE
  5
2EC
330
17
100
AcDbEntity
  8
A-SHEET
370
9
420
11844288
100
AcDbPolyline
 90
4
 70
1
 10
2224.0
 20
215.0
 10
2644.0
 20
215.0
 10
2644.0
 20
221.0
 10
2224.0
 20
221.0
  0
MTEXT
  5
2ED
330
17
100
AcDbEntity
  8
A-TABLE
 62
7
420
16777215
100
AcDbMText
 10
2225.5
 20
216.4
 30
0.0
 40
1.7
 41
73.6
 71
1
  1
CLUSTER
  7
ANNO
  0
MTEXT
  5
2EE
330
17
100
AcDbEntity
  8
A-TABLE
 62
7
420
16777215
100
AcDbMText
 10
2301.1
 20
216.4
 30
0.0
 40
1.7
 41
90.4
 71
1
  1
CELLS
  7
ANNO
  0
MTEXT
  5
2EF
330
17
100
AcDbEntity
  8
A-TABLE
 62
7
420
16777215
100
AcDbMText
 10
2393.5
 20
216.4
 30
0.0
 40
1.7
 41
250.0
 71
1
  1
ROLE
  7
ANNO
  0
HATCH
  5
2F0
330
17
100
AcDbEntity
  8
A-HATCH
 62
7
420
16777215
100
AcDbHatch
 10
0.0
 20
0.0
 30
0.0
210
0.0
220
0.0
230
1.0
  2
SOLID
 70
1
 71
0
 91
1
 92
3
 72
0
 73
1
 93
4
 10
2224.0
 20
209.0
 10
2644.0
 20
209.0
 10
2644.0
 20
215.0
 10
2224.0
 20
215.0
 97
0
 75
1
 76
1
 98
0
  0
LWPOLYLINE
  5
2F1
330
17
100
AcDbEntity
  8
A-SHEET
370
9
420
11844288
100
AcDbPolyline
 90
4
 70
1
 10
2224.0
 20
209.0
 10
2644.0
 20
209.0
 10
2644.0
 20
215.0
 10
2224.0
 20
215.0
  0
MTEXT
  5
2F2
330
17
100
AcDbEntity
  8
A-TABLE
 62
7
420
2106410
100
AcDbMText
 10
2225.5
 20
210.4
 30
0.0
 40
1.7
 41
73.6
 71
1
  1
Research (blue)
  7
ANNO
  0
MTEXT
  5
2F3
330
17
100
AcDbEntity
  8
A-TABLE
 62
7
420
2106410
100
AcDbMText
 10
2301.1
 20
210.4
 30
0.0
 40
1.7
 41
90.4
 71
1
  1
L01–L07 + V01
  7
ANNO
  0
MTEXT
  5
2F4
330
17
100
AcDbEntity
  8
A-TABLE
 62
7
420
2106410
100
AcDbMText
 10
2393.5
 20
210.4
 30
0.0
 40
1.7
 41
250.0
 71
1
  1
labs, observation, data
  7
ANNO
  0
HATCH
  5
2F5
330
17
100
AcDbEntity
  8
A-HATCH
 62
7
420
16116950
100
AcDbHatch
 10
0.0
 20
0.0
 30
0.0
210
0.0
220
0.0
230
1.0
  2
SOLID
 70
1
 71
0
 91
1
 92
3
 72
0
 73
1
 93
4
 10
2224.0
 20
203.0
 10
2644.0
 20
203.0
 10
2644.0
 20
209.0
 10
2224.0
 20
209.0
 97
0
 75
1
 76
1
 98
0
  0
LWPOLYLINE
  5
2F6
330
17
100
AcDbEntity
  8
A-SHEET
370
9
420
11844288
100
AcDbPolyline
 90
4
 70
1
 10
2224.0
 20
203.0
 10
2644.0
 20
203.0
 10
2644.0
 20
209.0
 10
2224.0
 20
209.0
  0
MTEXT
  5
2F7
330
17
100
AcDbEntity
  8
A-TABLE
 62
7
420
2106410
100
AcDbMText
 10
2225.5
 20
204.4
 30
0.0
 40
1.7
 41
73.6
 71
1
  1
Logistics (orange)
  7
ANNO
  0
MTEXT
  5
2F8
330
17
100
AcDbEntity
  8
A-TABLE
 62
7
420
2106410
100
AcDbMText
 10
2301.1
 20
204.4
 30
0.0
 40
1.7
 41
90.4
 71
1
  1
T01–T08
  7
ANNO
  0
MTEXT
  5
2F9
330
17
100
AcDbEntity
  8
A-TABLE
 62
7
420
2106410
100
AcDbMText
 10
2393.5
 20
204.4
 30
0.0
 40
1.7
 41
250.0
 71
1
  1
ER, plant, workshop, water
  7
ANNO
  0
HATCH
  5
2FA
330
17
100
AcDbEntity
  8
A-HATCH
 62
7
420
16777215
100
AcDbHatch
 10
0.0
 20
0.0
 30
0.0
210
0.0
220
0.0
230
1.0
  2
SOLID
 70
1
 71
0
 91
1
 92
3
 72
0
 73
1
 93
4
 10
2224.0
 20
197.0
 10
2644.0
 20
197.0
 10
2644.0
 20
203.0
 10
2224.0
 20
203.0
 97
0
 75
1
 76
1
 98
0
  0
LWPOLYLINE
  5
2FB
330
17
100
AcDbEntity
  8
A-SHEET
370
9
420
11844288
100
AcDbPolyline
 90
4
 70
1
 10
2224.0
 20
197.0
 10
2644.0
 20
197.0
 10
2644.0
 20
203.0
 10
2224.0
 20
203.0
  0
MTEXT
  5
2FC
330
17
100
AcDbEntity
  8
A-TABLE
 62
7
420
2106410
100
AcDbMText
 10
2225.5
 20
198.4
 30
0.0
 40
1.7
 41
73.6
 71
1
  1
Habitat (pink)
  7
ANNO
  0
MTEXT
  5
2FD
330
17
100
AcDbEntity
  8
A-TABLE
 62
7
420
2106410
100
AcDbMText
 10
2301.1
 20
198.4
 30
0.0
 40
1.7
 41
90.4
 71
1
  1
R01–R07 + V02
  7
ANNO
  0
MTEXT
  5
2FE
330
17
100
AcDbEntity
  8
A-TABLE
 62
7
420
2106410
100
AcDbMText
 10
2393.5
 20
198.4
 30
0.0
 40
1.7
 41
250.0
 71
1
  1
sleep, wellness, lounge
  7
ANNO
  0
HATCH
  5
2FF
330
17
100
AcDbEntity
  8
A-HATCH
 62
7
420
16116950
100
AcDbHatch
 10
0.0
 20
0.0
 30
0.0
210
0.0
220
0.0
230
1.0
  2
SOLID
 70
1
 71
0
 91
1
 92
3
 72
0
 73
1
 93
4
 10
2224.0
 20
191.0
 10
2644.0
 20
191.0
 10
2644.0
 20
197.0
 10
2224.0
 20
197.0
 97
0
 75
1
 76
1
 98
0
  0
LWPOLYLINE
  5
300
330
17
100
AcDbEntity
  8
A-SHEET
370
9
420
11844288
100
AcDbPolyline
 90
4
 70
1
 10
2224.0
 20
191.0
 10
2644.0
 20
191.0
 10
2644.0
 20
197.0
 10
2224.0
 20
197.0
  0
MTEXT
  5
301
330
17
100
AcDbEntity
  8
A-TABLE
 62
7
420
2106410
100
AcDbMText
 10
2225.5
 20
192.4
 30
0.0
 40
1.7
 41
73.6
 71
1
  1
Eco (green)
  7
ANNO
  0
MTEXT
  5
302
330
17
100
AcDbEntity
  8
A-TABLE
 62
7
420
2106410
100
AcDbMText
 10
2301.1
 20
192.4
 30
0.0
 40
1.7
 41
90.4
 71
1
  1
E01–E04 + V03
  7
ANNO
  0
MTEXT
  5
303
330
17
100
AcDbEntity
  8
A-TABLE
 62
7
420
2106410
100
AcDbMText
 10
2393.5
 20
192.4
 30
0.0
 40
1.7
 41
250.0
 71
1
  1
food, light-well
  7
ANNO
  0
HATCH
  5
304
330
17
100
AcDbEntity
  8
A-HATCH
 62
7
420
16777215
100
AcDbHatch
 10
0.0
 20
0.0
 30
0.0
210
0.0
220
0.0
230
1.0
  2
SOLID
 70
1
 71
0
 91
1
 92
3
 72
0
 73
1
 93
4
 10
2224.0
 20
185.0
 10
2644.0
 20
185.0
 10
2644.0
 20
191.0
 10
2224.0
 20
191.0
 97
0
 75
1
 76
1
 98
0
  0
LWPOLYLINE
  5
305
330
17
100
AcDbEntity
  8
A-SHEET
370
9
420
11844288
100
AcDbPolyline
 90
4
 70
1
 10
2224.0
 20
185.0
 10
2644.0
 20
185.0
 10
2644.0
 20
191.0
 10
2224.0
 20
191.0
  0
MTEXT
  5
306
330
17
100
AcDbEntity
  8
A-TABLE
 62
7
420
2106410
100
AcDbMText
 10
2225.5
 20
186.4
 30
0.0
 40
1.7
 41
73.6
 71
1
  1
Civic (grey)
  7
ANNO
  0
MTEXT
  5
307
330
17
100
AcDbEntity
  8
A-TABLE
 62
7
420
2106410
100
AcDbMText
 10
2301.1
 20
186.4
 30
0.0
 40
1.7
 41
90.4
 71
1
  1
C01–C02 + V04
  7
ANNO
  0
MTEXT
  5
308
330
17
100
AcDbEntity
  8
A-TABLE
 62
7
420
2106410
100
AcDbMText
 10
2393.5
 20
186.4
 30
0.0
 40
1.7
 41
250.0
 71
1
  1
assembly, sanctuary, oculus
  7
ANNO
  0
MTEXT
  5
309
330
17
100
AcDbEntity
  8
A-ANNO
 62
7
420
2106410
100
AcDbMText
 10
2664.0
 20
186.0
 30
0.0
 40
2.05
 41
400.0
 71
1
  3
COLOUR is orientation in white-out and polar night.\PGrey spokes = enclosed bridges to Civic Heart.\PRed ring = second way out between clusters.\PEach cluster has a vertical core (lift + stair).\P\POCCUPANCY TEST  120 residents. Sleeping is in Habita
  1
t\P(R04 suites + R06/R07 cabins). Board 5 fits 8 berths\Pin one cabin pod. If 10 berths/pod × 12 pods is required,\PHabitat must grow or population must drop — see table.\PDo not hide this. It is a design finding.
  7
ANNO
  0
LWPOLYLINE
  5
30A
330
17
100
AcDbEntity
  8
A-SHEET
370
70
420
1318960
100
AcDbPolyline
 90
4
 70
1
 10
3300.0
 20
0.0
 10
4200.0
 20
0.0
 10
4200.0
 20
900.0
 10
3300.0
 20
900.0
  0
LWPOLYLINE
  5
30B
330
17
100
AcDbEntity
  8
A-SHEET
370
25
420
1318960
100
AcDbPolyline
 90
4
 70
1
 10
3304.0
 20
4.0
 10
4196.0
 20
4.0
 10
4196.0
 20
896.0
 10
3304.0
 20
896.0
  0
HATCH
  5
30C
330
17
100
AcDbEntity
  8
A-HATCH
 62
7
420
1318960
100
AcDbHatch
 10
0.0
 20
0.0
 30
0.0
210
0.0
220
0.0
230
1.0
  2
SOLID
 70
1
 71
0
 91
1
 92
3
 72
0
 73
1
 93
4
 10
3304.0
 20
850.0
 10
4196.0
 20
850.0
 10
4196.0
 20
896.0
 10
3304.0
 20
896.0
 97
0
 75
1
 76
1
 98
0
  0
LWPOLYLINE
  5
30D
330
17
100
AcDbEntity
  8
A-TITL
100
AcDbPolyline
 90
4
 70
1
 10
3304.0
 20
850.0
 10
4196.0
 20
850.0
 10
4196.0
 20
896.0
 10
3304.0
 20
896.0
  0
MTEXT
  5
30E
330
17
100
AcDbEntity
  8
A-TITL
 62
7
420
16777215
100
AcDbMText
 10
3314.0
 20
882.0
 30
0.0
 40
4.2
 41
200.0
 71
1
  1
THE ARCTIC LENS
  7
TITLE
  0
MTEXT
  5
30F
330
17
100
AcDbEntity
  8
A-TITL
 62
7
420
16777215
100
AcDbMText
 10
3314.0
 20
868.0
 30
0.0
 40
6.2
 41
620.0
 71
1
  1
TAVOLA 4/7  ·  SUSPENSION & ASSEMBLY
  7
TITLE
  0
MTEXT
  5
310
330
17
100
AcDbEntity
  8
A-TITL
 62
7
420
13161180
100
AcDbMText
 10
3314.0
 20
856.0
 30
0.0
 40
2.4
 41
700.0
 71
1
  1
how the field is held, connected and removed  ·  preliminary sizes
  7
ANNO
  0
MTEXT
  5
311
330
17
100
AcDbEntity
  8
A-TITL
 62
7
420
13161180
100
AcDbMText
 10
4040.0
 20
880.0
 30
0.0
 40
2.4
 41
140.0
 71
1
  1
900 × 900 mm
  7
ANNO
  0
HATCH
  5
312
330
17
100
AcDbEntity
  8
A-HATCH
 62
7
420
1318960
100
AcDbHatch
 10
0.0
 20
0.0
 30
0.0
210
0.0
220
0.0
230
1.0
  2
SOLID
 70
1
 71
0
 91
1
 92
3
 72
0
 73
1
 93
4
 10
3304.0
 20
4.0
 10
4196.0
 20
4.0
 10
4196.0
 20
28.0
 10
3304.0
 20
28.0
 97
0
 75
1
 76
1
 98
0
  0
LWPOLYLINE
  5
313
330
17
100
AcDbEntity
  8
A-TITL
100
AcDbPolyline
 90
4
 70
1
 10
3304.0
 20
4.0
 10
4196.0
 20
4.0
 10
4196.0
 20
28.0
 10
3304.0
 20
28.0
  0
MTEXT
  5
314
330
17
100
AcDbEntity
  8
A-TITL
 62
7
420
16777215
100
AcDbMText
 10
3314.0
 20
12.0
 30
0.0
 40
2.2
 41
420.0
 71
1
  1
UNIUD  ·  DPIA  ·  Master’s Degree in Architecture
  7
ANNO
  0
MTEXT
  5
315
330
17
100
AcDbEntity
  8
A-TITL
 62
7
420
16777215
100
AcDbMText
 10
3730.0
 20
12.0
 30
0.0
 40
2.2
 41
360.0
 71
1
  1
Munkhtemuulen Tumenbayar  ·  A.Y. 2025/26  ·  Lofoten  68.22°N 13.56°E
  7
ANNO
  0
MTEXT
  5
316
330
17
100
AcDbEntity
  8
A-TITL
 62
7
420
16777215
100
AcDbMText
 10
4070.0
 20
12.0
 30
0.0
 40
2.2
 41
120.0
 71
1
  1
1:100  ·  1:50  ·  1:20
  7
ANNO
  0
HATCH
  5
317
330
17
100
AcDbEntity
  8
A-HATCH
 62
7
420
16580094
100
AcDbHatch
 10
0.0
 20
0.0
 30
0.0
210
0.0
220
0.0
230
1.0
  2
SOLID
 70
1
 71
0
 91
1
 92
3
 72
0
 73
1
 93
4
 10
3314.0
 20
546.0
 10
3594.0
 20
546.0
 10
3594.0
 20
838.0
 10
3314.0
 20
838.0
 97
0
 75
1
 76
1
 98
0
  0
LWPOLYLINE
  5
318
330
17
100
AcDbEntity
  8
A-SHEET
370
13
420
11844288
100
AcDbPolyline
 90
4
 70
1
 10
3314.0
 20
546.0
 10
3594.0
 20
546.0
 10
3594.0
 20
838.0
 10
3314.0
 20
838.0
  0
MTEXT
  5
319
330
17
100
AcDbEntity
  8
A-ANNO
 62
7
420
1318960
100
AcDbMText
 10
3317.0
 20
832.0
 30
0.0
 40
2.2
 41
274.0
 71
1
  1
CANONICAL CELL  ·  1:100
  7
TITLE
  0
LWPOLYLINE
  5
31A
330
17
100
AcDbEntity
  8
A-WALL
370
40
420
1318960
100
AcDbPolyline
 90
6
 70
1
 10
3508.0
 20
707.1769145362398
 10
3454.0
 20
738.3538290724796
 10
3400.0
 20
707.1769145362398
 10
3400.0
 20
644.8230854637602
 10
3454.0
 20
613.6461709275204
 10
3508.0
 20
644.8230854637602
  0
LINE
  5
31B
330
17
100
AcDbEntity
  8
A-DIM
370
18
420
4624850
100
AcDbLine
 10
3404.0
 20
656.0
 30
0.0
 11
3504.0
 21
656.0
 31
0.0
  0
LINE
  5
31C
330
17
100
AcDbEntity
  8
A-DIM
370
18
420
11191110
100
AcDbLine
 10
3400.0
 20
691.0
 30
0.0
 11
3508.0
 21
691.0
 31
0.0
  0
LINE
  5
31D
330
17
100
AcDbEntity
  8
A-DIM
370
18
420
15106730
100
AcDbLine
 10
3414.0
 20
724.0
 30
0.0
 11
3494.0
 21
724.0
 31
0.0
  0
MTEXT
  5
31E
330
17
100
AcDbEntity
  8
A-ANNO
 62
7
420
4624850
100
AcDbMText
 10
3512.0
 20
654.0
 30
0.0
 40
1.8
 41
40.0
 71
1
  1
Lv 0  MEP
  7
ANNO
  0
MTEXT
  5
31F
330
17
100
AcDbEntity
  8
A-ANNO
 62
7
420
11191110
100
AcDbMText
 10
3512.0
 20
689.0
 30
0.0
 40
1.8
 41
45.0
 71
1
  1
+3.50  deck
  7
ANNO
  0
MTEXT
  5
320
330
17
100
AcDbEntity
  8
A-ANNO
 62
7
420
15106730
100
AcDbMText
 10
3500.0
 20
722.0
 30
0.0
 40
1.8
 41
45.0
 71
1
  1
+7.00  sleep
  7
ANNO
  0
MTEXT
  5
321
330
17
100
AcDbEntity
  8
A-ANNO
 62
7
420
2106410
100
AcDbMText
 10
3384.0
 20
606.0
 30
0.0
 40
1.8
 41
70.0
 71
1
  1
edge 4.2 m\Phex face ~ 10.29 m\Pnominal 12 m\PØ portal 3.60 m\P\PNOT 24 m tall.\PA 4.2 m-edge cell\Pis ~ 10.3 m between\Popposite hex faces.
  7
ANNO
  0
LINE
  5
322
330
17
100
AcDbEntity
  8
A-DIM
370
25
420
2106410
100
AcDbLine
 10
3404.0
 20
588.0
 30
0.0
 11
3454.0
 21
588.0
 31
0.0
  0
LINE
  5
323
330
17
100
AcDbEntity
  8
A-DIM
370
25
420
2106410
100
AcDbLine
 10
3404.0
 20
586.5
 30
0.0
 11
3404.0
 21
589.5
 31
0.0
  0
LINE
  5
324
330
17
100
AcDbEntity
  8
A-DIM
370
25
420
2106410
100
AcDbLine
 10
3454.0
 20
586.5
 30
0.0
 11
3454.0
 21
589.5
 31
0.0
  0
MTEXT
  5
325
330
17
100
AcDbEntity
  8
A-ANNO
 62
7
420
2106410
100
AcDbMText
 10
3404.0
 20
591.0
 30
0.0
 40
1.8
 41
20.0
 71
1
  1
0
  7
ANNO
  0
MTEXT
  5
326
330
17
100
AcDbEntity
  8
A-ANNO
 62
7
420
2106410
100
AcDbMText
 10
3444.0
 20
591.0
 30
0.0
 40
1.8
 41
30.0
 71
1
  1
5 m
  7
ANNO
  0
MTEXT
  5
327
330
17
100
AcDbEntity
  8
A-ANNO
 62
7
420
5923436
100
AcDbMText
 10
3404.0
 20
582.0
 30
0.0
 40
1.8
 41
60.0
 71
1
  1
1:100
  7
ANNO
  0
HATCH
  5
328
330
17
100
AcDbEntity
  8
A-HATCH
 62
7
420
16580094
100
AcDbHatch
 10
0.0
 20
0.0
 30
0.0
210
0.0
220
0.0
230
1.0
  2
SOLID
 70
1
 71
0
 91
1
 92
3
 72
0
 73
1
 93
4
 10
3602.0
 20
546.0
 10
3902.0
 20
546.0
 10
3902.0
 20
838.0
 10
3602.0
 20
838.0
 97
0
 75
1
 76
1
 98
0
  0
LWPOLYLINE
  5
329
330
17
100
AcDbEntity
  8
A-SHEET
370
13
420
11844288
100
AcDbPolyline
 90
4
 70
1
 10
3602.0
 20
546.0
 10
3902.0
 20
546.0
 10
3902.0
 20
838.0
 10
3602.0
 20
838.0
  0
MTEXT
  5
32A
330
17
100
AcDbEntity
  8
A-ANNO
 62
7
420
1318960
100
AcDbMText
 10
3605.0
 20
832.0
 30
0.0
 40
2.2
 41
294.0
 71
1
  1
TENSION NET  ·  schematic
  7
TITLE
  0
LINE
  5
32B
330
17
100
AcDbEntity
  8
S-CABLE
370
20
420
2106410
100
AcDbLine
 10
3842.0
 20
696.0
 30
0.0
 11
3707.34299785646
 21
774.1393125101051
 31
0.0
  0
LINE
  5
32C
330
17
100
AcDbEntity
  8
S-CABLE
370
20
420
2106410
100
AcDbLine
 10
3797.0
 20
773.9422863405995
 30
0.0
 11
3662.000869260228
 21
696.395557941891
 31
0.0
  0
LINE
  5
32D
330
17
100
AcDbEntity
  8
S-CABLE
370
20
420
2106410
100
AcDbLine
 10
3707.0
 20
773.9422863405995
 30
0.0
 11
3706.657871403768
 21
618.2562454317858
 31
0.0
  0
LINE
  5
32E
330
17
100
AcDbEntity
  8
S-CABLE
370
20
420
2106410
100
AcDbLine
 10
3662.0
 20
696.0
 30
0.0
 11
3796.65700214354
 21
617.8606874898949
 31
0.0
  0
LINE
  5
32F
330
17
100
AcDbEntity
  8
S-CABLE
370
20
420
2106410
100
AcDbLine
 10
3707.0
 20
618.0577136594005
 30
0.0
 11
3841.999130739772
 21
695.604442058109
 31
0.0
  0
LINE
  5
330
330
17
100
AcDbEntity
  8
S-CABLE
370
20
420
2106410
100
AcDbLine
 10
3797.0
 20
618.0577136594005
 30
0.0
 11
3797.342128596232
 21
773.7437545682143
 31
0.0
  0
CIRCLE
  5
331
330
17
100
AcDbEntity
  8
A-WALL
420
1318960
100
AcDbCircle
 10
3752.0
 20
696.0
 30
0.0
 40
3.2
  0
CIRCLE
  5
332
330
17
100
AcDbEntity
  8
A-WALL
420
1318960
100
AcDbCircle
 10
3758.0
 20
696.0
 30
0.0
 40
3.2
  0
CIRCLE
  5
333
330
17
100
AcDbEntity
  8
A-WALL
420
1318960
100
AcDbCircle
 10
3755.0
 20
690.72
 30
0.0
 40
3.2
  0
CIRCLE
  5
334
330
17
100
AcDbEntity
  8
A-WALL
420
1318960
100
AcDbCircle
 10
3723.1111111111113
 20
717.1111111111111
 30
0.0
 40
3.2
  0
CIRCLE
  5
335
330
17
100
AcDbEntity
  8
A-WALL
420
1318960
100
AcDbCircle
 10
3729.1111111111113
 20
717.1111111111111
 30
0.0
 40
3.2
  0
CIRCLE
  5
336
330
17
100
AcDbEntity
  8
A-WALL
420
1318960
100
AcDbCircle
 10
3726.1111111111113
 20
722.3072635338177
 30
0.0
 40
3.2
  0
CIRCLE
  5
337
330
17
100
AcDbEntity
  8
A-WALL
420
1318960
100
AcDbCircle
 10
3720.1111111111113
 20
722.3072635338177
 30
0.0
 40
3.2
  0
CIRCLE
  5
338
330
17
100
AcDbEntity
  8
A-WALL
420
1318960
100
AcDbCircle
 10
3717.1111111111113
 20
717.1111111111111
 30
0.0
 40
3.2
  0
CIRCLE
  5
339
330
17
100
AcDbEntity
  8
A-WALL
420
1318960
100
AcDbCircle
 10
3720.1111111111113
 20
711.9149586884045
 30
0.0
 40
3.2
  0
CIRCLE
  5
33A
330
17
100
AcDbEntity
  8
A-WALL
420
1318960
100
AcDbCircle
 10
3726.1111111111113
 20
711.9149586884045
 30
0.0
 40
3.2
  0
CIRCLE
  5
33B
330
17
100
AcDbEntity
  8
A-WALL
420
1318960
100
AcDbCircle
 10
3711.1111111111113
 20
717.1111111111111
 30
0.0
 40
3.2
  0
CIRCLE
  5
33C
330
17
100
AcDbEntity
  8
A-WALL
420
1318960
100
AcDbCircle
 10
3780.8888888888887
 20
717.1111111111111
 30
0.0
 40
3.2
  0
MTEXT
  5
33D
330
17
100
AcDbEntity
  8
A-ANNO
 62
7
420
2106410
100
AcDbMText
 10
3614.0
 20
556.0
 30
0.0
 40
1.8
 41
270.0
 71
1
  1
Primary Ø 85 mm Macalloy 460  ·  Secondary Ø 48 mm  ·  48 anchors  ·  sizes PRELIMINARY
  7
ANNO
  0
HATCH
  5
33E
330
17
100
AcDbEntity
  8
A-HATCH
 62
7
420
16580094
100
AcDbHatch
 10
0.0
 20
0.0
 30
0.0
210
0.0
220
0.0
230
1.0
  2
SOLID
 70
1
 71
0
 91
1
 92
3
 72
0
 73
1
 93
4
 10
3910.0
 20
546.0
 10
4186.0
 20
546.0
 10
4186.0
 20
838.0
 10
3910.0
 20
838.0
 97
0
 75
1
 76
1
 98
0
  0
LWPOLYLINE
  5
33F
330
17
100
AcDbEntity
  8
A-SHEET
370
13
420
11844288
100
AcDbPolyline
 90
4
 70
1
 10
3910.0
 20
546.0
 10
4186.0
 20
546.0
 10
4186.0
 20
838.0
 10
3910.0
 20
838.0
  0
MTEXT
  5
340
330
17
100
AcDbEntity
  8
A-ANNO
 62
7
420
1318960
100
AcDbMText
 10
3913.0
 20
832.0
 30
0.0
 40
2.2
 41
270.0
 71
1
  1
STRUCTURAL ELEVATION  ·  1:500
  7
TITLE
  0
HATCH
  5
341
330
17
100
AcDbEntity
  8
A-HATCH
 62
7
420
9879250
100
AcDbHatch
 10
0.0
 20
0.0
 30
0.0
210
0.0
220
0.0
230
1.0
  2
SOLID
 70
1
 71
0
 91
1
 92
3
 72
0
 73
1
 93
4
 10
3924.0
 20
566.0
 10
4174.0
 20
566.0
 10
4174.0
 20
606.0
 10
3924.0
 20
606.0
 97
0
 75
1
 76
1
 98
0
  0
MTEXT
  5
342
330
17
100
AcDbEntity
  8
A-ANNO
 62
7
420
2106410
100
AcDbMText
 10
3930.0
 20
574.0
 30
0.0
 40
1.7
 41
40.0
 71
1
  1
FJORD +0.00
  7
ANNO
  0
LWPOLYLINE
  5
343
330
17
100
AcDbEntity
  8
A-WALL
370
18
420
2106410
100
AcDbPolyline
 90
6
 70
1
 10
3974.3923048454135
 20
662.0
 10
3964.0
 20
668.0
 10
3953.607695154587
 20
662.0
 10
3953.6076951545865
 20
650.0
 10
3964.0
 20
644.0
 10
3974.3923048454135
 20
650.0
  0
LINE
  5
344
330
17
100
AcDbEntity
  8
S-CABLE
370
13
420
4608090
100
AcDbLine
 10
3964.0
 20
668.0
 30
0.0
 11
4124.0
 21
776.0
 31
0.0
  0
LWPOLYLINE
  5
345
330
17
100
AcDbEntity
  8
A-WALL
370
18
420
2106410
100
AcDbPolyline
 90
6
 70
1
 10
4010.3923048454135
 20
662.0
 10
4000.0
 20
668.0
 10
3989.607695154587
 20
662.0
 10
3989.6076951545865
 20
650.0
 10
4000.0
 20
644.0
 10
4010.3923048454135
 20
650.0
  0
LINE
  5
346
330
17
100
AcDbEntity
  8
S-CABLE
370
13
420
4608090
100
AcDbLine
 10
4000.0
 20
668.0
 30
0.0
 11
4124.0
 21
776.0
 31
0.0
  0
LWPOLYLINE
  5
347
330
17
100
AcDbEntity
  8
A-WALL
370
18
420
2106410
100
AcDbPolyline
 90
6
 70
1
 10
4046.3923048454135
 20
662.0
 10
4036.0
 20
668.0
 10
4025.607695154587
 20
662.0
 10
4025.6076951545865
 20
650.0
 10
4036.0
 20
644.0
 10
4046.3923048454135
 20
650.0
  0
LINE
  5
348
330
17
100
AcDbEntity
  8
S-CABLE
370
13
420
4608090
100
AcDbLine
 10
4036.0
 20
668.0
 30
0.0
 11
4124.0
 21
776.0
 31
0.0
  0
LWPOLYLINE
  5
349
330
17
100
AcDbEntity
  8
A-WALL
370
18
420
2106410
100
AcDbPolyline
 90
6
 70
1
 10
4082.3923048454135
 20
662.0
 10
4072.0
 20
668.0
 10
4061.607695154587
 20
662.0
 10
4061.6076951545865
 20
650.0
 10
4072.0
 20
644.0
 10
4082.3923048454135
 20
650.0
  0
LINE
  5
34A
330
17
100
AcDbEntity
  8
S-CABLE
370
13
420
4608090
100
AcDbLine
 10
4072.0
 20
668.0
 30
0.0
 11
4124.0
 21
776.0
 31
0.0
  0
LWPOLYLINE
  5
34B
330
17
100
AcDbEntity
  8
A-WALL
370
18
420
2106410
100
AcDbPolyline
 90
6
 70
1
 10
4118.3923048454135
 20
662.0
 10
4108.0
 20
668.0
 10
4097.6076951545865
 20
662.0
 10
4097.6076951545865
 20
650.0
 10
4108.0
 20
644.0
 10
4118.3923048454135
 20
650.0
  0
LINE
  5
34C
330
17
100
AcDbEntity
  8
S-CABLE
370
13
420
4608090
100
AcDbLine
 10
4108.0
 20
668.0
 30
0.0
 11
4124.0
 21
776.0
 31
0.0
  0
LWPOLYLINE
  5
34D
330
17
100
AcDbEntity
  8
A-WALL
370
18
420
7896448
100
AcDbPolyline
 90
5
 70
1
 10
4104.0
 20
606.0
 10
4174.0
 20
606.0
 10
4174.0
 20
816.0
 10
4124.0
 20
796.0
 10
4104.0
 20
656.0
  0
MTEXT
  5
34E
330
17
100
AcDbEntity
  8
A-ANNO
 62
7
420
2106410
100
AcDbMText
 10
3930.0
 20
796.0
 30
0.0
 40
1.7
 41
240.0
 71
1
  1
Cliff  ·  48 plates 800×800×50  ·  Ø50 Dywidag × 4.5 m  ·  PRELIMINARY
  7
ANNO
  0
HATCH
  5
34F
330
17
100
AcDbEntity
  8
A-HATCH
 62
7
420
16580094
100
AcDbHatch
 10
0.0
 20
0.0
 30
0.0
210
0.0
220
0.0
230
1.0
  2
SOLID
 70
1
 71
0
 91
1
 92
3
 72
0
 73
1
 93
4
 10
3314.0
 20
246.0
 10
3744.0
 20
246.0
 10
3744.0
 20
536.0
 10
3314.0
 20
536.0
 97
0
 75
1
 76
1
 98
0
  0
LWPOLYLINE
  5
350
330
17
100
AcDbEntity
  8
A-SHEET
370
13
420
11844288
100
AcDbPolyline
 90
4
 70
1
 10
3314.0
 20
246.0
 10
3744.0
 20
246.0
 10
3744.0
 20
536.0
 10
3314.0
 20
536.0
  0
MTEXT
  5
351
330
17
100
AcDbEntity
  8
A-ANNO
 62
7
420
1318960
100
AcDbMText
 10
3317.0
 20
530.0
 30
0.0
 40
2.2
 41
424.0
 71
1
  1
ROCK ANCHOR  ·  1:20 proposed
  7
TITLE
  0
HATCH
  5
352
330
17
100
AcDbEntity
  8
A-HATCH
 62
7
420
13159116
100
AcDbHatch
 10
0.0
 20
0.0
 30
0.0
210
0.0
220
0.0
230
1.0
  2
SOLID
 70
1
 71
0
 91
1
 92
3
 72
0
 73
1
 93
4
 10
3364.0
 20
306.0
 10
3564.0
 20
306.0
 10
3564.0
 20
526.0
 10
3364.0
 20
526.0
 97
0
 75
1
 76
1
 98
0
  0
HATCH
  5
353
330
17
100
AcDbEntity
  8
A-HATCH
 62
7
420
5266020
100
AcDbHatch
 10
0.0
 20
0.0
 30
0.0
210
0.0
220
0.0
230
1.0
  2
SOLID
 70
1
 71
0
 91
1
 92
3
 72
0
 73
1
 93
4
 10
3414.0
 20
466.0
 10
3454.0
 20
466.0
 10
3454.0
 20
474.0
 10
3414.0
 20
474.0
 97
0
 75
1
 76
1
 98
0
  0
LWPOLYLINE
  5
354
330
17
100
AcDbEntity
  8
A-SHEET
370
25
420
2106410
100
AcDbPolyline
 90
4
 70
1
 10
3414.0
 20
466.0
 10
3454.0
 20
466.0
 10
3454.0
 20
474.0
 10
3414.0
 20
474.0
  0
HATCH
  5
355
330
17
100
AcDbEntity
  8
A-HATCH
 62
7
420
5921370
100
AcDbHatch
 10
0.0
 20
0.0
 30
0.0
210
0.0
220
0.0
230
1.0
  2
SOLID
 70
1
 71
0
 91
1
 92
3
 72
0
 73
1
 93
4
 10
3430.0
 20
346.0
 10
3438.0
 20
346.0
 10
3438.0
 20
466.0
 10
3430.0
 20
466.0
 97
0
 75
1
 76
1
 98
0
  0
LWPOLYLINE
  5
356
330
17
100
AcDbEntity
  8
A-SHEET
420
2106410
100
AcDbPolyline
 90
4
 70
1
 10
3430.0
 20
346.0
 10
3438.0
 20
346.0
 10
3438.0
 20
466.0
 10
3430.0
 20
466.0
  0
MTEXT
  5
357
330
17
100
AcDbEntity
  8
A-ANNO
 62
7
420
2106410
100
AcDbMText
 10
3444.0
 20
470.0
 30
0.0
 40
2.0
 41
90.0
 71
1
  1
AISI 316L plate 800 × 800 × 50
  7
ANNO
  0
MTEXT
  5
358
330
17
100
AcDbEntity
  8
A-ANNO
 62
7
420
2106410
100
AcDbMText
 10
3444.0
 20
406.0
 30
0.0
 40
2.0
 41
90.0
 71
1
  1
Ø 50 Dywidag\P4.5 m into granite\PSika Intraplast-N grout\P\PPRELIMINARY\Prequires structural engineer
  7
ANNO
  0
MTEXT
  5
359
330
17
100
AcDbEntity
  8
A-ANNO
 62
7
420
5923436
100
AcDbMText
 10
3364.0
 20
286.0
 30
0.0
 40
1.7
 41
160.0
 71
1
  1
1:20  ·  rock face to the right is NOT a survey
  7
ANNO
  0
HATCH
  5
35A
330
17
100
AcDbEntity
  8
A-HATCH
 62
7
420
16580094
100
AcDbHatch
 10
0.0
 20
0.0
 30
0.0
210
0.0
220
0.0
230
1.0
  2
SOLID
 70
1
 71
0
 91
1
 92
3
 72
0
 73
1
 93
4
 10
3752.0
 20
246.0
 10
4186.0
 20
246.0
 10
4186.0
 20
536.0
 10
3752.0
 20
536.0
 97
0
 75
1
 76
1
 98
0
  0
LWPOLYLINE
  5
35B
330
17
100
AcDbEntity
  8
A-SHEET
370
13
420
11844288
100
AcDbPolyline
 90
4
 70
1
 10
3752.0
 20
246.0
 10
4186.0
 20
246.0
 10
4186.0
 20
536.0
 10
3752.0
 20
536.0
  0
MTEXT
  5
35C
330
17
100
AcDbEntity
  8
A-ANNO
 62
7
420
1318960
100
AcDbMText
 10
3755.0
 20
530.0
 30
0.0
 40
2.2
 41
428.0
 71
1
  1
CELL NODE + PORTAL  ·  1:50
  7
TITLE
  0
LWPOLYLINE
  5
35D
330
17
100
AcDbEntity
  8
A-WALL
370
35
420
2106410
100
AcDbPolyline
 90
6
 70
1
 10
3921.6313972081443
 20
383.5
 10
3874.0
 20
411.0
 10
3826.3686027918557
 20
383.5
 10
3826.3686027918557
 20
328.5
 10
3874.0
 20
301.0
 10
3921.6313972081443
 20
328.5
  0
LWPOLYLINE
  5
35E
330
17
100
AcDbEntity
  8
A-WALL
370
18
420
5923436
100
AcDbPolyline
 90
6
 70
1
 10
3905.9
 20
356.0
 10
3889.95
 20
383.6262103807236
 10
3858.05
 20
383.6262103807236
 10
3842.1
 20
356.0
 10
3858.05
 20
328.3737896192764
 10
3889.95
 20
328.3737896192764
  0
LINE
  5
35F
330
17
100
AcDbEntity
  8
G-GRID
370
9
420
13159890
100
AcDbLine
 10
3921.6313972081443
 20
383.5
 30
0.0
 11
3874.0
 21
356.0
 31
0.0
  0
LINE
  5
360
330
17
100
AcDbEntity
  8
G-GRID
370
9
420
13159890
100
AcDbLine
 10
3874.0
 20
411.0
 30
0.0
 11
3874.0
 21
356.0
 31
0.0
  0
LINE
  5
361
330
17
100
AcDbEntity
  8
G-GRID
370
9
420
13159890
100
AcDbLine
 10
3826.3686027918557
 20
383.5
 30
0.0
 11
3874.0
 21
356.0
 31
0.0
  0
LINE
  5
362
330
17
100
AcDbEntity
  8
G-GRID
370
9
420
13159890
100
AcDbLine
 10
3826.3686027918557
 20
328.5
 30
0.0
 11
3874.0
 21
356.0
 31
0.0
  0
LINE
  5
363
330
17
100
AcDbEntity
  8
G-GRID
370
9
420
13159890
100
AcDbLine
 10
3874.0
 20
301.0
 30
0.0
 11
3874.0
 21
356.0
 31
0.0
  0
LINE
  5
364
330
17
100
AcDbEntity
  8
G-GRID
370
9
420
13159890
100
AcDbLine
 10
3921.6313972081443
 20
328.5
 30
0.0
 11
3874.0
 21
356.0
 31
0.0
  0
LWPOLYLINE
  5
365
330
17
100
AcDbEntity
  8
A-WALL
370
35
420
2106410
100
AcDbPolyline
 90
6
 70
1
 10
4016.6313972081443
 20
383.5
 10
3969.0
 20
411.0
 10
3921.3686027918557
 20
383.5
 10
3921.3686027918557
 20
328.5
 10
3969.0
 20
301.0
 10
4016.6313972081443
 20
328.5
  0
LWPOLYLINE
  5
366
330
17
100
AcDbEntity
  8
A-WALL
370
18
420
5923436
100
AcDbPolyline
 90
6
 70
1
 10
4000.9
 20
356.0
 10
3984.95
 20
383.6262103807236
 10
3953.05
 20
383.6262103807236
 10
3937.1
 20
356.0
 10
3953.05
 20
328.3737896192764
 10
3984.95
 20
328.3737896192764
  0
LINE
  5
367
330
17
100
AcDbEntity
  8
G-GRID
370
9
420
13159890
100
AcDbLine
 10
4016.6313972081443
 20
383.5
 30
0.0
 11
3969.0
 21
356.0
 31
0.0
  0
LINE
  5
368
330
17
100
AcDbEntity
  8
G-GRID
370
9
420
13159890
100
AcDbLine
 10
3969.0
 20
411.0
 30
0.0
 11
3969.0
 21
356.0
 31
0.0
  0
LINE
  5
369
330
17
100
AcDbEntity
  8
G-GRID
370
9
420
13159890
100
AcDbLine
 10
3921.3686027918557
 20
383.5
 30
0.0
 11
3969.0
 21
356.0
 31
0.0
  0
LINE
  5
36A
330
17
100
AcDbEntity
  8
G-GRID
370
9
420
13159890
100
AcDbLine
 10
3921.3686027918557
 20
328.5
 30
0.0
 11
3969.0
 21
356.0
 31
0.0
  0
LINE
  5
36B
330
17
100
AcDbEntity
  8
G-GRID
370
9
420
13159890
100
AcDbLine
 10
3969.0
 20
301.0
 30
0.0
 11
3969.0
 21
356.0
 31
0.0
  0
LINE
  5
36C
330
17
100
AcDbEntity
  8
G-GRID
370
9
420
13159890
100
AcDbLine
 10
4016.6313972081443
 20
328.5
 30
0.0
 11
3969.0
 21
356.0
 31
0.0
  0
CIRCLE
  5
36D
330
17
100
AcDbEntity
  8
A-WALL
420
1318960
100
AcDbCircle
 10
3921.0
 20
356.0
 30
0.0
 40
18.0
  0
MTEXT
  5
36E
330
17
100
AcDbEntity
  8
A-ANNO
 62
7
420
1318960
100
AcDbMText
 10
3894.0
 20
348.0
 30
0.0
 40
2.0
 41
40.0
 71
1
  1
Ø 3.60 m
  7
TITLE
  0
MTEXT
  5
36F
330
17
100
AcDbEntity
  8
A-ANNO
 62
7
420
2106410
100
AcDbMText
 10
3834.0
 20
276.0
 30
0.0
 40
2.0
 41
160.0
 71
1
  1
Boolean union is not a floor.\PAdd threshold, walking surface\Pand headroom in section.\PShared face may be inclined.
  7
ANNO
  0
HATCH
  5
370
330
17
100
AcDbEntity
  8
A-HATCH
 62
7
420
16580094
100
AcDbHatch
 10
0.0
 20
0.0
 30
0.0
210
0.0
220
0.0
230
1.0
  2
SOLID
 70
1
 71
0
 91
1
 92
3
 72
0
 73
1
 93
4
 10
3314.0
 20
44.0
 10
4186.0
 20
44.0
 10
4186.0
 20
238.0
 10
3314.0
 20
238.0
 97
0
 75
1
 76
1
 98
0
  0
LWPOLYLINE
  5
371
330
17
100
AcDbEntity
  8
A-SHEET
370
13
420
11844288
100
AcDbPolyline
 90
4
 70
1
 10
3314.0
 20
44.0
 10
4186.0
 20
44.0
 10
4186.0
 20
238.0
 10
3314.0
 20
238.0
  0
MTEXT
  5
372
330
17
100
AcDbEntity
  8
A-ANNO
 62
7
420
1318960
100
AcDbMText
 10
3317.0
 20
232.0
 30
0.0
 40
2.2
 41
866.0
 71
1
  1
DISASSEMBLY SEQUENCE  ·  ZERO-TRACE OBJECTIVE (not a guarantee of no residual work)
  7
TITLE
  0
HATCH
  5
373
330
17
100
AcDbEntity
  8
A-HATCH
 62
7
420
16777215
100
AcDbHatch
 10
0.0
 20
0.0
 30
0.0
210
0.0
220
0.0
230
1.0
  2
SOLID
 70
1
 71
0
 91
1
 92
3
 72
0
 73
1
 93
4
 10
3330.0
 20
60.0
 10
3458.0
 20
60.0
 10
3458.0
 20
210.0
 10
3330.0
 20
210.0
 97
0
 75
1
 76
1
 98
0
  0
LWPOLYLINE
  5
374
330
17
100
AcDbEntity
  8
A-SHEET
370
18
420
1318960
100
AcDbPolyline
 90
4
 70
1
 10
3330.0
 20
60.0
 10
3458.0
 20
60.0
 10
3458.0
 20
210.0
 10
3330.0
 20
210.0
  0
MTEXT
  5
375
330
17
100
AcDbEntity
  8
A-ANNO
 62
7
420
1318960
100
AcDbMText
 10
3338.0
 20
176.0
 30
0.0
 40
8.0
 41
40.0
 71
1
  1
01
  7
TITLE
  0
MTEXT
  5
376
330
17
100
AcDbEntity
  8
A-ANNO
 62
7
420
2106410
100
AcDbMText
 10
3338.0
 20
86.0
 30
0.0
 40
2.3
 41
112.0
 71
1
  1
ETFE unclamped,\Pdeflated, rolled
  7
ANNO
  0
HATCH
  5
377
330
17
100
AcDbEntity
  8
A-HATCH
 62
7
420
16777215
100
AcDbHatch
 10
0.0
 20
0.0
 30
0.0
210
0.0
220
0.0
230
1.0
  2
SOLID
 70
1
 71
0
 91
1
 92
3
 72
0
 73
1
 93
4
 10
3472.0
 20
60.0
 10
3600.0
 20
60.0
 10
3600.0
 20
210.0
 10
3472.0
 20
210.0
 97
0
 75
1
 76
1
 98
0
  0
LWPOLYLINE
  5
378
330
17
100
AcDbEntity
  8
A-SHEET
370
18
420
1318960
100
AcDbPolyline
 90
4
 70
1
 10
3472.0
 20
60.0
 10
3600.0
 20
60.0
 10
3600.0
 20
210.0
 10
3472.0
 20
210.0
  0
MTEXT
  5
379
330
17
100
AcDbEntity
  8
A-ANNO
 62
7
420
1318960
100
AcDbMText
 10
3480.0
 20
176.0
 30
0.0
 40
8.0
 41
40.0
 71
1
  1
02
  7
TITLE
  0
MTEXT
  5
37A
330
17
100
AcDbEntity
  8
A-ANNO
 62
7
420
2106410
100
AcDbMText
 10
3480.0
 20
86.0
 30
0.0
 40
2.3
 41
112.0
 71
1
  1
CFRP frames\Punbolted, packed
  7
ANNO
  0
HATCH
  5
37B
330
17
100
AcDbEntity
  8
A-HATCH
 62
7
420
16777215
100
AcDbHatch
 10
0.0
 20
0.0
 30
0.0
210
0.0
220
0.0
230
1.0
  2
SOLID
 70
1
 71
0
 91
1
 92
3
 72
0
 73
1
 93
4
 10
3614.0
 20
60.0
 10
3742.0
 20
60.0
 10
3742.0
 20
210.0
 10
3614.0
 20
210.0
 97
0
 75
1
 76
1
 98
0
  0
LWPOLYLINE
  5
37C
330
17
100
AcDbEntity
  8
A-SHEET
370
18
420
1318960
100
AcDbPolyline
 90
4
 70
1
 10
3614.0
 20
60.0
 10
3742.0
 20
60.0
 10
3742.0
 20
210.0
 10
3614.0
 20
210.0
  0
MTEXT
  5
37D
330
17
100
AcDbEntity
  8
A-ANNO
 62
7
420
1318960
100
AcDbMText
 10
3622.0
 20
176.0
 30
0.0
 40
8.0
 41
40.0
 71
1
  1
03
  7
TITLE
  0
MTEXT
  5
37E
330
17
100
AcDbEntity
  8
A-ANNO
 62
7
420
2106410
100
AcDbMText
 10
3622.0
 20
86.0
 30
0.0
 40
2.3
 41
112.0
 71
1
  1
Cables unreeled\Pin reverse order
  7
ANNO
  0
HATCH
  5
37F
330
17
100
AcDbEntity
  8
A-HATCH
 62
7
420
16777215
100
AcDbHatch
 10
0.0
 20
0.0
 30
0.0
210
0.0
220
0.0
230
1.0
  2
SOLID
 70
1
 71
0
 91
1
 92
3
 72
0
 73
1
 93
4
 10
3756.0
 20
60.0
 10
3884.0
 20
60.0
 10
3884.0
 20
210.0
 10
3756.0
 20
210.0
 97
0
 75
1
 76
1
 98
0
  0
LWPOLYLINE
  5
380
330
17
100
AcDbEntity
  8
A-SHEET
370
18
420
1318960
100
AcDbPolyline
 90
4
 70
1
 10
3756.0
 20
60.0
 10
3884.0
 20
60.0
 10
3884.0
 20
210.0
 10
3756.0
 20
210.0
  0
MTEXT
  5
381
330
17
100
AcDbEntity
  8
A-ANNO
 62
7
420
1318960
100
AcDbMText
 10
3764.0
 20
176.0
 30
0.0
 40
8.0
 41
40.0
 71
1
  1
04
  7
TITLE
  0
MTEXT
  5
382
330
17
100
AcDbEntity
  8
A-ANNO
 62
7
420
2106410
100
AcDbMText
 10
3764.0
 20
86.0
 30
0.0
 40
2.3
 41
112.0
 71
1
  1
Dywidag bars out;\Pholes grouted flush
  7
ANNO
  0
HATCH
  5
383
330
17
100
AcDbEntity
  8
A-HATCH
 62
7
420
16777215
100
AcDbHatch
 10
0.0
 20
0.0
 30
0.0
210
0.0
220
0.0
230
1.0
  2
SOLID
 70
1
 71
0
 91
1
 92
3
 72
0
 73
1
 93
4
 10
3898.0
 20
60.0
 10
4026.0
 20
60.0
 10
4026.0
 20
210.0
 10
3898.0
 20
210.0
 97
0
 75
1
 76
1
 98
0
  0
LWPOLYLINE
  5
384
330
17
100
AcDbEntity
  8
A-SHEET
370
18
420
1318960
100
AcDbPolyline
 90
4
 70
1
 10
3898.0
 20
60.0
 10
4026.0
 20
60.0
 10
4026.0
 20
210.0
 10
3898.0
 20
210.0
  0
MTEXT
  5
385
330
17
100
AcDbEntity
  8
A-ANNO
 62
7
420
1318960
100
AcDbMText
 10
3906.0
 20
176.0
 30
0.0
 40
8.0
 41
40.0
 71
1
  1
05
  7
TITLE
  0
MTEXT
  5
386
330
17
100
AcDbEntity
  8
A-ANNO
 62
7
420
2106410
100
AcDbMText
 10
3906.0
 20
86.0
 30
0.0
 40
2.3
 41
112.0
 71
1
  1
Portal sealed;\Phelipad marks off
  7
ANNO
  0
HATCH
  5
387
330
17
100
AcDbEntity
  8
A-HATCH
 62
7
420
16777215
100
AcDbHatch
 10
0.0
 20
0.0
 30
0.0
210
0.0
220
0.0
230
1.0
  2
SOLID
 70
1
 71
0
 91
1
 92
3
 72
0
 73
1
 93
4
 10
4040.0
 20
60.0
 10
4168.0
 20
60.0
 10
4168.0
 20
210.0
 10
4040.0
 20
210.0
 97
0
 75
1
 76
1
 98
0
  0
LWPOLYLINE
  5
388
330
17
100
AcDbEntity
  8
A-SHEET
370
18
420
1318960
100
AcDbPolyline
 90
4
 70
1
 10
4040.0
 20
60.0
 10
4168.0
 20
60.0
 10
4168.0
 20
210.0
 10
4040.0
 20
210.0
  0
MTEXT
  5
389
330
17
100
AcDbEntity
  8
A-ANNO
 62
7
420
1318960
100
AcDbMText
 10
4048.0
 20
176.0
 30
0.0
 40
8.0
 41
40.0
 71
1
  1
06
  7
TITLE
  0
MTEXT
  5
38A
330
17
100
AcDbEntity
  8
A-ANNO
 62
7
420
2106410
100
AcDbMText
 10
4048.0
 20
86.0
 30
0.0
 40
2.3
 41
112.0
 71
1
  1
Trails fade\Pin one season
  7
ANNO
  0
MTEXT
  5
38B
330
17
100
AcDbEntity
  8
A-ANNO
 62
7
420
5923436
100
AcDbMText
 10
3330.0
 20
48.0
 30
0.0
 40
1.8
 41
840.0
 71
1
  1
Residual: tunnel excavation, grouted holes, marine mooring points. Sealing ≠ never excavating. Ethic = reversibility of the hanging field.
  7
ANNO
  0
LWPOLYLINE
  5
38C
330
17
100
AcDbEntity
  8
A-SHEET
370
70
420
1318960
100
AcDbPolyline
 90
4
 70
1
 10
0.0
 20
-1100.0
 10
900.0
 20
-1100.0
 10
900.0
 20
-200.0
 10
0.0
 20
-200.0
  0
LWPOLYLINE
  5
38D
330
17
100
AcDbEntity
  8
A-SHEET
370
25
420
1318960
100
AcDbPolyline
 90
4
 70
1
 10
4.0
 20
-1096.0
 10
896.0
 20
-1096.0
 10
896.0
 20
-204.0
 10
4.0
 20
-204.0
  0
HATCH
  5
38E
330
17
100
AcDbEntity
  8
A-HATCH
 62
7
420
1318960
100
AcDbHatch
 10
0.0
 20
0.0
 30
0.0
210
0.0
220
0.0
230
1.0
  2
SOLID
 70
1
 71
0
 91
1
 92
3
 72
0
 73
1
 93
4
 10
4.0
 20
-250.0
 10
896.0
 20
-250.0
 10
896.0
 20
-204.0
 10
4.0
 20
-204.0
 97
0
 75
1
 76
1
 98
0
  0
LWPOLYLINE
  5
38F
330
17
100
AcDbEntity
  8
A-TITL
100
AcDbPolyline
 90
4
 70
1
 10
4.0
 20
-250.0
 10
896.0
 20
-250.0
 10
896.0
 20
-204.0
 10
4.0
 20
-204.0
  0
MTEXT
  5
390
330
17
100
AcDbEntity
  8
A-TITL
 62
7
420
16777215
100
AcDbMText
 10
14.0
 20
-218.0
 30
0.0
 40
4.2
 41
200.0
 71
1
  1
THE ARCTIC LENS
  7
TITLE
  0
MTEXT
  5
391
330
17
100
AcDbEntity
  8
A-TITL
 62
7
420
16777215
100
AcDbMText
 10
14.0
 20
-232.0
 30
0.0
 40
6.2
 41
620.0
 71
1
  1
TAVOLA 5/7  ·  DOMESTIC & RESEARCH INTERIORS
  7
TITLE
  0
MTEXT
  5
392
330
17
100
AcDbEntity
  8
A-TITL
 62
7
420
13161180
100
AcDbMText
 10
14.0
 20
-244.0
 30
0.0
 40
2.4
 41
700.0
 71
1
  1
daily life  ·  beds, benches, light control  ·  two different rooms
  7
ANNO
  0
MTEXT
  5
393
330
17
100
AcDbEntity
  8
A-TITL
 62
7
420
13161180
100
AcDbMText
 10
740.0
 20
-220.0
 30
0.0
 40
2.4
 41
140.0
 71
1
  1
900 × 900 mm
  7
ANNO
  0
HATCH
  5
394
330
17
100
AcDbEntity
  8
A-HATCH
 62
7
420
1318960
100
AcDbHatch
 10
0.0
 20
0.0
 30
0.0
210
0.0
220
0.0
230
1.0
  2
SOLID
 70
1
 71
0
 91
1
 92
3
 72
0
 73
1
 93
4
 10
4.0
 20
-1096.0
 10
896.0
 20
-1096.0
 10
896.0
 20
-1072.0
 10
4.0
 20
-1072.0
 97
0
 75
1
 76
1
 98
0
  0
LWPOLYLINE
  5
395
330
17
100
AcDbEntity
  8
A-TITL
100
AcDbPolyline
 90
4
 70
1
 10
4.0
 20
-1096.0
 10
896.0
 20
-1096.0
 10
896.0
 20
-1072.0
 10
4.0
 20
-1072.0
  0
MTEXT
  5
396
330
17
100
AcDbEntity
  8
A-TITL
 62
7
420
16777215
100
AcDbMText
 10
14.0
 20
-1088.0
 30
0.0
 40
2.2
 41
420.0
 71
1
  1
UNIUD  ·  DPIA  ·  Master’s Degree in Architecture
  7
ANNO
  0
MTEXT
  5
397
330
17
100
AcDbEntity
  8
A-TITL
 62
7
420
16777215
100
AcDbMText
 10
430.0
 20
-1088.0
 30
0.0
 40
2.2
 41
360.0
 71
1
  1
Munkhtemuulen Tumenbayar  ·  A.Y. 2025/26  ·  Lofoten  68.22°N 13.56°E
  7
ANNO
  0
MTEXT
  5
398
330
17
100
AcDbEntity
  8
A-TITL
 62
7
420
16777215
100
AcDbMText
 10
770.0
 20
-1088.0
 30
0.0
 40
2.2
 41
120.0
 71
1
  1
1:100  ·  1:50
  7
ANNO
  0
HATCH
  5
399
330
17
100
AcDbEntity
  8
A-HATCH
 62
7
420
16580094
100
AcDbHatch
 10
0.0
 20
0.0
 30
0.0
210
0.0
220
0.0
230
1.0
  2
SOLID
 70
1
 71
0
 91
1
 92
3
 72
0
 73
1
 93
4
 10
14.0
 20
-546.0
 10
224.0
 20
-546.0
 10
224.0
 20
-262.0
 10
14.0
 20
-262.0
 97
0
 75
1
 76
1
 98
0
  0
LWPOLYLINE
  5
39A
330
17
100
AcDbEntity
  8
A-SHEET
370
13
420
11844288
100
AcDbPolyline
 90
4
 70
1
 10
14.0
 20
-546.0
 10
224.0
 20
-546.0
 10
224.0
 20
-262.0
 10
14.0
 20
-262.0
  0
MTEXT
  5
39B
330
17
100
AcDbEntity
  8
A-ANNO
 62
7
420
1318960
100
AcDbMText
 10
17.0
 20
-268.0
 30
0.0
 40
2.2
 41
204.0
 71
1
  1
CABIN POD  ·  LV 0  ·  1:100
  7
TITLE
  0
LWPOLYLINE
  5
39C
330
17
100
AcDbEntity
  8
A-WALL
370
40
420
1318960
100
AcDbPolyline
 90
6
 70
1
 10
173.0
 20
-372.8230854637602
 10
119.0
 20
-341.6461709275204
 10
65.0
 20
-372.8230854637602
 10
64.99999999999999
 20
-435.1769145362398
 10
118.99999999999999
 20
-466.3538290724796
 10
173.0
 20
-435.1769145362398
  0
CIRCLE
  5
39D
330
17
100
AcDbEntity
  8
A-FURN
420
5923436
100
AcDbCircle
 10
119.0
 20
-404.0
 30
0.0
 40
6.0
  0
MTEXT
  5
39E
330
17
100
AcDbEntity
  8
A-ANNO
 62
7
420
5923436
100
AcDbMText
 10
113.0
 20
-406.0
 30
0.0
 40
2.0
 41
12.0
 71
1
  1
V
  7
ANNO
  0
LWPOLYLINE
  5
39F
330
17
100
AcDbEntity
  8
A-SHEET
370
13
420
5923436
100
AcDbPolyline
 90
4
 70
1
 10
91.0
 20
-412.0
 10
113.0
 20
-412.0
 10
113.0
 20
-396.0
 10
91.0
 20
-396.0
  0
MTEXT
  5
3A0
330
17
100
AcDbEntity
  8
A-ANNO
 62
7
420
2106410
100
AcDbMText
 10
92.0
 20
-408.0
 30
0.0
 40
1.6
 41
21.0
 71
1
  1
AIR LOCK
  7
ANNO
  0
LWPOLYLINE
  5
3A1
330
17
100
AcDbEntity
  8
A-SHEET
370
13
420
5923436
100
AcDbPolyline
 90
4
 70
1
 10
127.0
 20
-422.0
 10
153.0
 20
-422.0
 10
153.0
 20
-408.0
 10
127.0
 20
-408.0
  0
MTEXT
  5
3A2
330
17
100
AcDbEntity
  8
A-ANNO
 62
7
420
2106410
100
AcDbMText
 10
128.0
 20
-418.0
 30
0.0
 40
1.6
 41
25.0
 71
1
  1
MEP
  7
ANNO
  0
LWPOLYLINE
  5
3A3
330
17
100
AcDbEntity
  8
A-SHEET
370
13
420
5923436
100
AcDbPolyline
 90
4
 70
1
 10
109.0
 20
-386.0
 10
133.0
 20
-386.0
 10
133.0
 20
-372.0
 10
109.0
 20
-372.0
  0
MTEXT
  5
3A4
330
17
100
AcDbEntity
  8
A-ANNO
 62
7
420
2106410
100
AcDbMText
 10
110.0
 20
-382.0
 30
0.0
 40
1.6
 41
23.0
 71
1
  1
STORE
  7
ANNO
  0
MTEXT
  5
3A5
330
17
100
AcDbEntity
  8
A-ANNO
 62
7
420
5923436
100
AcDbMText
 10
89.0
 20
-474.3538290724796
 30
0.0
 40
1.6
 41
80.0
 71
1
  1
hex ~ 10.8 m  ·  1:100  ·  cabin  ·  0
  7
ANNO
  0
HATCH
  5
3A6
330
17
100
AcDbEntity
  8
A-HATCH
 62
7
420
16580094
100
AcDbHatch
 10
0.0
 20
0.0
 30
0.0
210
0.0
220
0.0
230
1.0
  2
SOLID
 70
1
 71
0
 91
1
 92
3
 72
0
 73
1
 93
4
 10
232.0
 20
-546.0
 10
442.0
 20
-546.0
 10
442.0
 20
-262.0
 10
232.0
 20
-262.0
 97
0
 75
1
 76
1
 98
0
  0
LWPOLYLINE
  5
3A7
330
17
100
AcDbEntity
  8
A-SHEET
370
13
420
11844288
100
AcDbPolyline
 90
4
 70
1
 10
232.0
 20
-546.0
 10
442.0
 20
-546.0
 10
442.0
 20
-262.0
 10
232.0
 20
-262.0
  0
MTEXT
  5
3A8
330
17
100
AcDbEntity
  8
A-ANNO
 62
7
420
1318960
100
AcDbMText
 10
235.0
 20
-268.0
 30
0.0
 40
2.2
 41
204.0
 71
1
  1
CABIN POD  ·  +3.50  ·  1:100
  7
TITLE
  0
LWPOLYLINE
  5
3A9
330
17
100
AcDbEntity
  8
A-WALL
370
40
420
1318960
100
AcDbPolyline
 90
6
 70
1
 10
391.0
 20
-372.8230854637602
 10
337.0
 20
-341.6461709275204
 10
283.0
 20
-372.8230854637602
 10
283.0
 20
-435.1769145362398
 10
337.0
 20
-466.3538290724796
 10
391.0
 20
-435.1769145362398
  0
CIRCLE
  5
3AA
330
17
100
AcDbEntity
  8
A-FURN
420
5923436
100
AcDbCircle
 10
337.0
 20
-404.0
 30
0.0
 40
6.0
  0
MTEXT
  5
3AB
330
17
100
AcDbEntity
  8
A-ANNO
 62
7
420
5923436
100
AcDbMText
 10
331.0
 20
-406.0
 30
0.0
 40
2.0
 41
12.0
 71
1
  1
V
  7
ANNO
  0
LWPOLYLINE
  5
3AC
330
17
100
AcDbEntity
  8
A-SHEET
370
13
420
5923436
100
AcDbPolyline
 90
4
 70
1
 10
307.0
 20
-412.0
 10
329.0
 20
-412.0
 10
329.0
 20
-398.0
 10
307.0
 20
-398.0
  0
MTEXT
  5
3AD
330
17
100
AcDbEntity
  8
A-ANNO
 62
7
420
2106410
100
AcDbMText
 10
309.0
 20
-408.0
 30
0.0
 40
1.6
 41
20.0
 71
1
  1
GALLEY
  7
ANNO
  0
LWPOLYLINE
  5
3AE
330
17
100
AcDbEntity
  8
A-SHEET
370
13
420
5923436
100
AcDbPolyline
 90
4
 70
1
 10
347.0
 20
-410.0
 10
371.0
 20
-410.0
 10
371.0
 20
-394.0
 10
347.0
 20
-394.0
  0
MTEXT
  5
3AF
330
17
100
AcDbEntity
  8
A-ANNO
 62
7
420
2106410
100
AcDbMText
 10
349.0
 20
-404.0
 30
0.0
 40
1.6
 41
20.0
 71
1
  1
LOUNGE
  7
ANNO
  0
LWPOLYLINE
  5
3B0
330
17
100
AcDbEntity
  8
A-SHEET
370
13
420
5923436
100
AcDbPolyline
 90
4
 70
1
 10
325.0
 20
-388.0
 10
343.0
 20
-388.0
 10
343.0
 20
-376.0
 10
325.0
 20
-376.0
  0
MTEXT
  5
3B1
330
17
100
AcDbEntity
  8
A-ANNO
 62
7
420
2106410
100
AcDbMText
 10
327.0
 20
-386.0
 30
0.0
 40
1.6
 41
16.0
 71
1
  1
WC
  7
ANNO
  0
MTEXT
  5
3B2
330
17
100
AcDbEntity
  8
A-ANNO
 62
7
420
5923436
100
AcDbMText
 10
307.0
 20
-474.3538290724796
 30
0.0
 40
1.6
 41
80.0
 71
1
  1
hex ~ 10.8 m  ·  1:100  ·  cabin  ·  3.5
  7
ANNO
  0
HATCH
  5
3B3
330
17
100
AcDbEntity
  8
A-HATCH
 62
7
420
16580094
100
AcDbHatch
 10
0.0
 20
0.0
 30
0.0
210
0.0
220
0.0
230
1.0
  2
SOLID
 70
1
 71
0
 91
1
 92
3
 72
0
 73
1
 93
4
 10
450.0
 20
-546.0
 10
660.0
 20
-546.0
 10
660.0
 20
-262.0
 10
450.0
 20
-262.0
 97
0
 75
1
 76
1
 98
0
  0
LWPOLYLINE
  5
3B4
330
17
100
AcDbEntity
  8
A-SHEET
370
13
420
11844288
100
AcDbPolyline
 90
4
 70
1
 10
450.0
 20
-546.0
 10
660.0
 20
-546.0
 10
660.0
 20
-262.0
 10
450.0
 20
-262.0
  0
MTEXT
  5
3B5
330
17
100
AcDbEntity
  8
A-ANNO
 62
7
420
1318960
100
AcDbMText
 10
453.0
 20
-268.0
 30
0.0
 40
2.2
 41
204.0
 71
1
  1
CABIN POD  ·  +7.00  ·  1:100
  7
TITLE
  0
LWPOLYLINE
  5
3B6
330
17
100
AcDbEntity
  8
A-WALL
370
40
420
1318960
100
AcDbPolyline
 90
6
 70
1
 10
609.0
 20
-372.8230854637602
 10
555.0
 20
-341.6461709275204
 10
501.0
 20
-372.8230854637602
 10
501.0
 20
-435.1769145362398
 10
555.0
 20
-466.3538290724796
 10
609.0
 20
-435.1769145362398
  0
CIRCLE
  5
3B7
330
17
100
AcDbEntity
  8
A-FURN
420
5923436
100
AcDbCircle
 10
555.0
 20
-404.0
 30
0.0
 40
6.0
  0
MTEXT
  5
3B8
330
17
100
AcDbEntity
  8
A-ANNO
 62
7
420
5923436
100
AcDbMText
 10
549.0
 20
-406.0
 30
0.0
 40
2.0
 41
12.0
 71
1
  1
V
  7
ANNO
  0
HATCH
  5
3B9
330
17
100
AcDbEntity
  8
A-HATCH
 62
7
420
16440550
100
AcDbHatch
 10
0.0
 20
0.0
 30
0.0
210
0.0
220
0.0
230
1.0
  2
SOLID
 70
1
 71
0
 91
1
 92
3
 72
0
 73
1
 93
4
 10
523.0
 20
-396.0
 10
541.0
 20
-396.0
 10
541.0
 20
-387.0
 10
523.0
 20
-387.0
 97
0
 75
1
 76
1
 98
0
  0
LWPOLYLINE
  5
3BA
330
17
100
AcDbEntity
  8
A-SHEET
370
13
420
15106730
100
AcDbPolyline
 90
4
 70
1
 10
523.0
 20
-396.0
 10
541.0
 20
-396.0
 10
541.0
 20
-387.0
 10
523.0
 20
-387.0
  0
HATCH
  5
3BB
330
17
100
AcDbEntity
  8
A-HATCH
 62
7
420
16440550
100
AcDbHatch
 10
0.0
 20
0.0
 30
0.0
210
0.0
220
0.0
230
1.0
  2
SOLID
 70
1
 71
0
 91
1
 92
3
 72
0
 73
1
 93
4
 10
523.0
 20
-412.0
 10
541.0
 20
-412.0
 10
541.0
 20
-403.0
 10
523.0
 20
-403.0
 97
0
 75
1
 76
1
 98
0
  0
LWPOLYLINE
  5
3BC
330
17
100
AcDbEntity
  8
A-SHEET
370
13
420
15106730
100
AcDbPolyline
 90
4
 70
1
 10
523.0
 20
-412.0
 10
541.0
 20
-412.0
 10
541.0
 20
-403.0
 10
523.0
 20
-403.0
  0
HATCH
  5
3BD
330
17
100
AcDbEntity
  8
A-HATCH
 62
7
420
16440550
100
AcDbHatch
 10
0.0
 20
0.0
 30
0.0
210
0.0
220
0.0
230
1.0
  2
SOLID
 70
1
 71
0
 91
1
 92
3
 72
0
 73
1
 93
4
 10
523.0
 20
-428.0
 10
541.0
 20
-428.0
 10
541.0
 20
-419.0
 10
523.0
 20
-419.0
 97
0
 75
1
 76
1
 98
0
  0
LWPOLYLINE
  5
3BE
330
17
100
AcDbEntity
  8
A-SHEET
370
13
420
15106730
100
AcDbPolyline
 90
4
 70
1
 10
523.0
 20
-428.0
 10
541.0
 20
-428.0
 10
541.0
 20
-419.0
 10
523.0
 20
-419.0
  0
HATCH
  5
3BF
330
17
100
AcDbEntity
  8
A-HATCH
 62
7
420
16440550
100
AcDbHatch
 10
0.0
 20
0.0
 30
0.0
210
0.0
220
0.0
230
1.0
  2
SOLID
 70
1
 71
0
 91
1
 92
3
 72
0
 73
1
 93
4
 10
567.0
 20
-396.0
 10
585.0
 20
-396.0
 10
585.0
 20
-387.0
 10
567.0
 20
-387.0
 97
0
 75
1
 76
1
 98
0
  0
LWPOLYLINE
  5
3C0
330
17
100
AcDbEntity
  8
A-SHEET
370
13
420
15106730
100
AcDbPolyline
 90
4
 70
1
 10
567.0
 20
-396.0
 10
585.0
 20
-396.0
 10
585.0
 20
-387.0
 10
567.0
 20
-387.0
  0
HATCH
  5
3C1
330
17
100
AcDbEntity
  8
A-HATCH
 62
7
420
16440550
100
AcDbHatch
 10
0.0
 20
0.0
 30
0.0
210
0.0
220
0.0
230
1.0
  2
SOLID
 70
1
 71
0
 91
1
 92
3
 72
0
 73
1
 93
4
 10
567.0
 20
-412.0
 10
585.0
 20
-412.0
 10
585.0
 20
-403.0
 10
567.0
 20
-403.0
 97
0
 75
1
 76
1
 98
0
  0
LWPOLYLINE
  5
3C2
330
17
100
AcDbEntity
  8
A-SHEET
370
13
420
15106730
100
AcDbPolyline
 90
4
 70
1
 10
567.0
 20
-412.0
 10
585.0
 20
-412.0
 10
585.0
 20
-403.0
 10
567.0
 20
-403.0
  0
HATCH
  5
3C3
330
17
100
AcDbEntity
  8
A-HATCH
 62
7
420
16440550
100
AcDbHatch
 10
0.0
 20
0.0
 30
0.0
210
0.0
220
0.0
230
1.0
  2
SOLID
 70
1
 71
0
 91
1
 92
3
 72
0
 73
1
 93
4
 10
567.0
 20
-428.0
 10
585.0
 20
-428.0
 10
585.0
 20
-419.0
 10
567.0
 20
-419.0
 97
0
 75
1
 76
1
 98
0
  0
LWPOLYLINE
  5
3C4
330
17
100
AcDbEntity
  8
A-SHEET
370
13
420
15106730
100
AcDbPolyline
 90
4
 70
1
 10
567.0
 20
-428.0
 10
585.0
 20
-428.0
 10
585.0
 20
-419.0
 10
567.0
 20
-419.0
  0
HATCH
  5
3C5
330
17
100
AcDbEntity
  8
A-HATCH
 62
7
420
16440550
100
AcDbHatch
 10
0.0
 20
0.0
 30
0.0
210
0.0
220
0.0
230
1.0
  2
SOLID
 70
1
 71
0
 91
1
 92
3
 72
0
 73
1
 93
4
 10
545.0
 20
-382.0
 10
563.0
 20
-382.0
 10
563.0
 20
-373.0
 10
545.0
 20
-373.0
 97
0
 75
1
 76
1
 98
0
  0
LWPOLYLINE
  5
3C6
330
17
100
AcDbEntity
  8
A-SHEET
370
13
420
15106730
100
AcDbPolyline
 90
4
 70
1
 10
545.0
 20
-382.0
 10
563.0
 20
-382.0
 10
563.0
 20
-373.0
 10
545.0
 20
-373.0
  0
HATCH
  5
3C7
330
17
100
AcDbEntity
  8
A-HATCH
 62
7
420
16440550
100
AcDbHatch
 10
0.0
 20
0.0
 30
0.0
210
0.0
220
0.0
230
1.0
  2
SOLID
 70
1
 71
0
 91
1
 92
3
 72
0
 73
1
 93
4
 10
545.0
 20
-440.0
 10
563.0
 20
-440.0
 10
563.0
 20
-431.0
 10
545.0
 20
-431.0
 97
0
 75
1
 76
1
 98
0
  0
LWPOLYLINE
  5
3C8
330
17
100
AcDbEntity
  8
A-SHEET
370
13
420
15106730
100
AcDbPolyline
 90
4
 70
1
 10
545.0
 20
-440.0
 10
563.0
 20
-440.0
 10
563.0
 20
-431.0
 10
545.0
 20
-431.0
  0
MTEXT
  5
3C9
330
17
100
AcDbEntity
  8
A-ANNO
 62
7
420
2106410
100
AcDbMText
 10
535.0
 20
-364.0
 30
0.0
 40
1.6
 41
50.0
 71
1
  1
8 berths + apex canopy
  7
ANNO
  0
MTEXT
  5
3CA
330
17
100
AcDbEntity
  8
A-ANNO
 62
7
420
5923436
100
AcDbMText
 10
525.0
 20
-474.3538290724796
 30
0.0
 40
1.6
 41
80.0
 71
1
  1
hex ~ 10.8 m  ·  1:100  ·  cabin  ·  7
  7
ANNO
  0
HATCH
  5
3CB
330
17
100
AcDbEntity
  8
A-HATCH
 62
7
420
16580094
100
AcDbHatch
 10
0.0
 20
0.0
 30
0.0
210
0.0
220
0.0
230
1.0
  2
SOLID
 70
1
 71
0
 91
1
 92
3
 72
0
 73
1
 93
4
 10
668.0
 20
-546.0
 10
886.0
 20
-546.0
 10
886.0
 20
-262.0
 10
668.0
 20
-262.0
 97
0
 75
1
 76
1
 98
0
  0
LWPOLYLINE
  5
3CC
330
17
100
AcDbEntity
  8
A-SHEET
370
13
420
11844288
100
AcDbPolyline
 90
4
 70
1
 10
668.0
 20
-546.0
 10
886.0
 20
-546.0
 10
886.0
 20
-262.0
 10
668.0
 20
-262.0
  0
MTEXT
  5
3CD
330
17
100
AcDbEntity
  8
A-ANNO
 62
7
420
1318960
100
AcDbMText
 10
671.0
 20
-268.0
 30
0.0
 40
2.2
 41
212.0
 71
1
  1
WET LAB  ·  +3.50  ·  1:100
  7
TITLE
  0
LWPOLYLINE
  5
3CE
330
17
100
AcDbEntity
  8
A-WALL
370
40
420
1318960
100
AcDbPolyline
 90
6
 70
1
 10
822.0
 20
-372.8230854637602
 10
768.0
 20
-341.6461709275204
 10
714.0
 20
-372.8230854637602
 10
714.0
 20
-435.1769145362398
 10
768.0
 20
-466.3538290724796
 10
822.0
 20
-435.1769145362398
  0
CIRCLE
  5
3CF
330
17
100
AcDbEntity
  8
A-FURN
420
5923436
100
AcDbCircle
 10
768.0
 20
-404.0
 30
0.0
 40
6.0
  0
MTEXT
  5
3D0
330
17
100
AcDbEntity
  8
A-ANNO
 62
7
420
5923436
100
AcDbMText
 10
762.0
 20
-406.0
 30
0.0
 40
2.0
 41
12.0
 71
1
  1
V
  7
ANNO
  0
HATCH
  5
3D1
330
17
100
AcDbEntity
  8
A-HATCH
 62
7
420
14478330
100
AcDbHatch
 10
0.0
 20
0.0
 30
0.0
210
0.0
220
0.0
230
1.0
  2
SOLID
 70
1
 71
0
 91
1
 92
3
 72
0
 73
1
 93
4
 10
734.0
 20
-410.0
 10
762.0
 20
-410.0
 10
762.0
 20
-398.0
 10
734.0
 20
-398.0
 97
0
 75
1
 76
1
 98
0
  0
LWPOLYLINE
  5
3D2
330
17
100
AcDbEntity
  8
A-SHEET
370
13
420
4624850
100
AcDbPolyline
 90
4
 70
1
 10
734.0
 20
-410.0
 10
762.0
 20
-410.0
 10
762.0
 20
-398.0
 10
734.0
 20
-398.0
  0
MTEXT
  5
3D3
330
17
100
AcDbEntity
  8
A-ANNO
 62
7
420
2106410
100
AcDbMText
 10
736.0
 20
-406.0
 30
0.0
 40
1.6
 41
26.0
 71
1
  1
WET BENCH
  7
ANNO
  0
LWPOLYLINE
  5
3D4
330
17
100
AcDbEntity
  8
A-SHEET
370
13
420
4624850
100
AcDbPolyline
 90
4
 70
1
 10
776.0
 20
-412.0
 10
800.0
 20
-412.0
 10
800.0
 20
-394.0
 10
776.0
 20
-394.0
  0
MTEXT
  5
3D5
330
17
100
AcDbEntity
  8
A-ANNO
 62
7
420
2106410
100
AcDbMText
 10
778.0
 20
-404.0
 30
0.0
 40
1.6
 41
22.0
 71
1
  1
FUME /\PSTORE
  7
ANNO
  0
LWPOLYLINE
  5
3D6
330
17
100
AcDbEntity
  8
A-SHEET
370
13
420
4624850
100
AcDbPolyline
 90
4
 70
1
 10
754.0
 20
-388.0
 10
774.0
 20
-388.0
 10
774.0
 20
-376.0
 10
754.0
 20
-376.0
  0
MTEXT
  5
3D7
330
17
100
AcDbEntity
  8
A-ANNO
 62
7
420
2106410
100
AcDbMText
 10
756.0
 20
-386.0
 30
0.0
 40
1.5
 41
22.0
 71
1
  1
SAMPLE IN
  7
ANNO
  0
MTEXT
  5
3D8
330
17
100
AcDbEntity
  8
A-ANNO
 62
7
420
5923436
100
AcDbMText
 10
738.0
 20
-474.3538290724796
 30
0.0
 40
1.6
 41
80.0
 71
1
  1
hex ~ 10.8 m  ·  1:100  ·  lab  ·  3.5
  7
ANNO
  0
HATCH
  5
3D9
330
17
100
AcDbEntity
  8
A-HATCH
 62
7
420
16580094
100
AcDbHatch
 10
0.0
 20
0.0
 30
0.0
210
0.0
220
0.0
230
1.0
  2
SOLID
 70
1
 71
0
 91
1
 92
3
 72
0
 73
1
 93
4
 10
14.0
 20
-854.0
 10
444.0
 20
-854.0
 10
444.0
 20
-556.0
 10
14.0
 20
-556.0
 97
0
 75
1
 76
1
 98
0
  0
LWPOLYLINE
  5
3DA
330
17
100
AcDbEntity
  8
A-SHEET
370
13
420
11844288
100
AcDbPolyline
 90
4
 70
1
 10
14.0
 20
-854.0
 10
444.0
 20
-854.0
 10
444.0
 20
-556.0
 10
14.0
 20
-556.0
  0
MTEXT
  5
3DB
330
17
100
AcDbEntity
  8
A-ANNO
 62
7
420
1318960
100
AcDbMText
 10
17.0
 20
-562.0
 30
0.0
 40
2.2
 41
424.0
 71
1
  1
SECTION A-A  ·  ONE CELL  ·  1:50
  7
TITLE
  0
LWPOLYLINE
  5
3DC
330
17
100
AcDbEntity
  8
A-WALL
370
40
420
1318960
100
AcDbPolyline
 90
5
 70
0
 10
54.0
 20
-834.0
 10
90.0
 20
-765.4
 10
162.0
 20
-628.2
 10
234.0
 20
-765.4
 10
270.0
 20
-834.0
  0
LINE
  5
3DD
330
17
100
AcDbEntity
  8
A-WALL
370
40
420
1318960
100
AcDbLine
 10
54.0
 20
-834.0
 30
0.0
 11
270.0
 21
-834.0
 31
0.0
  0
LINE
  5
3DE
330
17
100
AcDbEntity
  8
A-DIM
370
9
420
5923436
100
AcDbLine
 10
46.0
 20
-834.0
 30
0.0
 11
278.0
 21
-834.0
 31
0.0
  0
MTEXT
  5
3DF
330
17
100
AcDbEntity
  8
A-ANNO
 62
7
420
2106410
100
AcDbMText
 10
282.0
 20
-836.0
 30
0.0
 40
1.8
 41
55.0
 71
1
  1
+0.00  MEP / air lock
  7
ANNO
  0
LINE
  5
3E0
330
17
100
AcDbEntity
  8
A-DIM
370
9
420
5923436
100
AcDbLine
 10
46.0
 20
-764.0
 30
0.0
 11
278.0
 21
-764.0
 31
0.0
  0
MTEXT
  5
3E1
330
17
100
AcDbEntity
  8
A-ANNO
 62
7
420
2106410
100
AcDbMText
 10
282.0
 20
-766.0
 30
0.0
 40
1.8
 41
55.0
 71
1
  1
+3.50  living / lab deck
  7
ANNO
  0
LINE
  5
3E2
330
17
100
AcDbEntity
  8
A-DIM
370
9
420
5923436
100
AcDbLine
 10
46.0
 20
-694.0
 30
0.0
 11
278.0
 21
-694.0
 31
0.0
  0
MTEXT
  5
3E3
330
17
100
AcDbEntity
  8
A-ANNO
 62
7
420
2106410
100
AcDbMText
 10
282.0
 20
-696.0
 30
0.0
 40
1.8
 41
55.0
 71
1
  1
+7.00  sleep
  7
ANNO
  0
LINE
  5
3E4
330
17
100
AcDbEntity
  8
A-DIM
370
9
420
5923436
100
AcDbLine
 10
46.0
 20
-628.2
 30
0.0
 11
278.0
 21
-628.2
 31
0.0
  0
MTEXT
  5
3E5
330
17
100
AcDbEntity
  8
A-ANNO
 62
7
420
2106410
100
AcDbMText
 10
282.0
 20
-630.2
 30
0.0
 40
1.8
 41
55.0
 71
1
  1
apex ETFE
  7
ANNO
  0
LWPOLYLINE
  5
3E6
330
17
100
AcDbEntity
  8
A-SHEET
370
13
420
5923436
100
AcDbPolyline
 90
4
 70
1
 10
150.0
 20
-834.0
 10
168.0
 20
-834.0
 10
168.0
 20
-694.0
 10
150.0
 20
-694.0
  0
MTEXT
  5
3E7
330
17
100
AcDbEntity
  8
A-ANNO
 62
7
420
2106410
100
AcDbMText
 10
58.0
 20
-762.0
 30
0.0
 40
1.7
 41
70.0
 71
1
  1
portal Ø 3.60 toward neighbour
  7
ANNO
  0
MTEXT
  5
3E8
330
17
100
AcDbEntity
  8
A-ANNO
 62
7
420
5923436
100
AcDbMText
 10
58.0
 20
-858.0
 30
0.0
 40
1.6
 41
120.0
 71
1
  1
1:50  ·  usable headroom must be checked at the hex edge
  7
ANNO
  0
HATCH
  5
3E9
330
17
100
AcDbEntity
  8
A-HATCH
 62
7
420
16580094
100
AcDbHatch
 10
0.0
 20
0.0
 30
0.0
210
0.0
220
0.0
230
1.0
  2
SOLID
 70
1
 71
0
 91
1
 92
3
 72
0
 73
1
 93
4
 10
452.0
 20
-854.0
 10
886.0
 20
-854.0
 10
886.0
 20
-556.0
 10
452.0
 20
-556.0
 97
0
 75
1
 76
1
 98
0
  0
LWPOLYLINE
  5
3EA
330
17
100
AcDbEntity
  8
A-SHEET
370
13
420
11844288
100
AcDbPolyline
 90
4
 70
1
 10
452.0
 20
-854.0
 10
886.0
 20
-854.0
 10
886.0
 20
-556.0
 10
452.0
 20
-556.0
  0
MTEXT
  5
3EB
330
17
100
AcDbEntity
  8
A-ANNO
 62
7
420
1318960
100
AcDbMText
 10
455.0
 20
-562.0
 30
0.0
 40
2.2
 41
428.0
 71
1
  1
INHABITED SECTION  ·  WATERCOLOUR  (must match the 1:100 plans)
  7
TITLE
  0
IMAGE
  5
3EC
330
17
100
AcDbEntity
  8
A-RENDER
100
AcDbRasterImage
 90
0
 10
462.0
 20
-846.0
 30
0.0
 11
0.24752475247524752
 21
0.0
 31
0.0
 12
1.0609563853999346e-17
 22
0.17326732673267325
 32
0.0
 13
1616.0
 23
1616.0
340
11D
 70
3
280
0
281
50
282
50
283
0
360
3ED
 71
1
 91
2
 14
-0.5
 24
-0.5
 14
1615.5
 24
1615.5
290
0
  0
HATCH
  5
3EE
330
17
100
AcDbEntity
  8
A-HATCH
 62
7
420
16580094
100
AcDbHatch
 10
0.0
 20
0.0
 30
0.0
210
0.0
220
0.0
230
1.0
  2
SOLID
 70
1
 71
0
 91
1
 92
3
 72
0
 73
1
 93
4
 10
14.0
 20
-1056.0
 10
886.0
 20
-1056.0
 10
886.0
 20
-862.0
 10
14.0
 20
-862.0
 97
0
 75
1
 76
1
 98
0
  0
LWPOLYLINE
  5
3EF
330
17
100
AcDbEntity
  8
A-SHEET
370
13
420
11844288
100
AcDbPolyline
 90
4
 70
1
 10
14.0
 20
-1056.0
 10
886.0
 20
-1056.0
 10
886.0
 20
-862.0
 10
14.0
 20
-862.0
  0
MTEXT
  5
3F0
330
17
100
AcDbEntity
  8
A-ANNO
 62
7
420
1318960
100
AcDbMText
 10
17.0
 20
-868.0
 30
0.0
 40
2.2
 41
866.0
 71
1
  1
FIT-TEST + LIGHT / MATERIAL
  7
TITLE
  0
HATCH
  5
3F1
330
17
100
AcDbEntity
  8
A-HATCH
 62
7
420
1318960
100
AcDbHatch
 10
0.0
 20
0.0
 30
0.0
210
0.0
220
0.0
230
1.0
  2
SOLID
 70
1
 71
0
 91
1
 92
3
 72
0
 73
1
 93
4
 10
24.0
 20
-885.2
 10
544.0
 20
-885.2
 10
544.0
 20
-879.0
 10
24.0
 20
-879.0
 97
0
 75
1
 76
1
 98
0
  0
LWPOLYLINE
  5
3F2
330
17
100
AcDbEntity
  8
A-SHEET
370
9
420
11844288
100
AcDbPolyline
 90
4
 70
1
 10
24.0
 20
-885.2
 10
544.0
 20
-885.2
 10
544.0
 20
-879.0
 10
24.0
 20
-879.0
  0
MTEXT
  5
3F3
330
17
100
AcDbEntity
  8
A-TABLE
 62
7
420
16777215
100
AcDbMText
 10
25.5
 20
-883.8000000000001
 30
0.0
 40
1.7
 41
81.2
 71
1
  1
SPACE
  7
ANNO
  0
MTEXT
  5
3F4
330
17
100
AcDbEntity
  8
A-TABLE
 62
7
420
16777215
100
AcDbMText
 10
108.7
 20
-883.8000000000001
 30
0.0
 40
1.7
 41
112.4
 71
1
  1
LIGHT
  7
ANNO
  0
MTEXT
  5
3F5
330
17
100
AcDbEntity
  8
A-TABLE
 62
7
420
16777215
100
AcDbMText
 10
223.10000000000002
 20
-883.8000000000001
 30
0.0
 40
1.7
 41
112.4
 71
1
  1
MATERIAL
  7
ANNO
  0
MTEXT
  5
3F6
330
17
100
AcDbEntity
  8
A-TABLE
 62
7
420
16777215
100
AcDbMText
 10
337.5
 20
-883.8000000000001
 30
0.0
 40
1.7
 41
206.0
 71
1
  1
NOTE
  7
ANNO
  0
HATCH
  5
3F7
330
17
100
AcDbEntity
  8
A-HATCH
 62
7
420
16777215
100
AcDbHatch
 10
0.0
 20
0.0
 30
0.0
210
0.0
220
0.0
230
1.0
  2
SOLID
 70
1
 71
0
 91
1
 92
3
 72
0
 73
1
 93
4
 10
24.0
 20
-891.4000000000001
 10
544.0
 20
-891.4000000000001
 10
544.0
 20
-885.2
 10
24.0
 20
-885.2
 97
0
 75
1
 76
1
 98
0
  0
LWPOLYLINE
  5
3F8
330
17
100
AcDbEntity
  8
A-SHEET
370
9
420
11844288
100
AcDbPolyline
 90
4
 70
1
 10
24.0
 20
-891.4000000000001
 10
544.0
 20
-891.4000000000001
 10
544.0
 20
-885.2
 10
24.0
 20
-885.2
  0
MTEXT
  5
3F9
330
17
100
AcDbEntity
  8
A-TABLE
 62
7
420
2106410
100
AcDbMText
 10
25.5
 20
-890.0000000000001
 30
0.0
 40
1.7
 41
81.2
 71
1
  1
Cabin lounge +3.50
  7
ANNO
  0
MTEXT
  5
3FA
330
17
100
AcDbEntity
  8
A-TABLE
 62
7
420
2106410
100
AcDbMText
 10
108.7
 20
-890.0000000000001
 30
0.0
 40
1.7
 41
112.4
 71
1
  1
lateral + zenith
  7
ANNO
  0
MTEXT
  5
3FB
330
17
100
AcDbEntity
  8
A-TABLE
 62
7
420
2106410
100
AcDbMText
 10
223.10000000000002
 20
-890.0000000000001
 30
0.0
 40
1.7
 41
112.4
 71
1
  1
timber + textile
  7
ANNO
  0
MTEXT
  5
3FC
330
17
100
AcDbEntity
  8
A-TABLE
 62
7
420
2106410
100
AcDbMText
 10
337.5
 20
-890.0000000000001
 30
0.0
 40
1.7
 41
206.0
 71
1
  1
blackout for midnight sun
  7
ANNO
  0
HATCH
  5
3FD
330
17
100
AcDbEntity
  8
A-HATCH
 62
7
420
16116950
100
AcDbHatch
 10
0.0
 20
0.0
 30
0.0
210
0.0
220
0.0
230
1.0
  2
SOLID
 70
1
 71
0
 91
1
 92
3
 72
0
 73
1
 93
4
 10
24.0
 20
-897.6000000000001
 10
544.0
 20
-897.6000000000001
 10
544.0
 20
-891.4000000000001
 10
24.0
 20
-891.4000000000001
 97
0
 75
1
 76
1
 98
0
  0
LWPOLYLINE
  5
3FE
330
17
100
AcDbEntity
  8
A-SHEET
370
9
420
11844288
100
AcDbPolyline
 90
4
 70
1
 10
24.0
 20
-897.6000000000001
 10
544.0
 20
-897.6000000000001
 10
544.0
 20
-891.4000000000001
 10
24.0
 20
-891.4000000000001
  0
MTEXT
  5
3FF
330
17
100
AcDbEntity
  8
A-TABLE
 62
7
420
2106410
100
AcDbMText
 10
25.5
 20
-896.2000000000002
 30
0.0
 40
1.7
 41
81.2
 71
1
  1
Cabin sleep +7.00
  7
ANNO
  0
MTEXT
  5
400
330
17
100
AcDbEntity
  8
A-TABLE
 62
7
420
2106410
100
AcDbMText
 10
108.7
 20
-896.2000000000002
 30
0.0
 40
1.7
 41
112.4
 71
1
  1
apex ETFE + canopy
  7
ANNO
  0
MTEXT
  5
401
330
17
100
AcDbEntity
  8
A-TABLE
 62
7
420
2106410
100
AcDbMText
 10
223.10000000000002
 20
-896.2000000000002
 30
0.0
 40
1.7
 41
112.4
 71
1
  1
felt / timber
  7
ANNO
  0
MTEXT
  5
402
330
17
100
AcDbEntity
  8
A-TABLE
 62
7
420
2106410
100
AcDbMText
 10
337.5
 20
-896.2000000000002
 30
0.0
 40
1.7
 41
206.0
 71
1
  1
8 berths drawn — not 10
  7
ANNO
  0
HATCH
  5
403
330
17
100
AcDbEntity
  8
A-HATCH
 62
7
420
16777215
100
AcDbHatch
 10
0.0
 20
0.0
 30
0.0
210
0.0
220
0.0
230
1.0
  2
SOLID
 70
1
 71
0
 91
1
 92
3
 72
0
 73
1
 93
4
 10
24.0
 20
-903.8000000000002
 10
544.0
 20
-903.8000000000002
 10
544.0
 20
-897.6000000000001
 10
24.0
 20
-897.6000000000001
 97
0
 75
1
 76
1
 98
0
  0
LWPOLYLINE
  5
404
330
17
100
AcDbEntity
  8
A-SHEET
370
9
420
11844288
100
AcDbPolyline
 90
4
 70
1
 10
24.0
 20
-903.8000000000002
 10
544.0
 20
-903.8000000000002
 10
544.0
 20
-897.6000000000001
 10
24.0
 20
-897.6000000000001
  0
MTEXT
  5
405
330
17
100
AcDbEntity
  8
A-TABLE
 62
7
420
2106410
100
AcDbMText
 10
25.5
 20
-902.4000000000002
 30
0.0
 40
1.7
 41
81.2
 71
1
  1
Wet lab +3.50
  7
ANNO
  0
MTEXT
  5
406
330
17
100
AcDbEntity
  8
A-TABLE
 62
7
420
2106410
100
AcDbMText
 10
108.7
 20
-902.4000000000002
 30
0.0
 40
1.7
 41
112.4
 71
1
  1
controlled north
  7
ANNO
  0
MTEXT
  5
407
330
17
100
AcDbEntity
  8
A-TABLE
 62
7
420
2106410
100
AcDbMText
 10
223.10000000000002
 20
-902.4000000000002
 30
0.0
 40
1.7
 41
112.4
 71
1
  1
resin bench, CFRP
  7
ANNO
  0
MTEXT
  5
408
330
17
100
AcDbEntity
  8
A-TABLE
 62
7
420
2106410
100
AcDbMText
 10
337.5
 20
-902.4000000000002
 30
0.0
 40
1.7
 41
206.0
 71
1
  1
sample in → bench → store → out
  7
ANNO
  0
HATCH
  5
409
330
17
100
AcDbEntity
  8
A-HATCH
 62
7
420
16116950
100
AcDbHatch
 10
0.0
 20
0.0
 30
0.0
210
0.0
220
0.0
230
1.0
  2
SOLID
 70
1
 71
0
 91
1
 92
3
 72
0
 73
1
 93
4
 10
24.0
 20
-910.0000000000002
 10
544.0
 20
-910.0000000000002
 10
544.0
 20
-903.8000000000002
 10
24.0
 20
-903.8000000000002
 97
0
 75
1
 76
1
 98
0
  0
LWPOLYLINE
  5
40A
330
17
100
AcDbEntity
  8
A-SHEET
370
9
420
11844288
100
AcDbPolyline
 90
4
 70
1
 10
24.0
 20
-910.0000000000002
 10
544.0
 20
-910.0000000000002
 10
544.0
 20
-903.8000000000002
 10
24.0
 20
-903.8000000000002
  0
MTEXT
  5
40B
330
17
100
AcDbEntity
  8
A-TABLE
 62
7
420
2106410
100
AcDbMText
 10
25.5
 20
-908.6000000000003
 30
0.0
 40
1.7
 41
81.2
 71
1
  1
Sanctuary C02
  7
ANNO
  0
MTEXT
  5
40C
330
17
100
AcDbEntity
  8
A-TABLE
 62
7
420
2106410
100
AcDbMText
 10
108.7
 20
-908.6000000000003
 30
0.0
 40
1.7
 41
112.4
 71
1
  1
one sky shaft
  7
ANNO
  0
MTEXT
  5
40D
330
17
100
AcDbEntity
  8
A-TABLE
 62
7
420
2106410
100
AcDbMText
 10
223.10000000000002
 20
-908.6000000000003
 30
0.0
 40
1.7
 41
112.4
 71
1
  1
dark timber, felt
  7
ANNO
  0
MTEXT
  5
40E
330
17
100
AcDbEntity
  8
A-TABLE
 62
7
420
2106410
100
AcDbMText
 10
337.5
 20
-908.6000000000003
 30
0.0
 40
1.7
 41
206.0
 71
1
  1
not the bedroom 'celestial'
  7
ANNO
  0
HATCH
  5
40F
330
17
100
AcDbEntity
  8
A-HATCH
 62
7
420
16777215
100
AcDbHatch
 10
0.0
 20
0.0
 30
0.0
210
0.0
220
0.0
230
1.0
  2
SOLID
 70
1
 71
0
 91
1
 92
3
 72
0
 73
1
 93
4
 10
24.0
 20
-916.2000000000003
 10
544.0
 20
-916.2000000000003
 10
544.0
 20
-910.0000000000002
 10
24.0
 20
-910.0000000000002
 97
0
 75
1
 76
1
 98
0
  0
LWPOLYLINE
  5
410
330
17
100
AcDbEntity
  8
A-SHEET
370
9
420
11844288
100
AcDbPolyline
 90
4
 70
1
 10
24.0
 20
-916.2000000000003
 10
544.0
 20
-916.2000000000003
 10
544.0
 20
-910.0000000000002
 10
24.0
 20
-910.0000000000002
  0
MTEXT
  5
411
330
17
100
AcDbEntity
  8
A-TABLE
 62
7
420
2106410
100
AcDbMText
 10
25.5
 20
-914.8000000000003
 30
0.0
 40
1.7
 41
81.2
 71
1
  1
Assembly C01
  7
ANNO
  0
MTEXT
  5
412
330
17
100
AcDbEntity
  8
A-TABLE
 62
7
420
2106410
100
AcDbMText
 10
108.7
 20
-914.8000000000003
 30
0.0
 40
1.7
 41
112.4
 71
1
  1
oculus + galleries
  7
ANNO
  0
MTEXT
  5
413
330
17
100
AcDbEntity
  8
A-TABLE
 62
7
420
2106410
100
AcDbMText
 10
223.10000000000002
 20
-914.8000000000003
 30
0.0
 40
1.7
 41
112.4
 71
1
  1
timber seating
  7
ANNO
  0
MTEXT
  5
414
330
17
100
AcDbEntity
  8
A-TABLE
 62
7
420
2106410
100
AcDbMText
 10
337.5
 20
-914.8000000000003
 30
0.0
 40
1.7
 41
206.0
 71
1
  1
typological exception
  7
ANNO
  0
MTEXT
  5
415
330
17
100
AcDbEntity
  8
A-ANNO
 62
7
420
2106410
100
AcDbMText
 10
564.0
 20
-924.0
 30
0.0
 40
2.05
 41
310.0
 71
1
  3
120 people / 12 residential pods = 10 beds each was the old brief.\PThis set draws 8 berths in R06. To hold 120, Habitat needs more\Psleeping cells or bunk densification. Shown honestly on the sheet.\P\PRetractable bed canopies: sleep control without
  1
 killing the apex.
  7
ANNO
  0
LWPOLYLINE
  5
416
330
17
100
AcDbEntity
  8
A-SHEET
370
70
420
1318960
100
AcDbPolyline
 90
4
 70
1
 10
1100.0
 20
-1100.0
 10
2000.0
 20
-1100.0
 10
2000.0
 20
-200.0
 10
1100.0
 20
-200.0
  0
LWPOLYLINE
  5
417
330
17
100
AcDbEntity
  8
A-SHEET
370
25
420
1318960
100
AcDbPolyline
 90
4
 70
1
 10
1104.0
 20
-1096.0
 10
1996.0
 20
-1096.0
 10
1996.0
 20
-204.0
 10
1104.0
 20
-204.0
  0
HATCH
  5
418
330
17
100
AcDbEntity
  8
A-HATCH
 62
7
420
1318960
100
AcDbHatch
 10
0.0
 20
0.0
 30
0.0
210
0.0
220
0.0
230
1.0
  2
SOLID
 70
1
 71
0
 91
1
 92
3
 72
0
 73
1
 93
4
 10
1104.0
 20
-250.0
 10
1996.0
 20
-250.0
 10
1996.0
 20
-204.0
 10
1104.0
 20
-204.0
 97
0
 75
1
 76
1
 98
0
  0
LWPOLYLINE
  5
419
330
17
100
AcDbEntity
  8
A-TITL
100
AcDbPolyline
 90
4
 70
1
 10
1104.0
 20
-250.0
 10
1996.0
 20
-250.0
 10
1996.0
 20
-204.0
 10
1104.0
 20
-204.0
  0
MTEXT
  5
41A
330
17
100
AcDbEntity
  8
A-TITL
 62
7
420
16777215
100
AcDbMText
 10
1114.0
 20
-218.0
 30
0.0
 40
4.2
 41
200.0
 71
1
  1
THE ARCTIC LENS
  7
TITLE
  0
MTEXT
  5
41B
330
17
100
AcDbEntity
  8
A-TITL
 62
7
420
16777215
100
AcDbMText
 10
1114.0
 20
-232.0
 30
0.0
 40
6.2
 41
620.0
 71
1
  1
TAVOLA 6/7  ·  COMMONS, VOIDS & RESOURCES
  7
TITLE
  0
MTEXT
  5
41C
330
17
100
AcDbEntity
  8
A-TITL
 62
7
420
13161180
100
AcDbMText
 10
1114.0
 20
-244.0
 30
0.0
 40
2.4
 41
700.0
 71
1
  1
how absence supports collective life  ·  proposed resource strategy
  7
ANNO
  0
MTEXT
  5
41D
330
17
100
AcDbEntity
  8
A-TITL
 62
7
420
13161180
100
AcDbMText
 10
1840.0
 20
-220.0
 30
0.0
 40
2.4
 41
140.0
 71
1
  1
900 × 900 mm
  7
ANNO
  0
HATCH
  5
41E
330
17
100
AcDbEntity
  8
A-HATCH
 62
7
420
1318960
100
AcDbHatch
 10
0.0
 20
0.0
 30
0.0
210
0.0
220
0.0
230
1.0
  2
SOLID
 70
1
 71
0
 91
1
 92
3
 72
0
 73
1
 93
4
 10
1104.0
 20
-1096.0
 10
1996.0
 20
-1096.0
 10
1996.0
 20
-1072.0
 10
1104.0
 20
-1072.0
 97
0
 75
1
 76
1
 98
0
  0
LWPOLYLINE
  5
41F
330
17
100
AcDbEntity
  8
A-TITL
100
AcDbPolyline
 90
4
 70
1
 10
1104.0
 20
-1096.0
 10
1996.0
 20
-1096.0
 10
1996.0
 20
-1072.0
 10
1104.0
 20
-1072.0
  0
MTEXT
  5
420
330
17
100
AcDbEntity
  8
A-TITL
 62
7
420
16777215
100
AcDbMText
 10
1114.0
 20
-1088.0
 30
0.0
 40
2.2
 41
420.0
 71
1
  1
UNIUD  ·  DPIA  ·  Master’s Degree in Architecture
  7
ANNO
  0
MTEXT
  5
421
330
17
100
AcDbEntity
  8
A-TITL
 62
7
420
16777215
100
AcDbMText
 10
1530.0
 20
-1088.0
 30
0.0
 40
2.2
 41
360.0
 71
1
  1
Munkhtemuulen Tumenbayar  ·  A.Y. 2025/26  ·  Lofoten  68.22°N 13.56°E
  7
ANNO
  0
MTEXT
  5
422
330
17
100
AcDbEntity
  8
A-TITL
 62
7
420
16777215
100
AcDbMText
 10
1870.0
 20
-1088.0
 30
0.0
 40
2.2
 41
120.0
 71
1
  1
diagrams  ·  1:100
  7
ANNO
  0
HATCH
  5
423
330
17
100
AcDbEntity
  8
A-HATCH
 62
7
420
16580094
100
AcDbHatch
 10
0.0
 20
0.0
 30
0.0
210
0.0
220
0.0
230
1.0
  2
SOLID
 70
1
 71
0
 91
1
 92
3
 72
0
 73
1
 93
4
 10
1114.0
 20
-684.0
 10
1986.0
 20
-684.0
 10
1986.0
 20
-262.0
 10
1114.0
 20
-262.0
 97
0
 75
1
 76
1
 98
0
  0
LWPOLYLINE
  5
424
330
17
100
AcDbEntity
  8
A-SHEET
370
13
420
11844288
100
AcDbPolyline
 90
4
 70
1
 10
1114.0
 20
-684.0
 10
1986.0
 20
-684.0
 10
1986.0
 20
-262.0
 10
1114.0
 20
-262.0
  0
MTEXT
  5
425
330
17
100
AcDbEntity
  8
A-ANNO
 62
7
420
1318960
100
AcDbMText
 10
1117.0
 20
-268.0
 30
0.0
 40
2.2
 41
866.0
 71
1
  1
FOUR VOIDS  ·  OPEN VOLUME FIRST, EQUIPMENT SECOND
  7
TITLE
  0
IMAGE
  5
427
330
17
100
AcDbEntity
  8
A-RENDER
100
AcDbRasterImage
 90
0
 10
1124.0
 20
-676.0
 30
0.0
 11
0.17142857142857143
 21
0.0
 31
0.0
 12
1.049697256412017e-17
 22
0.17142857142857143
 32
0.0
 13
2100.0
 23
2380.0
340
426
 70
3
280
0
281
50
282
50
283
0
360
428
 71
1
 91
2
 14
-0.5
 24
-0.5
 14
2099.5
 24
2379.5
290
0
  0
HATCH
  5
429
330
17
100
AcDbEntity
  8
A-HATCH
 62
7
420
16777215
100
AcDbHatch
 10
0.0
 20
0.0
 30
0.0
210
0.0
220
0.0
230
1.0
  2
SOLID
 70
1
 71
0
 91
1
 92
3
 72
0
 73
1
 93
4
 10
1494.0
 20
-464.0
 10
1722.0
 20
-464.0
 10
1722.0
 20
-276.0
 10
1494.0
 20
-276.0
 97
0
 75
1
 76
1
 98
0
  0
LWPOLYLINE
  5
42A
330
17
100
AcDbEntity
  8
A-SHEET
370
20
420
15444525
100
AcDbPolyline
 90
4
 70
1
 10
1494.0
 20
-464.0
 10
1722.0
 20
-464.0
 10
1722.0
 20
-276.0
 10
1494.0
 20
-276.0
  0
LWPOLYLINE
  5
42B
330
17
100
AcDbEntity
  8
A-WALL
370
35
420
2106410
100
AcDbPolyline
 90
6
 70
1
 10
1571.712812921102
 20
-338.0
 10
1544.0
 20
-322.0
 10
1516.287187078898
 20
-338.0
 10
1516.287187078898
 20
-370.0
 10
1544.0
 20
-386.0
 10
1571.712812921102
 20
-370.0
  0
LWPOLYLINE
  5
42C
330
17
100
AcDbEntity
  8
A-WALL
370
18
420
5923436
100
AcDbPolyline
 90
6
 70
1
 10
1562.56
 20
-354.0
 10
1553.28
 20
-337.9265685057608
 10
1534.72
 20
-337.9265685057608
 10
1525.44
 20
-354.0
 10
1534.72
 20
-370.0734314942392
 10
1553.28
 20
-370.0734314942392
  0
LINE
  5
42D
330
17
100
AcDbEntity
  8
G-GRID
370
9
420
13159890
100
AcDbLine
 10
1571.712812921102
 20
-338.0
 30
0.0
 11
1544.0
 21
-354.0
 31
0.0
  0
LINE
  5
42E
330
17
100
AcDbEntity
  8
G-GRID
370
9
420
13159890
100
AcDbLine
 10
1544.0
 20
-322.0
 30
0.0
 11
1544.0
 21
-354.0
 31
0.0
  0
LINE
  5
42F
330
17
100
AcDbEntity
  8
G-GRID
370
9
420
13159890
100
AcDbLine
 10
1516.287187078898
 20
-338.0
 30
0.0
 11
1544.0
 21
-354.0
 31
0.0
  0
LINE
  5
430
330
17
100
AcDbEntity
  8
G-GRID
370
9
420
13159890
100
AcDbLine
 10
1516.287187078898
 20
-370.0
 30
0.0
 11
1544.0
 21
-354.0
 31
0.0
  0
LINE
  5
431
330
17
100
AcDbEntity
  8
G-GRID
370
9
420
13159890
100
AcDbLine
 10
1544.0
 20
-386.0
 30
0.0
 11
1544.0
 21
-354.0
 31
0.0
  0
LINE
  5
432
330
17
100
AcDbEntity
  8
G-GRID
370
9
420
13159890
100
AcDbLine
 10
1571.712812921102
 20
-370.0
 30
0.0
 11
1544.0
 21
-354.0
 31
0.0
  0
MTEXT
  5
433
330
17
100
AcDbEntity
  8
A-ANNO
 62
7
420
1318960
100
AcDbMText
 10
1584.0
 20
-314.0
 30
0.0
 40
4.5
 41
120.0
 71
1
  1
V01
  7
TITLE
  0
MTEXT
  5
434
330
17
100
AcDbEntity
  8
A-ANNO
 62
7
420
1318960
100
AcDbMText
 10
1584.0
 20
-339.0
 30
0.0
 40
2.2
 41
130.0
 71
1
  1
WIND / LISTENING
  7
TITLE
  0
MTEXT
  5
435
330
17
100
AcDbEntity
  8
A-ANNO
 62
7
420
2106410
100
AcDbMText
 10
1506.0
 20
-452.0
 30
0.0
 40
1.9
 41
200.0
 71
1
  1
Keep turbines out of the visitor path.\POpen wind channel + protected edge.
  7
ANNO
  0
HATCH
  5
436
330
17
100
AcDbEntity
  8
A-HATCH
 62
7
420
16777215
100
AcDbHatch
 10
0.0
 20
0.0
 30
0.0
210
0.0
220
0.0
230
1.0
  2
SOLID
 70
1
 71
0
 91
1
 92
3
 72
0
 73
1
 93
4
 10
1734.0
 20
-464.0
 10
1962.0
 20
-464.0
 10
1962.0
 20
-276.0
 10
1734.0
 20
-276.0
 97
0
 75
1
 76
1
 98
0
  0
LWPOLYLINE
  5
437
330
17
100
AcDbEntity
  8
A-SHEET
370
20
420
15444525
100
AcDbPolyline
 90
4
 70
1
 10
1734.0
 20
-464.0
 10
1962.0
 20
-464.0
 10
1962.0
 20
-276.0
 10
1734.0
 20
-276.0
  0
LWPOLYLINE
  5
438
330
17
100
AcDbEntity
  8
A-WALL
370
35
420
2106410
100
AcDbPolyline
 90
6
 70
1
 10
1811.712812921102
 20
-338.0
 10
1784.0
 20
-322.0
 10
1756.287187078898
 20
-338.0
 10
1756.287187078898
 20
-370.0
 10
1784.0
 20
-386.0
 10
1811.712812921102
 20
-370.0
  0
LWPOLYLINE
  5
439
330
17
100
AcDbEntity
  8
A-WALL
370
18
420
5923436
100
AcDbPolyline
 90
6
 70
1
 10
1802.56
 20
-354.0
 10
1793.28
 20
-337.9265685057608
 10
1774.72
 20
-337.9265685057608
 10
1765.44
 20
-354.0
 10
1774.72
 20
-370.0734314942392
 10
1793.28
 20
-370.0734314942392
  0
LINE
  5
43A
330
17
100
AcDbEntity
  8
G-GRID
370
9
420
13159890
100
AcDbLine
 10
1811.712812921102
 20
-338.0
 30
0.0
 11
1784.0
 21
-354.0
 31
0.0
  0
LINE
  5
43B
330
17
100
AcDbEntity
  8
G-GRID
370
9
420
13159890
100
AcDbLine
 10
1784.0
 20
-322.0
 30
0.0
 11
1784.0
 21
-354.0
 31
0.0
  0
LINE
  5
43C
330
17
100
AcDbEntity
  8
G-GRID
370
9
420
13159890
100
AcDbLine
 10
1756.287187078898
 20
-338.0
 30
0.0
 11
1784.0
 21
-354.0
 31
0.0
  0
LINE
  5
43D
330
17
100
AcDbEntity
  8
G-GRID
370
9
420
13159890
100
AcDbLine
 10
1756.287187078898
 20
-370.0
 30
0.0
 11
1784.0
 21
-354.0
 31
0.0
  0
LINE
  5
43E
330
17
100
AcDbEntity
  8
G-GRID
370
9
420
13159890
100
AcDbLine
 10
1784.0
 20
-386.0
 30
0.0
 11
1784.0
 21
-354.0
 31
0.0
  0
LINE
  5
43F
330
17
100
AcDbEntity
  8
G-GRID
370
9
420
13159890
100
AcDbLine
 10
1811.712812921102
 20
-370.0
 30
0.0
 11
1784.0
 21
-354.0
 31
0.0
  0
MTEXT
  5
440
330
17
100
AcDbEntity
  8
A-ANNO
 62
7
420
1318960
100
AcDbMText
 10
1824.0
 20
-314.0
 30
0.0
 40
4.5
 41
120.0
 71
1
  1
V02
  7
TITLE
  0
MTEXT
  5
441
330
17
100
AcDbEntity
  8
A-ANNO
 62
7
420
1318960
100
AcDbMText
 10
1824.0
 20
-339.0
 30
0.0
 40
2.2
 41
130.0
 71
1
  1
AURORA / SOLAR
  7
TITLE
  0
MTEXT
  5
442
330
17
100
AcDbEntity
  8
A-ANNO
 62
7
420
2106410
100
AcDbMText
 10
1746.0
 20
-452.0
 30
0.0
 40
1.9
 41
200.0
 71
1
  1
PV on edges only — do not cover the sky.\PSummer / winter viewing deck.
  7
ANNO
  0
HATCH
  5
443
330
17
100
AcDbEntity
  8
A-HATCH
 62
7
420
16777215
100
AcDbHatch
 10
0.0
 20
0.0
 30
0.0
210
0.0
220
0.0
230
1.0
  2
SOLID
 70
1
 71
0
 91
1
 92
3
 72
0
 73
1
 93
4
 10
1494.0
 20
-664.0
 10
1722.0
 20
-664.0
 10
1722.0
 20
-476.0
 10
1494.0
 20
-476.0
 97
0
 75
1
 76
1
 98
0
  0
LWPOLYLINE
  5
444
330
17
100
AcDbEntity
  8
A-SHEET
370
20
420
15444525
100
AcDbPolyline
 90
4
 70
1
 10
1494.0
 20
-664.0
 10
1722.0
 20
-664.0
 10
1722.0
 20
-476.0
 10
1494.0
 20
-476.0
  0
LWPOLYLINE
  5
445
330
17
100
AcDbEntity
  8
A-WALL
370
35
420
2106410
100
AcDbPolyline
 90
6
 70
1
 10
1571.712812921102
 20
-538.0
 10
1544.0
 20
-522.0
 10
1516.287187078898
 20
-538.0
 10
1516.287187078898
 20
-570.0
 10
1544.0
 20
-586.0
 10
1571.712812921102
 20
-570.0
  0
LWPOLYLINE
  5
446
330
17
100
AcDbEntity
  8
A-WALL
370
18
420
5923436
100
AcDbPolyline
 90
6
 70
1
 10
1562.56
 20
-554.0
 10
1553.28
 20
-537.9265685057608
 10
1534.72
 20
-537.9265685057608
 10
1525.44
 20
-554.0
 10
1534.72
 20
-570.0734314942392
 10
1553.28
 20
-570.0734314942392
  0
LINE
  5
447
330
17
100
AcDbEntity
  8
G-GRID
370
9
420
13159890
100
AcDbLine
 10
1571.712812921102
 20
-538.0
 30
0.0
 11
1544.0
 21
-554.0
 31
0.0
  0
LINE
  5
448
330
17
100
AcDbEntity
  8
G-GRID
370
9
420
13159890
100
AcDbLine
 10
1544.0
 20
-522.0
 30
0.0
 11
1544.0
 21
-554.0
 31
0.0
  0
LINE
  5
449
330
17
100
AcDbEntity
  8
G-GRID
370
9
420
13159890
100
AcDbLine
 10
1516.287187078898
 20
-538.0
 30
0.0
 11
1544.0
 21
-554.0
 31
0.0
  0
LINE
  5
44A
330
17
100
AcDbEntity
  8
G-GRID
370
9
420
13159890
100
AcDbLine
 10
1516.287187078898
 20
-570.0
 30
0.0
 11
1544.0
 21
-554.0
 31
0.0
  0
LINE
  5
44B
330
17
100
AcDbEntity
  8
G-GRID
370
9
420
13159890
100
AcDbLine
 10
1544.0
 20
-586.0
 30
0.0
 11
1544.0
 21
-554.0
 31
0.0
  0
LINE
  5
44C
330
17
100
AcDbEntity
  8
G-GRID
370
9
420
13159890
100
AcDbLine
 10
1571.712812921102
 20
-570.0
 30
0.0
 11
1544.0
 21
-554.0
 31
0.0
  0
MTEXT
  5
44D
330
17
100
AcDbEntity
  8
A-ANNO
 62
7
420
1318960
100
AcDbMText
 10
1584.0
 20
-514.0
 30
0.0
 40
4.5
 41
120.0
 71
1
  1
V03
  7
TITLE
  0
MTEXT
  5
44E
330
17
100
AcDbEntity
  8
A-ANNO
 62
7
420
1318960
100
AcDbMText
 10
1584.0
 20
-539.0
 30
0.0
 40
2.2
 41
130.0
 71
1
  1
LIGHT-WELL / WATER
  7
TITLE
  0
MTEXT
  5
44F
330
17
100
AcDbEntity
  8
A-ANNO
 62
7
420
2106410
100
AcDbMText
 10
1506.0
 20
-652.0
 30
0.0
 40
1.9
 41
200.0
 71
1
  1
Well stays open. Heavy tanks in Logistics,\Pnot as decoration in the void.
  7
ANNO
  0
HATCH
  5
450
330
17
100
AcDbEntity
  8
A-HATCH
 62
7
420
16777215
100
AcDbHatch
 10
0.0
 20
0.0
 30
0.0
210
0.0
220
0.0
230
1.0
  2
SOLID
 70
1
 71
0
 91
1
 92
3
 72
0
 73
1
 93
4
 10
1734.0
 20
-664.0
 10
1962.0
 20
-664.0
 10
1962.0
 20
-476.0
 10
1734.0
 20
-476.0
 97
0
 75
1
 76
1
 98
0
  0
LWPOLYLINE
  5
451
330
17
100
AcDbEntity
  8
A-SHEET
370
20
420
15444525
100
AcDbPolyline
 90
4
 70
1
 10
1734.0
 20
-664.0
 10
1962.0
 20
-664.0
 10
1962.0
 20
-476.0
 10
1734.0
 20
-476.0
  0
LWPOLYLINE
  5
452
330
17
100
AcDbEntity
  8
A-WALL
370
35
420
2106410
100
AcDbPolyline
 90
6
 70
1
 10
1811.712812921102
 20
-538.0
 10
1784.0
 20
-522.0
 10
1756.287187078898
 20
-538.0
 10
1756.287187078898
 20
-570.0
 10
1784.0
 20
-586.0
 10
1811.712812921102
 20
-570.0
  0
LWPOLYLINE
  5
453
330
17
100
AcDbEntity
  8
A-WALL
370
18
420
5923436
100
AcDbPolyline
 90
6
 70
1
 10
1802.56
 20
-554.0
 10
1793.28
 20
-537.9265685057608
 10
1774.72
 20
-537.9265685057608
 10
1765.44
 20
-554.0
 10
1774.72
 20
-570.0734314942392
 10
1793.28
 20
-570.0734314942392
  0
LINE
  5
454
330
17
100
AcDbEntity
  8
G-GRID
370
9
420
13159890
100
AcDbLine
 10
1811.712812921102
 20
-538.0
 30
0.0
 11
1784.0
 21
-554.0
 31
0.0
  0
LINE
  5
455
330
17
100
AcDbEntity
  8
G-GRID
370
9
420
13159890
100
AcDbLine
 10
1784.0
 20
-522.0
 30
0.0
 11
1784.0
 21
-554.0
 31
0.0
  0
LINE
  5
456
330
17
100
AcDbEntity
  8
G-GRID
370
9
420
13159890
100
AcDbLine
 10
1756.287187078898
 20
-538.0
 30
0.0
 11
1784.0
 21
-554.0
 31
0.0
  0
LINE
  5
457
330
17
100
AcDbEntity
  8
G-GRID
370
9
420
13159890
100
AcDbLine
 10
1756.287187078898
 20
-570.0
 30
0.0
 11
1784.0
 21
-554.0
 31
0.0
  0
LINE
  5
458
330
17
100
AcDbEntity
  8
G-GRID
370
9
420
13159890
100
AcDbLine
 10
1784.0
 20
-586.0
 30
0.0
 11
1784.0
 21
-554.0
 31
0.0
  0
LINE
  5
459
330
17
100
AcDbEntity
  8
G-GRID
370
9
420
13159890
100
AcDbLine
 10
1811.712812921102
 20
-570.0
 30
0.0
 11
1784.0
 21
-554.0
 31
0.0
  0
MTEXT
  5
45A
330
17
100
AcDbEntity
  8
A-ANNO
 62
7
420
1318960
100
AcDbMText
 10
1824.0
 20
-514.0
 30
0.0
 40
4.5
 41
120.0
 71
1
  1
V04
  7
TITLE
  0
MTEXT
  5
45B
330
17
100
AcDbEntity
  8
A-ANNO
 62
7
420
1318960
100
AcDbMText
 10
1824.0
 20
-539.0
 30
0.0
 40
2.2
 41
130.0
 71
1
  1
OCULUS / DRONE
  7
TITLE
  0
MTEXT
  5
45C
330
17
100
AcDbEntity
  8
A-ANNO
 62
7
420
2106410
100
AcDbMText
 10
1746.0
 20
-652.0
 30
0.0
 40
1.9
 41
200.0
 71
1
  1
Offset drone ledge. People ≠ deliveries.\PCivic sky remains open.
  7
ANNO
  0
HATCH
  5
45D
330
17
100
AcDbEntity
  8
A-HATCH
 62
7
420
16580094
100
AcDbHatch
 10
0.0
 20
0.0
 30
0.0
210
0.0
220
0.0
230
1.0
  2
SOLID
 70
1
 71
0
 91
1
 92
3
 72
0
 73
1
 93
4
 10
1114.0
 20
-854.0
 10
1544.0
 20
-854.0
 10
1544.0
 20
-694.0
 10
1114.0
 20
-694.0
 97
0
 75
1
 76
1
 98
0
  0
LWPOLYLINE
  5
45E
330
17
100
AcDbEntity
  8
A-SHEET
370
13
420
11844288
100
AcDbPolyline
 90
4
 70
1
 10
1114.0
 20
-854.0
 10
1544.0
 20
-854.0
 10
1544.0
 20
-694.0
 10
1114.0
 20
-694.0
  0
MTEXT
  5
45F
330
17
100
AcDbEntity
  8
A-ANNO
 62
7
420
1318960
100
AcDbMText
 10
1117.0
 20
-700.0
 30
0.0
 40
2.2
 41
424.0
 71
1
  1
RESOURCE LOOP  ·  PROPOSED (not 'solved')
  7
TITLE
  0
MTEXT
  5
460
330
17
100
AcDbEntity
  8
A-ANNO
 62
7
420
2106410
100
AcDbMText
 10
1126.0
 20
-734.0
 30
0.0
 40
2.2
 41
400.0
 71
1
  3
COLLECT   wind V01 · sun V02 · rain/snow V03 · seawater heat T04\P\PCONVERT   heat-pump T04 · PV/wind inverters in T08\P\PSTORE     thermal + optional H2 study in Logistics — not in the void\P\PDISTRIBUTE  Level 0 loops to every pod\P\PWASTE     grey
  1
water T05 · organics to Eco · solids out by cable-car\P\PBACKUP    imported fuel/food on the supply rotation — required
  7
ANNO
  0
MTEXT
  5
461
330
17
100
AcDbEntity
  8
A-ANNO
 62
7
420
5923436
100
AcDbMText
 10
1126.0
 20
-844.0
 30
0.0
 40
1.9
 41
400.0
 71
1
  1
Wind + solar symbols ≠ annual autonomy.\PRain ≠ potable sufficiency. Status: PROPOSED.
  7
ANNO
  0
HATCH
  5
462
330
17
100
AcDbEntity
  8
A-HATCH
 62
7
420
16580094
100
AcDbHatch
 10
0.0
 20
0.0
 30
0.0
210
0.0
220
0.0
230
1.0
  2
SOLID
 70
1
 71
0
 91
1
 92
3
 72
0
 73
1
 93
4
 10
1552.0
 20
-854.0
 10
1986.0
 20
-854.0
 10
1986.0
 20
-694.0
 10
1552.0
 20
-694.0
 97
0
 75
1
 76
1
 98
0
  0
LWPOLYLINE
  5
463
330
17
100
AcDbEntity
  8
A-SHEET
370
13
420
11844288
100
AcDbPolyline
 90
4
 70
1
 10
1552.0
 20
-854.0
 10
1986.0
 20
-854.0
 10
1986.0
 20
-694.0
 10
1552.0
 20
-694.0
  0
MTEXT
  5
464
330
17
100
AcDbEntity
  8
A-ANNO
 62
7
420
1318960
100
AcDbMText
 10
1555.0
 20
-700.0
 30
0.0
 40
2.2
 41
428.0
 71
1
  1
CIVIC SECTION  ·  ASSEMBLY + SANCTUARY
  7
TITLE
  0
MTEXT
  5
465
330
17
100
AcDbEntity
  8
A-ANNO
 62
7
420
2106410
100
AcDbMText
 10
1564.0
 20
-754.0
 30
0.0
 40
2.15
 41
380.0
 71
1
  3
C01 Assembly: stepped timber, tall volume,\P+3.50 and +7.00 become galleries.\PThis is a typological exception — it cannot\Palso be three full floors.\P\PC02 Sanctuary: dark, one sky shaft, still water\Pas a limited accent. Different word from the\Pb
  1
edroom 'Celestial Sanctuary'.\P\PV04 beside them keeps the square from closing.
  7
ANNO
  0
HATCH
  5
466
330
17
100
AcDbEntity
  8
A-HATCH
 62
7
420
16580094
100
AcDbHatch
 10
0.0
 20
0.0
 30
0.0
210
0.0
220
0.0
230
1.0
  2
SOLID
 70
1
 71
0
 91
1
 92
3
 72
0
 73
1
 93
4
 10
1114.0
 20
-1056.0
 10
1986.0
 20
-1056.0
 10
1986.0
 20
-862.0
 10
1114.0
 20
-862.0
 97
0
 75
1
 76
1
 98
0
  0
LWPOLYLINE
  5
467
330
17
100
AcDbEntity
  8
A-SHEET
370
13
420
11844288
100
AcDbPolyline
 90
4
 70
1
 10
1114.0
 20
-1056.0
 10
1986.0
 20
-1056.0
 10
1986.0
 20
-862.0
 10
1114.0
 20
-862.0
  0
MTEXT
  5
468
330
17
100
AcDbEntity
  8
A-ANNO
 62
7
420
1318960
100
AcDbMText
 10
1117.0
 20
-868.0
 30
0.0
 40
2.2
 41
866.0
 71
1
  1
T9  RESOURCES  ·  working register
  7
TITLE
  0
HATCH
  5
469
330
17
100
AcDbEntity
  8
A-HATCH
 62
7
420
1318960
100
AcDbHatch
 10
0.0
 20
0.0
 30
0.0
210
0.0
220
0.0
230
1.0
  2
SOLID
 70
1
 71
0
 91
1
 92
3
 72
0
 73
1
 93
4
 10
1124.0
 20
-885.0
 10
1976.0
 20
-885.0
 10
1976.0
 20
-879.0
 10
1124.0
 20
-879.0
 97
0
 75
1
 76
1
 98
0
  0
LWPOLYLINE
  5
46A
330
17
100
AcDbEntity
  8
A-SHEET
370
9
420
11844288
100
AcDbPolyline
 90
4
 70
1
 10
1124.0
 20
-885.0
 10
1976.0
 20
-885.0
 10
1976.0
 20
-879.0
 10
1124.0
 20
-879.0
  0
MTEXT
  5
46B
330
17
100
AcDbEntity
  8
A-TABLE
 62
7
420
16777215
100
AcDbMText
 10
1125.5
 20
-883.6
 30
0.0
 40
1.7
 41
134.32
 71
1
  1
SOURCE
  7
ANNO
  0
MTEXT
  5
46C
330
17
100
AcDbEntity
  8
A-TABLE
 62
7
420
16777215
100
AcDbMText
 10
1261.82
 20
-883.6
 30
0.0
 40
1.7
 41
185.44
 71
1
  1
CONVERSION
  7
ANNO
  0
MTEXT
  5
46D
330
17
100
AcDbEntity
  8
A-TABLE
 62
7
420
16777215
100
AcDbMText
 10
1449.26
 20
-883.6
 30
0.0
 40
1.7
 41
185.44
 71
1
  1
STORAGE
  7
ANNO
  0
MTEXT
  5
46E
330
17
100
AcDbEntity
  8
A-TABLE
 62
7
420
16777215
100
AcDbMText
 10
1636.7
 20
-883.6
 30
0.0
 40
1.7
 41
338.8
 71
1
  1
STATUS
  7
ANNO
  0
HATCH
  5
46F
330
17
100
AcDbEntity
  8
A-HATCH
 62
7
420
16777215
100
AcDbHatch
 10
0.0
 20
0.0
 30
0.0
210
0.0
220
0.0
230
1.0
  2
SOLID
 70
1
 71
0
 91
1
 92
3
 72
0
 73
1
 93
4
 10
1124.0
 20
-891.0
 10
1976.0
 20
-891.0
 10
1976.0
 20
-885.0
 10
1124.0
 20
-885.0
 97
0
 75
1
 76
1
 98
0
  0
LWPOLYLINE
  5
470
330
17
100
AcDbEntity
  8
A-SHEET
370
9
420
11844288
100
AcDbPolyline
 90
4
 70
1
 10
1124.0
 20
-891.0
 10
1976.0
 20
-891.0
 10
1976.0
 20
-885.0
 10
1124.0
 20
-885.0
  0
MTEXT
  5
471
330
17
100
AcDbEntity
  8
A-TABLE
 62
7
420
2106410
100
AcDbMText
 10
1125.5
 20
-889.6
 30
0.0
 40
1.7
 41
134.32
 71
1
  1
Wind at V01
  7
ANNO
  0
MTEXT
  5
472
330
17
100
AcDbEntity
  8
A-TABLE
 62
7
420
2106410
100
AcDbMText
 10
1261.82
 20
-889.6
 30
0.0
 40
1.7
 41
185.44
 71
1
  1
turbine (study)
  7
ANNO
  0
MTEXT
  5
473
330
17
100
AcDbEntity
  8
A-TABLE
 62
7
420
2106410
100
AcDbMText
 10
1449.26
 20
-889.6
 30
0.0
 40
1.7
 41
185.44
 71
1
  1
Logistics, not V01
  7
ANNO
  0
MTEXT
  5
474
330
17
100
AcDbEntity
  8
A-TABLE
 62
7
420
2106410
100
AcDbMText
 10
1636.7
 20
-889.6
 30
0.0
 40
1.7
 41
338.8
 71
1
  1
optional / specialist
  7
ANNO
  0
HATCH
  5
475
330
17
100
AcDbEntity
  8
A-HATCH
 62
7
420
16116950
100
AcDbHatch
 10
0.0
 20
0.0
 30
0.0
210
0.0
220
0.0
230
1.0
  2
SOLID
 70
1
 71
0
 91
1
 92
3
 72
0
 73
1
 93
4
 10
1124.0
 20
-897.0
 10
1976.0
 20
-897.0
 10
1976.0
 20
-891.0
 10
1124.0
 20
-891.0
 97
0
 75
1
 76
1
 98
0
  0
LWPOLYLINE
  5
476
330
17
100
AcDbEntity
  8
A-SHEET
370
9
420
11844288
100
AcDbPolyline
 90
4
 70
1
 10
1124.0
 20
-897.0
 10
1976.0
 20
-897.0
 10
1976.0
 20
-891.0
 10
1124.0
 20
-891.0
  0
MTEXT
  5
477
330
17
100
AcDbEntity
  8
A-TABLE
 62
7
420
2106410
100
AcDbMText
 10
1125.5
 20
-895.6
 30
0.0
 40
1.7
 41
134.32
 71
1
  1
Midnight-sun PV at V02 edges
  7
ANNO
  0
MTEXT
  5
478
330
17
100
AcDbEntity
  8
A-TABLE
 62
7
420
2106410
100
AcDbMText
 10
1261.82
 20
-895.6
 30
0.0
 40
1.7
 41
185.44
 71
1
  1
inverter T08
  7
ANNO
  0
MTEXT
  5
479
330
17
100
AcDbEntity
  8
A-TABLE
 62
7
420
2106410
100
AcDbMText
 10
1449.26
 20
-895.6
 30
0.0
 40
1.7
 41
185.44
 71
1
  1
thermal store T04
  7
ANNO
  0
MTEXT
  5
47A
330
17
100
AcDbEntity
  8
A-TABLE
 62
7
420
2106410
100
AcDbMText
 10
1636.7
 20
-895.6
 30
0.0
 40
1.7
 41
338.8
 71
1
  1
proposed
  7
ANNO
  0
HATCH
  5
47B
330
17
100
AcDbEntity
  8
A-HATCH
 62
7
420
16777215
100
AcDbHatch
 10
0.0
 20
0.0
 30
0.0
210
0.0
220
0.0
230
1.0
  2
SOLID
 70
1
 71
0
 91
1
 92
3
 72
0
 73
1
 93
4
 10
1124.0
 20
-903.0
 10
1976.0
 20
-903.0
 10
1976.0
 20
-897.0
 10
1124.0
 20
-897.0
 97
0
 75
1
 76
1
 98
0
  0
LWPOLYLINE
  5
47C
330
17
100
AcDbEntity
  8
A-SHEET
370
9
420
11844288
100
AcDbPolyline
 90
4
 70
1
 10
1124.0
 20
-903.0
 10
1976.0
 20
-903.0
 10
1976.0
 20
-897.0
 10
1124.0
 20
-897.0
  0
MTEXT
  5
47D
330
17
100
AcDbEntity
  8
A-TABLE
 62
7
420
2106410
100
AcDbMText
 10
1125.5
 20
-901.6
 30
0.0
 40
1.7
 41
134.32
 71
1
  1
Rain / snow at voids
  7
ANNO
  0
MTEXT
  5
47E
330
17
100
AcDbEntity
  8
A-TABLE
 62
7
420
2106410
100
AcDbMText
 10
1261.82
 20
-901.6
 30
0.0
 40
1.7
 41
185.44
 71
1
  1
treatment T05
  7
ANNO
  0
MTEXT
  5
47F
330
17
100
AcDbEntity
  8
A-TABLE
 62
7
420
2106410
100
AcDbMText
 10
1449.26
 20
-901.6
 30
0.0
 40
1.7
 41
185.44
 71
1
  1
potable tanks T08
  7
ANNO
  0
MTEXT
  5
480
330
17
100
AcDbEntity
  8
A-TABLE
 62
7
420
2106410
100
AcDbMText
 10
1636.7
 20
-901.6
 30
0.0
 40
1.7
 41
338.8
 71
1
  1
proposed — not proven
  7
ANNO
  0
HATCH
  5
481
330
17
100
AcDbEntity
  8
A-HATCH
 62
7
420
16116950
100
AcDbHatch
 10
0.0
 20
0.0
 30
0.0
210
0.0
220
0.0
230
1.0
  2
SOLID
 70
1
 71
0
 91
1
 92
3
 72
0
 73
1
 93
4
 10
1124.0
 20
-909.0
 10
1976.0
 20
-909.0
 10
1976.0
 20
-903.0
 10
1124.0
 20
-903.0
 97
0
 75
1
 76
1
 98
0
  0
LWPOLYLINE
  5
482
330
17
100
AcDbEntity
  8
A-SHEET
370
9
420
11844288
100
AcDbPolyline
 90
4
 70
1
 10
1124.0
 20
-909.0
 10
1976.0
 20
-909.0
 10
1976.0
 20
-903.0
 10
1124.0
 20
-903.0
  0
MTEXT
  5
483
330
17
100
AcDbEntity
  8
A-TABLE
 62
7
420
2106410
100
AcDbMText
 10
1125.5
 20
-907.6
 30
0.0
 40
1.7
 41
134.32
 71
1
  1
Seawater +4–6 °C @ 15 m
  7
ANNO
  0
MTEXT
  5
484
330
17
100
AcDbEntity
  8
A-TABLE
 62
7
420
2106410
100
AcDbMText
 10
1261.82
 20
-907.6
 30
0.0
 40
1.7
 41
185.44
 71
1
  1
heat-pump T04
  7
ANNO
  0
MTEXT
  5
485
330
17
100
AcDbEntity
  8
A-TABLE
 62
7
420
2106410
100
AcDbMText
 10
1449.26
 20
-907.6
 30
0.0
 40
1.7
 41
185.44
 71
1
  1
low-temp loop Lv0
  7
ANNO
  0
MTEXT
  5
486
330
17
100
AcDbEntity
  8
A-TABLE
 62
7
420
2106410
100
AcDbMText
 10
1636.7
 20
-907.6
 30
0.0
 40
1.7
 41
338.8
 71
1
  1
proposed
  7
ANNO
  0
HATCH
  5
487
330
17
100
AcDbEntity
  8
A-HATCH
 62
7
420
16777215
100
AcDbHatch
 10
0.0
 20
0.0
 30
0.0
210
0.0
220
0.0
230
1.0
  2
SOLID
 70
1
 71
0
 91
1
 92
3
 72
0
 73
1
 93
4
 10
1124.0
 20
-915.0
 10
1976.0
 20
-915.0
 10
1976.0
 20
-909.0
 10
1124.0
 20
-909.0
 97
0
 75
1
 76
1
 98
0
  0
LWPOLYLINE
  5
488
330
17
100
AcDbEntity
  8
A-SHEET
370
9
420
11844288
100
AcDbPolyline
 90
4
 70
1
 10
1124.0
 20
-915.0
 10
1976.0
 20
-915.0
 10
1976.0
 20
-909.0
 10
1124.0
 20
-909.0
  0
MTEXT
  5
489
330
17
100
AcDbEntity
  8
A-TABLE
 62
7
420
2106410
100
AcDbMText
 10
1125.5
 20
-913.6
 30
0.0
 40
1.7
 41
134.32
 71
1
  1
Supply ship / cable-car
  7
ANNO
  0
MTEXT
  5
48A
330
17
100
AcDbEntity
  8
A-TABLE
 62
7
420
2106410
100
AcDbMText
 10
1261.82
 20
-913.6
 30
0.0
 40
1.7
 41
185.44
 71
1
  1
—
  7
ANNO
  0
MTEXT
  5
48B
330
17
100
AcDbEntity
  8
A-TABLE
 62
7
420
2106410
100
AcDbMText
 10
1449.26
 20
-913.6
 30
0.0
 40
1.7
 41
185.44
 71
1
  1
T08 stores
  7
ANNO
  0
MTEXT
  5
48C
330
17
100
AcDbEntity
  8
A-TABLE
 62
7
420
2106410
100
AcDbMText
 10
1636.7
 20
-913.6
 30
0.0
 40
1.7
 41
338.8
 71
1
  1
required backup
  7
ANNO
  0
LWPOLYLINE
  5
48D
330
17
100
AcDbEntity
  8
A-SHEET
370
70
420
1318960
100
AcDbPolyline
 90
4
 70
1
 10
2200.0
 20
-1100.0
 10
3100.0
 20
-1100.0
 10
3100.0
 20
-200.0
 10
2200.0
 20
-200.0
  0
LWPOLYLINE
  5
48E
330
17
100
AcDbEntity
  8
A-SHEET
370
25
420
1318960
100
AcDbPolyline
 90
4
 70
1
 10
2204.0
 20
-1096.0
 10
3096.0
 20
-1096.0
 10
3096.0
 20
-204.0
 10
2204.0
 20
-204.0
  0
HATCH
  5
48F
330
17
100
AcDbEntity
  8
A-HATCH
 62
7
420
1318960
100
AcDbHatch
 10
0.0
 20
0.0
 30
0.0
210
0.0
220
0.0
230
1.0
  2
SOLID
 70
1
 71
0
 91
1
 92
3
 72
0
 73
1
 93
4
 10
2204.0
 20
-250.0
 10
3096.0
 20
-250.0
 10
3096.0
 20
-204.0
 10
2204.0
 20
-204.0
 97
0
 75
1
 76
1
 98
0
  0
LWPOLYLINE
  5
490
330
17
100
AcDbEntity
  8
A-TITL
100
AcDbPolyline
 90
4
 70
1
 10
2204.0
 20
-250.0
 10
3096.0
 20
-250.0
 10
3096.0
 20
-204.0
 10
2204.0
 20
-204.0
  0
MTEXT
  5
491
330
17
100
AcDbEntity
  8
A-TITL
 62
7
420
16777215
100
AcDbMText
 10
2214.0
 20
-218.0
 30
0.0
 40
4.2
 41
200.0
 71
1
  1
THE ARCTIC LENS
  7
TITLE
  0
MTEXT
  5
492
330
17
100
AcDbEntity
  8
A-TITL
 62
7
420
16777215
100
AcDbMText
 10
2214.0
 20
-232.0
 30
0.0
 40
6.2
 41
620.0
 71
1
  1
TAVOLA 7/7  ·  SEASONAL LIFE & THE OUTDOORS
  7
TITLE
  0
MTEXT
  5
493
330
17
100
AcDbEntity
  8
A-TITL
 62
7
420
13161180
100
AcDbMText
 10
2214.0
 20
-244.0
 30
0.0
 40
2.4
 41
700.0
 71
1
  1
occupation through the year  ·  zero-trace outdoor layer  ·  thresholds
  7
ANNO
  0
MTEXT
  5
494
330
17
100
AcDbEntity
  8
A-TITL
 62
7
420
13161180
100
AcDbMText
 10
2940.0
 20
-220.0
 30
0.0
 40
2.4
 41
140.0
 71
1
  1
900 × 900 mm
  7
ANNO
  0
HATCH
  5
495
330
17
100
AcDbEntity
  8
A-HATCH
 62
7
420
1318960
100
AcDbHatch
 10
0.0
 20
0.0
 30
0.0
210
0.0
220
0.0
230
1.0
  2
SOLID
 70
1
 71
0
 91
1
 92
3
 72
0
 73
1
 93
4
 10
2204.0
 20
-1096.0
 10
3096.0
 20
-1096.0
 10
3096.0
 20
-1072.0
 10
2204.0
 20
-1072.0
 97
0
 75
1
 76
1
 98
0
  0
LWPOLYLINE
  5
496
330
17
100
AcDbEntity
  8
A-TITL
100
AcDbPolyline
 90
4
 70
1
 10
2204.0
 20
-1096.0
 10
3096.0
 20
-1096.0
 10
3096.0
 20
-1072.0
 10
2204.0
 20
-1072.0
  0
MTEXT
  5
497
330
17
100
AcDbEntity
  8
A-TITL
 62
7
420
16777215
100
AcDbMText
 10
2214.0
 20
-1088.0
 30
0.0
 40
2.2
 41
420.0
 71
1
  1
UNIUD  ·  DPIA  ·  Master’s Degree in Architecture
  7
ANNO
  0
MTEXT
  5
498
330
17
100
AcDbEntity
  8
A-TITL
 62
7
420
16777215
100
AcDbMText
 10
2630.0
 20
-1088.0
 30
0.0
 40
2.2
 41
360.0
 71
1
  1
Munkhtemuulen Tumenbayar  ·  A.Y. 2025/26  ·  Lofoten  68.22°N 13.56°E
  7
ANNO
  0
MTEXT
  5
499
330
17
100
AcDbEntity
  8
A-TITL
 62
7
420
16777215
100
AcDbMText
 10
2970.0
 20
-1088.0
 30
0.0
 40
2.2
 41
120.0
 71
1
  1
1:7500  ·  diagrams
  7
ANNO
  0
HATCH
  5
49A
330
17
100
AcDbEntity
  8
A-HATCH
 62
7
420
16580094
100
AcDbHatch
 10
0.0
 20
0.0
 30
0.0
210
0.0
220
0.0
230
1.0
  2
SOLID
 70
1
 71
0
 91
1
 92
3
 72
0
 73
1
 93
4
 10
2214.0
 20
-614.0
 10
2734.0
 20
-614.0
 10
2734.0
 20
-262.0
 10
2214.0
 20
-262.0
 97
0
 75
1
 76
1
 98
0
  0
LWPOLYLINE
  5
49B
330
17
100
AcDbEntity
  8
A-SHEET
370
13
420
11844288
100
AcDbPolyline
 90
4
 70
1
 10
2214.0
 20
-614.0
 10
2734.0
 20
-614.0
 10
2734.0
 20
-262.0
 10
2214.0
 20
-262.0
  0
MTEXT
  5
49C
330
17
100
AcDbEntity
  8
A-ANNO
 62
7
420
1318960
100
AcDbMText
 10
2217.0
 20
-268.0
 30
0.0
 40
2.2
 41
514.0
 71
1
  1
SITE & EXPERIENCE MAP  ·  1:7500
  7
TITLE
  0
IMAGE
  5
49E
330
17
100
AcDbEntity
  8
A-RENDER
100
AcDbRasterImage
 90
0
 10
2222.0
 20
-606.0
 30
0.0
 11
0.11287793952967526
 21
0.0
 31
0.0
 12
6.912941555359422e-18
 22
0.1128969031752254
 32
0.0
 13
4465.0
 23
2551.0
340
49D
 70
3
280
0
281
50
282
50
283
0
360
49F
 71
1
 91
2
 14
-0.5
 24
-0.5
 14
4464.5
 24
2550.5
290
0
  0
HATCH
  5
4A0
330
17
100
AcDbEntity
  8
A-HATCH
 62
7
420
1318960
100
AcDbHatch
 10
0.0
 20
0.0
 30
0.0
210
0.0
220
0.0
230
1.0
  2
SOLID
 70
1
 71
0
 91
1
 92
3
 72
0
 73
1
 93
3
 10
2704.0
 20
-323.0
 10
2700.92
 20
-338.95
 10
2704.0
 20
-335.1
 97
0
 75
1
 76
1
 98
0
  0
LWPOLYLINE
  5
4A1
330
17
100
AcDbEntity
  8
A-ANNO
370
20
420
1318960
100
AcDbPolyline
 90
4
 70
1
 10
2704.0
 20
-323.0
 10
2700.92
 20
-338.95
 10
2704.0
 20
-335.1
 10
2707.08
 20
-338.95
  0
MTEXT
  5
4A2
330
17
100
AcDbEntity
  8
A-ANNO
 62
7
420
1318960
100
AcDbMText
 10
2700.0
 20
-321.0
 30
0.0
 40
3.0
 41
12.0
 71
2
  1
N
  7
TITLE
  0
LINE
  5
4A3
330
17
100
AcDbEntity
  8
A-DIM
370
25
420
2106410
100
AcDbLine
 10
2230.0
 20
-606.0
 30
0.0
 11
2270.0
 21
-606.0
 31
0.0
  0
LINE
  5
4A4
330
17
100
AcDbEntity
  8
A-DIM
370
25
420
2106410
100
AcDbLine
 10
2230.0
 20
-607.5
 30
0.0
 11
2230.0
 21
-604.5
 31
0.0
  0
LINE
  5
4A5
330
17
100
AcDbEntity
  8
A-DIM
370
25
420
2106410
100
AcDbLine
 10
2270.0
 20
-607.5
 30
0.0
 11
2270.0
 21
-604.5
 31
0.0
  0
MTEXT
  5
4A6
330
17
100
AcDbEntity
  8
A-ANNO
 62
7
420
2106410
100
AcDbMText
 10
2230.0
 20
-603.0
 30
0.0
 40
1.8
 41
20.0
 71
1
  1
0
  7
ANNO
  0
MTEXT
  5
4A7
330
17
100
AcDbEntity
  8
A-ANNO
 62
7
420
2106410
100
AcDbMText
 10
2260.0
 20
-603.0
 30
0.0
 40
1.8
 41
30.0
 71
1
  1
300 m
  7
ANNO
  0
MTEXT
  5
4A8
330
17
100
AcDbEntity
  8
A-ANNO
 62
7
420
5923436
100
AcDbMText
 10
2230.0
 20
-612.0
 30
0.0
 40
1.8
 41
60.0
 71
1
  1
1:7500
  7
ANNO
  0
HATCH
  5
4A9
330
17
100
AcDbEntity
  8
A-HATCH
 62
7
420
16580094
100
AcDbHatch
 10
0.0
 20
0.0
 30
0.0
210
0.0
220
0.0
230
1.0
  2
SOLID
 70
1
 71
0
 91
1
 92
3
 72
0
 73
1
 93
4
 10
2742.0
 20
-614.0
 10
3086.0
 20
-614.0
 10
3086.0
 20
-262.0
 10
2742.0
 20
-262.0
 97
0
 75
1
 76
1
 98
0
  0
LWPOLYLINE
  5
4AA
330
17
100
AcDbEntity
  8
A-SHEET
370
13
420
11844288
100
AcDbPolyline
 90
4
 70
1
 10
2742.0
 20
-614.0
 10
3086.0
 20
-614.0
 10
3086.0
 20
-262.0
 10
2742.0
 20
-262.0
  0
MTEXT
  5
4AB
330
17
100
AcDbEntity
  8
A-ANNO
 62
7
420
1318960
100
AcDbMText
 10
2745.0
 20
-268.0
 30
0.0
 40
2.2
 41
338.0
 71
1
  1
SEASONAL WHEEL
  7
TITLE
  0
CIRCLE
  5
4AC
330
17
100
AcDbEntity
  8
A-ANNO
420
1318960
100
AcDbCircle
 10
2894.0
 20
-434.0
 30
0.0
 40
70.0
  0
MTEXT
  5
4AD
330
17
100
AcDbEntity
  8
A-ANNO
 62
7
420
1318960
100
AcDbMText
 10
2869.0
 20
-438.0
 30
0.0
 40
3.0
 41
50.0
 71
1
  1
YEAR
  7
TITLE
  0
MTEXT
  5
4AE
330
17
100
AcDbEntity
  8
A-ANNO
 62
7
420
2106410
100
AcDbMText
 10
2754.0
 20
-294.0
 30
0.0
 40
2.15
 41
320.0
 71
1
  1
SUMMER  midnight sun  ·  24 h garden  ·  blackout for sleep\PAUTUMN  storms  ·  wind-harp  ·  glass watch-room\PWINTER  aurora  ·  sauna  ·  polar night light\PSPRING  returning light  ·  trails reopen
  7
ANNO
  0
HATCH
  5
4AF
330
17
100
AcDbEntity
  8
A-HATCH
 62
7
420
16580094
100
AcDbHatch
 10
0.0
 20
0.0
 30
0.0
210
0.0
220
0.0
230
1.0
  2
SOLID
 70
1
 71
0
 91
1
 92
3
 72
0
 73
1
 93
4
 10
2214.0
 20
-854.0
 10
3086.0
 20
-854.0
 10
3086.0
 20
-624.0
 10
2214.0
 20
-624.0
 97
0
 75
1
 76
1
 98
0
  0
LWPOLYLINE
  5
4B0
330
17
100
AcDbEntity
  8
A-SHEET
370
13
420
11844288
100
AcDbPolyline
 90
4
 70
1
 10
2214.0
 20
-854.0
 10
3086.0
 20
-854.0
 10
3086.0
 20
-624.0
 10
2214.0
 20
-624.0
  0
MTEXT
  5
4B1
330
17
100
AcDbEntity
  8
A-ANNO
 62
7
420
1318960
100
AcDbMText
 10
2217.0
 20
-630.0
 30
0.0
 40
2.2
 41
866.0
 71
1
  1
OUTDOOR LAYER  ·  SEASONAL  ·  NOTHING BUILT ON THE GROUND
  7
TITLE
  0
HATCH
  5
4B2
330
17
100
AcDbEntity
  8
A-HATCH
 62
7
420
1318960
100
AcDbHatch
 10
0.0
 20
0.0
 30
0.0
210
0.0
220
0.0
230
1.0
  2
SOLID
 70
1
 71
0
 91
1
 92
3
 72
0
 73
1
 93
4
 10
2224.0
 20
-491.2
 10
3076.0
 20
-491.2
 10
3076.0
 20
-484.0
 10
2224.0
 20
-484.0
 97
0
 75
1
 76
1
 98
0
  0
LWPOLYLINE
  5
4B3
330
17
100
AcDbEntity
  8
A-SHEET
370
9
420
11844288
100
AcDbPolyline
 90
4
 70
1
 10
2224.0
 20
-491.2
 10
3076.0
 20
-491.2
 10
3076.0
 20
-484.0
 10
2224.0
 20
-484.0
  0
MTEXT
  5
4B4
330
17
100
AcDbEntity
  8
A-TABLE
 62
7
420
16777215
100
AcDbMText
 10
2225.5
 20
-489.8
 30
0.0
 40
1.7
 41
134.32
 71
1
  1
LAYER
  7
ANNO
  0
MTEXT
  5
4B5
330
17
100
AcDbEntity
  8
A-TABLE
 62
7
420
16777215
100
AcDbMText
 10
2361.82
 20
-489.8
 30
0.0
 40
1.7
 41
185.44
 71
1
  1
ACTIVITY
  7
ANNO
  0
MTEXT
  5
4B6
330
17
100
AcDbEntity
  8
A-TABLE
 62
7
420
16777215
100
AcDbMText
 10
2549.26
 20
-489.8
 30
0.0
 40
1.7
 41
185.44
 71
1
  1
START FROM
  7
ANNO
  0
MTEXT
  5
4B7
330
17
100
AcDbEntity
  8
A-TABLE
 62
7
420
16777215
100
AcDbMText
 10
2736.7000000000003
 20
-489.8
 30
0.0
 40
1.7
 41
338.8
 71
1
  1
RULE
  7
ANNO
  0
HATCH
  5
4B8
330
17
100
AcDbEntity
  8
A-HATCH
 62
7
420
16777215
100
AcDbHatch
 10
0.0
 20
0.0
 30
0.0
210
0.0
220
0.0
230
1.0
  2
SOLID
 70
1
 71
0
 91
1
 92
3
 72
0
 73
1
 93
4
 10
2224.0
 20
-498.4
 10
3076.0
 20
-498.4
 10
3076.0
 20
-491.2
 10
2224.0
 20
-491.2
 97
0
 75
1
 76
1
 98
0
  0
LWPOLYLINE
  5
4B9
330
17
100
AcDbEntity
  8
A-SHEET
370
9
420
11844288
100
AcDbPolyline
 90
4
 70
1
 10
2224.0
 20
-498.4
 10
3076.0
 20
-498.4
 10
3076.0
 20
-491.2
 10
2224.0
 20
-491.2
  0
MTEXT
  5
4BA
330
17
100
AcDbEntity
  8
A-TABLE
 62
7
420
2106410
100
AcDbMText
 10
2225.5
 20
-497.0
 30
0.0
 40
1.7
 41
134.32
 71
1
  1
LAND
  7
ANNO
  0
MTEXT
  5
4BB
330
17
100
AcDbEntity
  8
A-TABLE
 62
7
420
2106410
100
AcDbMText
 10
2361.82
 20
-497.0
 30
0.0
 40
1.7
 41
185.44
 71
1
  1
dog-sled / ski-touring
  7
ANNO
  0
MTEXT
  5
4BC
330
17
100
AcDbEntity
  8
A-TABLE
 62
7
420
2106410
100
AcDbMText
 10
2549.26
 20
-497.0
 30
0.0
 40
1.7
 41
185.44
 71
1
  1
Terminal
  7
ANNO
  0
MTEXT
  5
4BD
330
17
100
AcDbEntity
  8
A-TABLE
 62
7
420
2106410
100
AcDbMText
 10
2736.7000000000003
 20
-497.0
 30
0.0
 40
1.7
 41
338.8
 71
1
  1
seasonal track — no built path
  7
ANNO
  0
HATCH
  5
4BE
330
17
100
AcDbEntity
  8
A-HATCH
 62
7
420
16116950
100
AcDbHatch
 10
0.0
 20
0.0
 30
0.0
210
0.0
220
0.0
230
1.0
  2
SOLID
 70
1
 71
0
 91
1
 92
3
 72
0
 73
1
 93
4
 10
2224.0
 20
-505.59999999999997
 10
3076.0
 20
-505.59999999999997
 10
3076.0
 20
-498.4
 10
2224.0
 20
-498.4
 97
0
 75
1
 76
1
 98
0
  0
LWPOLYLINE
  5
4BF
330
17
100
AcDbEntity
  8
A-SHEET
370
9
420
11844288
100
AcDbPolyline
 90
4
 70
1
 10
2224.0
 20
-505.59999999999997
 10
3076.0
 20
-505.59999999999997
 10
3076.0
 20
-498.4
 10
2224.0
 20
-498.4
  0
MTEXT
  5
4C0
330
17
100
AcDbEntity
  8
A-TABLE
 62
7
420
2106410
100
AcDbMText
 10
2225.5
 20
-504.2
 30
0.0
 40
1.7
 41
134.32
 71
1
  1
SEA
  7
ANNO
  0
MTEXT
  5
4C1
330
17
100
AcDbEntity
  8
A-TABLE
 62
7
420
2106410
100
AcDbMText
 10
2361.82
 20
-504.2
 30
0.0
 40
1.7
 41
185.44
 71
1
  1
kayak / RIB  (Moskstraumen is OFF-SITE, Lofotodden–Mosken)
  7
ANNO
  0
MTEXT
  5
4C2
330
17
100
AcDbEntity
  8
A-TABLE
 62
7
420
2106410
100
AcDbMText
 10
2549.26
 20
-504.2
 30
0.0
 40
1.7
 41
185.44
 71
1
  1
floating pier
  7
ANNO
  0
MTEXT
  5
4C3
330
17
100
AcDbEntity
  8
A-TABLE
 62
7
420
2106410
100
AcDbMText
 10
2736.7000000000003
 20
-504.2
 30
0.0
 40
1.7
 41
338.8
 71
1
  1
no new quay
  7
ANNO
  0
HATCH
  5
4C4
330
17
100
AcDbEntity
  8
A-HATCH
 62
7
420
16777215
100
AcDbHatch
 10
0.0
 20
0.0
 30
0.0
210
0.0
220
0.0
230
1.0
  2
SOLID
 70
1
 71
0
 91
1
 92
3
 72
0
 73
1
 93
4
 10
2224.0
 20
-512.8
 10
3076.0
 20
-512.8
 10
3076.0
 20
-505.59999999999997
 10
2224.0
 20
-505.59999999999997
 97
0
 75
1
 76
1
 98
0
  0
LWPOLYLINE
  5
4C5
330
17
100
AcDbEntity
  8
A-SHEET
370
9
420
11844288
100
AcDbPolyline
 90
4
 70
1
 10
2224.0
 20
-512.8
 10
3076.0
 20
-512.8
 10
3076.0
 20
-505.59999999999997
 10
2224.0
 20
-505.59999999999997
  0
MTEXT
  5
4C6
330
17
100
AcDbEntity
  8
A-TABLE
 62
7
420
2106410
100
AcDbMText
 10
2225.5
 20
-511.4
 30
0.0
 40
1.7
 41
134.32
 71
1
  1
CLIFF
  7
ANNO
  0
MTEXT
  5
4C7
330
17
100
AcDbEntity
  8
A-TABLE
 62
7
420
2106410
100
AcDbMText
 10
2361.82
 20
-511.4
 30
0.0
 40
1.7
 41
185.44
 71
1
  1
ice-climbing / via-ferrata
  7
ANNO
  0
MTEXT
  5
4C8
330
17
100
AcDbEntity
  8
A-TABLE
 62
7
420
2106410
100
AcDbMText
 10
2549.26
 20
-511.4
 30
0.0
 40
1.7
 41
185.44
 71
1
  1
Terminal / cliff study G
  7
ANNO
  0
MTEXT
  5
4C9
330
17
100
AcDbEntity
  8
A-TABLE
 62
7
420
2106410
100
AcDbMText
 10
2736.7000000000003
 20
-511.4
 30
0.0
 40
1.7
 41
338.8
 71
1
  1
removable protection only
  7
ANNO
  0
HATCH
  5
4CA
330
17
100
AcDbEntity
  8
A-HATCH
 62
7
420
16116950
100
AcDbHatch
 10
0.0
 20
0.0
 30
0.0
210
0.0
220
0.0
230
1.0
  2
SOLID
 70
1
 71
0
 91
1
 92
3
 72
0
 73
1
 93
4
 10
2224.0
 20
-520.0
 10
3076.0
 20
-520.0
 10
3076.0
 20
-512.8
 10
2224.0
 20
-512.8
 97
0
 75
1
 76
1
 98
0
  0
LWPOLYLINE
  5
4CB
330
17
100
AcDbEntity
  8
A-SHEET
370
9
420
11844288
100
AcDbPolyline
 90
4
 70
1
 10
2224.0
 20
-520.0
 10
3076.0
 20
-520.0
 10
3076.0
 20
-512.8
 10
2224.0
 20
-512.8
  0
MTEXT
  5
4CC
330
17
100
AcDbEntity
  8
A-TABLE
 62
7
420
2106410
100
AcDbMText
 10
2225.5
 20
-518.6
 30
0.0
 40
1.7
 41
134.32
 71
1
  1
LEARN
  7
ANNO
  0
MTEXT
  5
4CD
330
17
100
AcDbEntity
  8
A-TABLE
 62
7
420
2106410
100
AcDbMText
 10
2361.82
 20
-518.6
 30
0.0
 40
1.7
 41
185.44
 71
1
  1
W weather · G rock · T tidal · S studio
  7
ANNO
  0
MTEXT
  5
4CE
330
17
100
AcDbEntity
  8
A-TABLE
 62
7
420
2106410
100
AcDbMText
 10
2549.26
 20
-518.6
 30
0.0
 40
1.7
 41
185.44
 71
1
  1
field points, not buildings
  7
ANNO
  0
MTEXT
  5
4CF
330
17
100
AcDbEntity
  8
A-TABLE
 62
7
420
2106410
100
AcDbMText
 10
2736.7000000000003
 20
-518.6
 30
0.0
 40
1.7
 41
338.8
 71
1
  1
observational, not construction
  7
ANNO
  0
HATCH
  5
4D0
330
17
100
AcDbEntity
  8
A-HATCH
 62
7
420
16777215
100
AcDbHatch
 10
0.0
 20
0.0
 30
0.0
210
0.0
220
0.0
230
1.0
  2
SOLID
 70
1
 71
0
 91
1
 92
3
 72
0
 73
1
 93
4
 10
2224.0
 20
-527.2
 10
3076.0
 20
-527.2
 10
3076.0
 20
-520.0
 10
2224.0
 20
-520.0
 97
0
 75
1
 76
1
 98
0
  0
LWPOLYLINE
  5
4D1
330
17
100
AcDbEntity
  8
A-SHEET
370
9
420
11844288
100
AcDbPolyline
 90
4
 70
1
 10
2224.0
 20
-527.2
 10
3076.0
 20
-527.2
 10
3076.0
 20
-520.0
 10
2224.0
 20
-520.0
  0
MTEXT
  5
4D2
330
17
100
AcDbEntity
  8
A-TABLE
 62
7
420
2106410
100
AcDbMText
 10
2225.5
 20
-525.8000000000001
 30
0.0
 40
1.7
 41
134.32
 71
1
  1
WELLNESS
  7
ANNO
  0
MTEXT
  5
4D3
330
17
100
AcDbEntity
  8
A-TABLE
 62
7
420
2106410
100
AcDbMText
 10
2361.82
 20
-525.8000000000001
 30
0.0
 40
1.7
 41
185.44
 71
1
  1
sauna → rest  (fjord plunge at PIER, not from the deck)
  7
ANNO
  0
MTEXT
  5
4D4
330
17
100
AcDbEntity
  8
A-TABLE
 62
7
420
2106410
100
AcDbMText
 10
2549.26
 20
-525.8000000000001
 30
0.0
 40
1.7
 41
185.44
 71
1
  1
R02 + Base Camp
  7
ANNO
  0
MTEXT
  5
4D5
330
17
100
AcDbEntity
  8
A-TABLE
 62
7
420
2106410
100
AcDbMText
 10
2736.7000000000003
 20
-525.8000000000001
 30
0.0
 40
1.7
 41
338.8
 71
1
  1
threshold: dry, change, close
  7
ANNO
  0
HATCH
  5
4D6
330
17
100
AcDbEntity
  8
A-HATCH
 62
7
420
16580094
100
AcDbHatch
 10
0.0
 20
0.0
 30
0.0
210
0.0
220
0.0
230
1.0
  2
SOLID
 70
1
 71
0
 91
1
 92
3
 72
0
 73
1
 93
4
 10
2214.0
 20
-1056.0
 10
2644.0
 20
-1056.0
 10
2644.0
 20
-862.0
 10
2214.0
 20
-862.0
 97
0
 75
1
 76
1
 98
0
  0
LWPOLYLINE
  5
4D7
330
17
100
AcDbEntity
  8
A-SHEET
370
13
420
11844288
100
AcDbPolyline
 90
4
 70
1
 10
2214.0
 20
-1056.0
 10
2644.0
 20
-1056.0
 10
2644.0
 20
-862.0
 10
2214.0
 20
-862.0
  0
MTEXT
  5
4D8
330
17
100
AcDbEntity
  8
A-ANNO
 62
7
420
1318960
100
AcDbMText
 10
2217.0
 20
-868.0
 30
0.0
 40
2.2
 41
424.0
 71
1
  1
WELLNESS THRESHOLD
  7
TITLE
  0
MTEXT
  5
4D9
330
17
100
AcDbEntity
  8
A-ANNO
 62
7
420
2106410
100
AcDbMText
 10
2226.0
 20
-904.0
 30
0.0
 40
2.1
 41
400.0
 71
1
  3
A jump from the hanging deck into the fjord is not a short sequence.\PSauna / rest / changing stay in Habitat (R02).\PSea-plunge, if pursued, is at the pier / Base Camp and is a\Pseparate, assessed proposal.\P\PDraw: wet clothing dry-room, water coll
  1
ection, storm closure.
  7
ANNO
  0
HATCH
  5
4DA
330
17
100
AcDbEntity
  8
A-HATCH
 62
7
420
16580094
100
AcDbHatch
 10
0.0
 20
0.0
 30
0.0
210
0.0
220
0.0
230
1.0
  2
SOLID
 70
1
 71
0
 91
1
 92
3
 72
0
 73
1
 93
4
 10
2652.0
 20
-1056.0
 10
3086.0
 20
-1056.0
 10
3086.0
 20
-862.0
 10
2652.0
 20
-862.0
 97
0
 75
1
 76
1
 98
0
  0
LWPOLYLINE
  5
4DB
330
17
100
AcDbEntity
  8
A-SHEET
370
13
420
11844288
100
AcDbPolyline
 90
4
 70
1
 10
2652.0
 20
-1056.0
 10
3086.0
 20
-1056.0
 10
3086.0
 20
-862.0
 10
2652.0
 20
-862.0
  0
MTEXT
  5
4DC
330
17
100
AcDbEntity
  8
A-ANNO
 62
7
420
1318960
100
AcDbMText
 10
2655.0
 20
-868.0
 30
0.0
 40
2.2
 41
428.0
 71
1
  1
ATMOSPHERE
  7
TITLE
  0
IMAGE
  5
4DE
330
17
100
AcDbEntity
  8
A-RENDER
100
AcDbRasterImage
 90
0
 10
2662.0
 20
-1048.0
 30
0.0
 11
0.29304029304029305
 21
0.0
 31
0.0
 12
1.4032411240230088e-17
 22
0.22916666666666666
 32
0.0
 13
1365.0
 23
768.0
340
4DD
 70
3
280
0
281
50
282
50
283
0
360
4DF
 71
1
 91
2
 14
-0.5
 24
-0.5
 14
1364.5
 24
767.5
290
0
  0
ENDSEC
  0
SECTION
  2
OBJECTS
  0
DICTIONARY
  5
A
330
0
100
AcDbDictionary
281
1
  3
ACAD_COLOR
350
B
  3
ACAD_GROUP
350
C
  3
ACAD_LAYOUT
350
D
  3
ACAD_MATERIAL
350
E
  3
ACAD_MLEADERSTYLE
350
F
  3
ACAD_MLINESTYLE
350
10
  3
ACAD_PLOTSETTINGS
350
11
  3
ACAD_PLOTSTYLENAME
350
12
  3
ACAD_SCALELIST
350
14
  3
ACAD_TABLESTYLE
350
15
  3
ACAD_VISUALSTYLE
350
16
  3
EZDXF_META
350
2D
  3
ACAD_IMAGE_VARS
350
10B
  3
ACAD_IMAGE_DICT
350
10C
  0
DICTIONARY
  5
B
330
A
100
AcDbDictionary
281
1
  0
DICTIONARY
  5
C
330
A
100
AcDbDictionary
281
1
  0
DICTIONARY
  5
D
330
A
100
AcDbDictionary
281
1
  3
Model
350
1A
  3
Layout1
350
1E
  3
TAVOLA_01
350
4E3
  3
TAVOLA_02
350
4E8
  3
TAVOLA_03
350
4ED
  3
TAVOLA_04
350
4F2
  3
TAVOLA_05
350
4F7
  3
TAVOLA_06
350
4FC
  3
TAVOLA_07
350
501
  0
DICTIONARY
  5
E
330
A
100
AcDbDictionary
281
1
  3
ByBlock
350
1F
  3
ByLayer
350
20
  3
Global
350
21
  0
DICTIONARY
  5
F
330
A
100
AcDbDictionary
281
1
  3
Standard
350
2C
  0
DICTIONARY
  5
10
330
A
100
AcDbDictionary
281
1
  3
Standard
350
22
  0
DICTIONARY
  5
11
330
A
100
AcDbDictionary
281
1
  0
ACDBDICTIONARYWDFLT
  5
12
330
A
100
AcDbDictionary
281
1
  3
Normal
350
13
100
AcDbDictionaryWithDefault
340
13
  0
ACDBPLACEHOLDER
  5
13
330
12
  0
DICTIONARY
  5
14
330
A
100
AcDbDictionary
281
1
  0
DICTIONARY
  5
15
330
A
100
AcDbDictionary
281
1
  0
DICTIONARY
  5
16
330
A
100
AcDbDictionary
281
1
  3
2dWireframe
350
5A
  3
Basic
350
5B
  3
Brighten
350
5C
  3
ColorChange
350
5D
  3
Conceptual
350
5E
  3
Dim
350
5F
  3
EdgeColorOff
350
60
  3
Facepattern
350
61
  3
Flat
350
62
  3
FlatWithEdges
350
63
  3
Gouraud
350
64
  3
GouraudWithEdges
350
65
  3
Hidden
350
66
  3
JitterOff
350
67
  3
Linepattern
350
68
  3
Modeling
350
69
  3
OverhangOff
350
6A
  3
Realistic
350
6B
  3
Shaded
350
6C
  3
Shaded with edges
350
6D
  3
Shades of Gray
350
6E
  3
Sketchy
350
6F
  3
Thicken
350
70
  3
Wireframe
350
71
  3
X-Ray
350
72
  0
LAYOUT
  5
1A
330
D
100
AcDbPlotSettings
  1

  4
A3
  6

 40
7.5
 41
20.0
 42
7.5
 43
20.0
 44
420.0
 45
297.0
 46
0.0
 47
0.0
 48
0.0
 49
0.0
140
0.0
141
0.0
142
1.0
143
1.0
 70
1024
 72
1
 73
0
 74
5
  7

 75
16
 76
0
 77
2
 78
300
147
1.0
148
0.0
149
0.0
100
AcDbLayout
  1
Model
 70
1
 71
0
 10
0.0
 20
0.0
 11
420.0
 21
297.0
 12
0.0
 22
0.0
 32
0.0
 14
1e+20
 24
1e+20
 34
1e+20
 15
-1e+20
 25
-1e+20
 35
-1e+20
146
0.0
 13
0.0
 23
0.0
 33
0.0
 16
1.0
 26
0.0
 36
0.0
 17
0.0
 27
1.0
 37
0.0
 76
1
330
17
  0
LAYOUT
  5
1E
330
D
100
AcDbPlotSettings
  1

  4
A3
  6

 40
7.5
 41
20.0
 42
7.5
 43
20.0
 44
420.0
 45
297.0
 46
0.0
 47
0.0
 48
0.0
 49
0.0
140
0.0
141
0.0
142
1.0
143
1.0
 70
0
 72
1
 73
0
 74
5
  7

 75
16
 76
0
 77
2
 78
300
147
1.0
148
0.0
149
0.0
100
AcDbLayout
  1
Layout1
 70
1
 71
1
 10
0.0
 20
0.0
 11
420.0
 21
297.0
 12
0.0
 22
0.0
 32
0.0
 14
1e+20
 24
1e+20
 34
1e+20
 15
-1e+20
 25
-1e+20
 35
-1e+20
146
0.0
 13
0.0
 23
0.0
 33
0.0
 16
1.0
 26
0.0
 36
0.0
 17
0.0
 27
1.0
 37
0.0
 76
1
330
1B
  0
MATERIAL
  5
1F
102
{ACAD_REACTORS
330
E
102
}
330
E
100
AcDbMaterial
  1
ByBlock
  2

 70
0
 40
1.0
 71
1
 41
1.0
 91
-1023410177
 42
1.0
 72
1
  3

 73
1
 74
1
 75
1
 44
0.5
 73
0
 45
1.0
 46
1.0
 77
1
  4

 78
1
 79
1
170
1
 48
1.0
171
1
  6

172
1
173
1
174
1
140
1.0
141
1.0
175
1
  7

176
1
177
1
178
1
143
1.0
179
1
  8

270
1
271
1
272
1
145
1.0
146
1.0
273
1
  9

274
1
275
1
276
1
 42
1.0
 72
1
  3

 73
1
 74
1
 75
1
 94
63
  0
MATERIAL
  5
20
102
{ACAD_REACTORS
330
E
102
}
330
E
100
AcDbMaterial
  1
ByLayer
  2

 70
0
 40
1.0
 71
1
 41
1.0
 91
-1023410177
 42
1.0
 72
1
  3

 73
1
 74
1
 75
1
 44
0.5
 73
0
 45
1.0
 46
1.0
 77
1
  4

 78
1
 79
1
170
1
 48
1.0
171
1
  6

172
1
173
1
174
1
140
1.0
141
1.0
175
1
  7

176
1
177
1
178
1
143
1.0
179
1
  8

270
1
271
1
272
1
145
1.0
146
1.0
273
1
  9

274
1
275
1
276
1
 42
1.0
 72
1
  3

 73
1
 74
1
 75
1
 94
63
  0
MATERIAL
  5
21
102
{ACAD_REACTORS
330
E
102
}
330
E
100
AcDbMaterial
  1
Global
  2

 70
0
 40
1.0
 71
1
 41
1.0
 91
-1023410177
 42
1.0
 72
1
  3

 73
1
 74
1
 75
1
 44
0.5
 73
0
 45
1.0
 46
1.0
 77
1
  4

 78
1
 79
1
170
1
 48
1.0
171
1
  6

172
1
173
1
174
1
140
1.0
141
1.0
175
1
  7

176
1
177
1
178
1
143
1.0
179
1
  8

270
1
271
1
272
1
145
1.0
146
1.0
273
1
  9

274
1
275
1
276
1
 42
1.0
 72
1
  3

 73
1
 74
1
 75
1
 94
63
  0
MLINESTYLE
  5
22
102
{ACAD_REACTORS
330
10
102
}
330
10
100
AcDbMlineStyle
  2
Standard
 70
0
  3

 62
256
 51
90.0
 52
90.0
 71
2
 49
0.5
 62
256
  6
BYLAYER
 49
-0.5
 62
256
  6
BYLAYER
  0
MLEADERSTYLE
  5
2C
102
{ACAD_REACTORS
330
F
102
}
330
F
100
AcDbMLeaderStyle
179
2
170
2
171
1
172
0
 90
2
 40
0.0
 41
0.0
173
1
 91
-1056964608
 92
-2
290
1
 42
2.0
291
1
 43
8.0
  3
Standard
 44
4.0
300

342
29
174
1
175
1
176
0
178
1
 93
-1056964608
 45
4.0
292
0
297
0
 46
4.0
 94
-1056964608
 47
1.0
 49
1.0
140
1.0
294
1
141
0.0
177
0
142
1.0
295
0
296
0
143
3.75
271
0
272
9
273
9
  0
DICTIONARY
  5
2D
330
A
100
AcDbDictionary
280
1
281
1
  3
CREATED_BY_EZDXF
350
2E
  3
WRITTEN_BY_EZDXF
350
505
  0
DICTIONARYVAR
  5
2E
330
2D
100
DictionaryVariables
280
0
  1
1.4.4 @ 2026-09-20T09:37:21.958815+00:00
  0
VISUALSTYLE
  5
5A
102
{ACAD_REACTORS
330
16
102
}
330
16
100
AcDbVisualStyle
  2
2dWireframe
 70
4
177
3
291
0
 70
58
 90
2
176
1
 90
2
176
1
 90
0
176
1
 90
0
176
1
 40
0.6
176
1
 40
30.0
176
1
 62
7
420
16777215
176
1
 90
1
176
1
 90
4
176
1
 62
7
176
1
 62
257
176
1
 90
1
176
1
 90
1
176
1
 40
1.0
176
1
 90
8
176
1
 62
7
176
1
 40
1.0
176
1
 90
1
176
1
 90
6
176
1
 90
2
176
1
 62
7
176
1
 90
5
176
1
 90
0
176
1
 90
0
176
1
290
0
176
1
 90
1
176
1
 40
0.0
176
1
 90
0
176
1
290
1
176
1
290
1
176
1
290
0
176
1
290
0
176
1
290
0
176
1
290
0
176
1
290
0
176
1
290
0
176
1
290
0
176
1
 90
50
176
1
 40
0.0
176
1
 40
1.0
176
1
 90
0
176
1
 62
18
420
0
176
1
 90
50
176
1
 90
3
176
1
 62
5
420
255
176
1
290
0
176
1
 90
50
176
1
 90
50
176
1
 90
50
176
1
290
0
176
1
 90
50
176
1
 62
256
176
0
 40
1.0
176
0
 90
2
176
1
  1
strokes_ogs.tif
176
1
290
0
176
1
 40
1.0
176
1
 40
1.0
176
1
  0
VISUALSTYLE
  5
5B
102
{ACAD_REACTORS
330
16
102
}
330
16
100
AcDbVisualStyle
  2
Basic
 70
7
177
3
291
1
 70
58
 90
2
176
1
 90
2
176
1
 90
0
176
1
 90
1
176
1
 40
0.6
176
1
 40
30.0
176
1
 62
7
420
16777215
176
1
 90
1
176
1
 90
4
176
1
 62
7
176
1
 62
257
176
1
 90
1
176
1
 90
1
176
1
 40
1.0
176
1
 90
8
176
1
 62
7
176
1
 40
1.0
176
1
 90
1
176
1
 90
6
176
1
 90
2
176
1
 62
7
176
1
 90
5
176
1
 90
0
176
1
 90
0
176
1
290
0
176
1
 90
1
176
1
 40
0.0
176
1
 90
0
176
1
290
0
176
1
290
1
176
1
290
1
176
1
290
0
176
1
290
0
176
1
290
0
176
1
290
0
176
1
290
0
176
1
290
0
176
1
 90
50
176
1
 40
0.0
176
1
 40
1.0
176
1
 90
0
176
1
 62
18
420
0
176
1
 90
50
176
1
 90
3
176
1
 62
5
420
255
176
1
290
0
176
1
 90
50
176
1
 90
50
176
1
 90
50
176
1
290
0
176
1
 90
50
176
1
 62
256
176
0
 40
1.0
176
0
 90
2
176
1
  1
strokes_ogs.tif
176
1
290
0
176
1
 40
1.0
176
1
 40
1.0
176
1
  0
VISUALSTYLE
  5
5C
102
{ACAD_REACTORS
330
16
102
}
330
16
100
AcDbVisualStyle
  2
Brighten
 70
12
177
3
291
1
 70
58
 90
2
176
1
 90
2
176
1
 90
0
176
1
 90
2
176
1
 40
0.6
176
1
 40
30.0
176
1
 62
7
420
16777215
176
1
 90
1
176
1
 90
4
176
1
 62
7
176
1
 62
257
176
1
 90
1
176
1
 90
1
176
1
 40
1.0
176
1
 90
8
176
1
 62
7
176
1
 40
1.0
176
1
 90
1
176
1
 90
6
176
1
 90
2
176
1
 62
7
176
1
 90
5
176
1
 90
0
176
1
 90
0
176
1
290
0
176
1
 90
1
176
1
 40
0.0
176
1
 90
0
176
1
290
0
176
1
290
1
176
1
290
1
176
1
290
0
176
1
290
0
176
1
290
0
176
1
290
0
176
1
290
0
176
1
290
0
176
1
 90
50
176
1
 40
0.0
176
1
 40
1.0
176
1
 90
0
176
1
 62
18
420
0
176
1
 90
50
176
1
 90
3
176
1
 62
5
420
255
176
1
290
0
176
1
 90
50
176
1
 90
50
176
1
 90
50
176
1
290
0
176
1
 90
50
176
1
 62
256
176
0
 40
1.0
176
0
 90
2
176
1
  1
strokes_ogs.tif
176
1
290
0
176
1
 40
1.0
176
1
 40
1.0
176
1
  0
VISUALSTYLE
  5
5D
102
{ACAD_REACTORS
330
16
102
}
330
16
100
AcDbVisualStyle
  2
ColorChange
 70
16
177
3
291
1
 70
58
 90
2
176
1
 90
2
176
1
 90
0
176
1
 90
2
176
1
 40
0.6
176
1
 40
30.0
176
1
 62
7
420
16777215
176
1
 90
1
176
1
 90
4
176
1
 62
7
176
1
 62
257
176
1
 90
1
176
1
 90
1
176
1
 40
1.0
176
1
 90
8
176
1
 62
7
176
1
 40
1.0
176
1
 90
1
176
1
 90
6
176
1
 90
2
176
1
 62
7
176
1
 90
5
176
1
 90
0
176
1
 90
0
176
1
290
0
176
1
 90
1
176
1
 40
0.0
176
1
 90
0
176
1
290
0
176
1
290
1
176
1
290
1
176
1
290
0
176
1
290
0
176
1
290
0
176
1
290
0
176
1
290
0
176
1
290
0
176
1
 90
50
176
1
 40
0.0
176
1
 40
1.0
176
1
 90
0
176
1
 62
18
420
0
176
1
 90
50
176
1
 90
3
176
1
 62
5
420
255
176
1
290
0
176
1
 90
50
176
1
 90
50
176
1
 90
50
176
1
290
0
176
1
 90
50
176
1
 62
256
176
0
 40
1.0
176
0
 90
2
176
1
  1
strokes_ogs.tif
176
1
290
0
176
1
 40
1.0
176
1
 40
1.0
176
1
  0
VISUALSTYLE
  5
5E
102
{ACAD_REACTORS
330
16
102
}
330
16
100
AcDbVisualStyle
  2
Conceptual
 70
9
177
3
291
0
 70
58
 90
2
176
1
 90
2
176
1
 90
0
176
1
 90
3
176
1
 40
0.6
176
1
 40
30.0
176
1
 62
7
420
16777215
176
1
 90
1
176
1
 90
4
176
1
 62
7
176
1
 62
257
176
1
 90
1
176
1
 90
1
176
1
 40
1.0
176
1
 90
8
176
1
 62
7
176
1
 40
1.0
176
1
 90
1
176
1
 90
6
176
1
 90
2
176
1
 62
7
176
1
 90
5
176
1
 90
0
176
1
 90
0
176
1
290
0
176
1
 90
1
176
1
 40
0.0
176
1
 90
0
176
1
290
0
176
1
290
1
176
1
290
1
176
1
290
0
176
1
290
0
176
1
290
0
176
1
290
0
176
1
290
0
176
1
290
0
176
1
 90
50
176
1
 40
0.0
176
1
 40
1.0
176
1
 90
0
176
1
 62
18
420
0
176
1
 90
50
176
1
 90
3
176
1
 62
5
420
255
176
1
290
0
176
1
 90
50
176
1
 90
50
176
1
 90
50
176
1
290
0
176
1
 90
50
176
1
 62
256
176
0
 40
1.0
176
0
 90
2
176
1
  1
strokes_ogs.tif
176
1
290
0
176
1
 40
1.0
176
1
 40
1.0
176
1
  0
VISUALSTYLE
  5
5F
102
{ACAD_REACTORS
330
16
102
}
330
16
100
AcDbVisualStyle
  2
Dim
 70
11
177
3
291
1
 70
58
 90
2
176
1
 90
2
176
1
 90
0
176
1
 90
2
176
1
 40
0.6
176
1
 40
30.0
176
1
 62
7
420
16777215
176
1
 90
1
176
1
 90
4
176
1
 62
7
176
1
 62
257
176
1
 90
1
176
1
 90
1
176
1
 40
1.0
176
1
 90
8
176
1
 62
7
176
1
 40
1.0
176
1
 90
1
176
1
 90
6
176
1
 90
2
176
1
 62
7
176
1
 90
5
176
1
 90
0
176
1
 90
0
176
1
290
0
176
1
 90
1
176
1
 40
0.0
176
1
 90
0
176
1
290
0
176
1
290
1
176
1
290
1
176
1
290
0
176
1
290
0
176
1
290
0
176
1
290
0
176
1
290
0
176
1
290
0
176
1
 90
50
176
1
 40
0.0
176
1
 40
1.0
176
1
 90
0
176
1
 62
18
420
0
176
1
 90
50
176
1
 90
3
176
1
 62
5
420
255
176
1
290
0
176
1
 90
50
176
1
 90
50
176
1
 90
50
176
1
290
0
176
1
 90
50
176
1
 62
256
176
0
 40
1.0
176
0
 90
2
176
1
  1
strokes_ogs.tif
176
1
290
0
176
1
 40
1.0
176
1
 40
1.0
176
1
  0
VISUALSTYLE
  5
60
102
{ACAD_REACTORS
330
16
102
}
330
16
100
AcDbVisualStyle
  2
EdgeColorOff
 70
22
177
3
291
1
 70
58
 90
2
176
1
 90
2
176
1
 90
0
176
1
 90
2
176
1
 40
0.6
176
1
 40
30.0
176
1
 62
7
420
16777215
176
1
 90
1
176
1
 90
4
176
1
 62
7
176
1
 62
257
176
1
 90
1
176
1
 90
1
176
1
 40
1.0
176
1
 90
8
176
1
 62
7
176
1
 40
1.0
176
1
 90
1
176
1
 90
6
176
1
 90
2
176
1
 62
7
176
1
 90
5
176
1
 90
0
176
1
 90
0
176
1
290
0
176
1
 90
1
176
1
 40
0.0
176
1
 90
0
176
1
290
0
176
1
290
1
176
1
290
1
176
1
290
0
176
1
290
0
176
1
290
0
176
1
290
0
176
1
290
0
176
1
290
0
176
1
 90
50
176
1
 40
0.0
176
1
 40
1.0
176
1
 90
0
176
1
 62
18
420
0
176
1
 90
50
176
1
 90
3
176
1
 62
5
420
255
176
1
290
0
176
1
 90
50
176
1
 90
50
176
1
 90
50
176
1
290
0
176
1
 90
50
176
1
 62
256
176
0
 40
1.0
176
0
 90
2
176
1
  1
strokes_ogs.tif
176
1
290
0
176
1
 40
1.0
176
1
 40
1.0
176
1
  0
VISUALSTYLE
  5
61
102
{ACAD_REACTORS
330
16
102
}
330
16
100
AcDbVisualStyle
  2
Facepattern
 70
15
177
3
291
1
 70
58
 90
2
176
1
 90
2
176
1
 90
0
176
1
 90
2
176
1
 40
0.6
176
1
 40
30.0
176
1
 62
7
420
16777215
176
1
 90
1
176
1
 90
4
176
1
 62
7
176
1
 62
257
176
1
 90
1
176
1
 90
1
176
1
 40
1.0
176
1
 90
8
176
1
 62
7
176
1
 40
1.0
176
1
 90
1
176
1
 90
6
176
1
 90
2
176
1
 62
7
176
1
 90
5
176
1
 90
0
176
1
 90
0
176
1
290
0
176
1
 90
1
176
1
 40
0.0
176
1
 90
0
176
1
290
0
176
1
290
1
176
1
290
1
176
1
290
0
176
1
290
0
176
1
290
0
176
1
290
0
176
1
290
0
176
1
290
0
176
1
 90
50
176
1
 40
0.0
176
1
 40
1.0
176
1
 90
0
176
1
 62
18
420
0
176
1
 90
50
176
1
 90
3
176
1
 62
5
420
255
176
1
290
0
176
1
 90
50
176
1
 90
50
176
1
 90
50
176
1
290
0
176
1
 90
50
176
1
 62
256
176
0
 40
1.0
176
0
 90
2
176
1
  1
strokes_ogs.tif
176
1
290
0
176
1
 40
1.0
176
1
 40
1.0
176
1
  0
VISUALSTYLE
  5
62
102
{ACAD_REACTORS
330
16
102
}
330
16
100
AcDbVisualStyle
  2
Flat
 70
0
177
3
291
1
 70
58
 90
2
176
1
 90
2
176
1
 90
0
176
1
 90
2
176
1
 40
0.6
176
1
 40
30.0
176
1
 62
7
420
16777215
176
1
 90
1
176
1
 90
4
176
1
 62
7
176
1
 62
257
176
1
 90
1
176
1
 90
1
176
1
 40
1.0
176
1
 90
8
176
1
 62
7
176
1
 40
1.0
176
1
 90
1
176
1
 90
6
176
1
 90
2
176
1
 62
7
176
1
 90
5
176
1
 90
0
176
1
 90
0
176
1
290
0
176
1
 90
1
176
1
 40
0.0
176
1
 90
0
176
1
290
0
176
1
290
1
176
1
290
1
176
1
290
0
176
1
290
0
176
1
290
0
176
1
290
0
176
1
290
0
176
1
290
0
176
1
 90
50
176
1
 40
0.0
176
1
 40
1.0
176
1
 90
0
176
1
 62
18
420
0
176
1
 90
50
176
1
 90
3
176
1
 62
5
420
255
176
1
290
0
176
1
 90
50
176
1
 90
50
176
1
 90
50
176
1
290
0
176
1
 90
50
176
1
 62
256
176
0
 40
1.0
176
0
 90
2
176
1
  1
strokes_ogs.tif
176
1
290
0
176
1
 40
1.0
176
1
 40
1.0
176
1
  0
VISUALSTYLE
  5
63
102
{ACAD_REACTORS
330
16
102
}
330
16
100
AcDbVisualStyle
  2
FlatWithEdges
 70
1
177
3
291
1
 70
58
 90
2
176
1
 90
2
176
1
 90
0
176
1
 90
2
176
1
 40
0.6
176
1
 40
30.0
176
1
 62
7
420
16777215
176
1
 90
1
176
1
 90
4
176
1
 62
7
176
1
 62
257
176
1
 90
1
176
1
 90
1
176
1
 40
1.0
176
1
 90
8
176
1
 62
7
176
1
 40
1.0
176
1
 90
1
176
1
 90
6
176
1
 90
2
176
1
 62
7
176
1
 90
5
176
1
 90
0
176
1
 90
0
176
1
290
0
176
1
 90
1
176
1
 40
0.0
176
1
 90
0
176
1
290
0
176
1
290
1
176
1
290
1
176
1
290
0
176
1
290
0
176
1
290
0
176
1
290
0
176
1
290
0
176
1
290
0
176
1
 90
50
176
1
 40
0.0
176
1
 40
1.0
176
1
 90
0
176
1
 62
18
420
0
176
1
 90
50
176
1
 90
3
176
1
 62
5
420
255
176
1
290
0
176
1
 90
50
176
1
 90
50
176
1
 90
50
176
1
290
0
176
1
 90
50
176
1
 62
256
176
0
 40
1.0
176
0
 90
2
176
1
  1
strokes_ogs.tif
176
1
290
0
176
1
 40
1.0
176
1
 40
1.0
176
1
  0
VISUALSTYLE
  5
64
102
{ACAD_REACTORS
330
16
102
}
330
16
100
AcDbVisualStyle
  2
Gouraud
 70
2
177
3
291
1
 70
58
 90
2
176
1
 90
2
176
1
 90
0
176
1
 90
2
176
1
 40
0.6
176
1
 40
30.0
176
1
 62
7
420
16777215
176
1
 90
1
176
1
 90
4
176
1
 62
7
176
1
 62
257
176
1
 90
1
176
1
 90
1
176
1
 40
1.0
176
1
 90
8
176
1
 62
7
176
1
 40
1.0
176
1
 90
1
176
1
 90
6
176
1
 90
2
176
1
 62
7
176
1
 90
5
176
1
 90
0
176
1
 90
0
176
1
290
0
176
1
 90
1
176
1
 40
0.0
176
1
 90
0
176
1
290
0
176
1
290
1
176
1
290
1
176
1
290
0
176
1
290
0
176
1
290
0
176
1
290
0
176
1
290
0
176
1
290
0
176
1
 90
50
176
1
 40
0.0
176
1
 40
1.0
176
1
 90
0
176
1
 62
18
420
0
176
1
 90
50
176
1
 90
3
176
1
 62
5
420
255
176
1
290
0
176
1
 90
50
176
1
 90
50
176
1
 90
50
176
1
290
0
176
1
 90
50
176
1
 62
256
176
0
 40
1.0
176
0
 90
2
176
1
  1
strokes_ogs.tif
176
1
290
0
176
1
 40
1.0
176
1
 40
1.0
176
1
  0
VISUALSTYLE
  5
65
102
{ACAD_REACTORS
330
16
102
}
330
16
100
AcDbVisualStyle
  2
GouraudWithEdges
 70
3
177
3
291
1
 70
58
 90
2
176
1
 90
2
176
1
 90
0
176
1
 90
2
176
1
 40
0.6
176
1
 40
30.0
176
1
 62
7
420
16777215
176
1
 90
1
176
1
 90
4
176
1
 62
7
176
1
 62
257
176
1
 90
1
176
1
 90
1
176
1
 40
1.0
176
1
 90
8
176
1
 62
7
176
1
 40
1.0
176
1
 90
1
176
1
 90
6
176
1
 90
2
176
1
 62
7
176
1
 90
5
176
1
 90
0
176
1
 90
0
176
1
290
0
176
1
 90
1
176
1
 40
0.0
176
1
 90
0
176
1
290
0
176
1
290
1
176
1
290
1
176
1
290
0
176
1
290
0
176
1
290
0
176
1
290
0
176
1
290
0
176
1
290
0
176
1
 90
50
176
1
 40
0.0
176
1
 40
1.0
176
1
 90
0
176
1
 62
18
420
0
176
1
 90
50
176
1
 90
3
176
1
 62
5
420
255
176
1
290
0
176
1
 90
50
176
1
 90
50
176
1
 90
50
176
1
290
0
176
1
 90
50
176
1
 62
256
176
0
 40
1.0
176
0
 90
2
176
1
  1
strokes_ogs.tif
176
1
290
0
176
1
 40
1.0
176
1
 40
1.0
176
1
  0
VISUALSTYLE
  5
66
102
{ACAD_REACTORS
330
16
102
}
330
16
100
AcDbVisualStyle
  2
Hidden
 70
6
177
3
291
0
 70
58
 90
2
176
1
 90
2
176
1
 90
0
176
1
 90
1
176
1
 40
0.6
176
1
 40
30.0
176
1
 62
7
420
16777215
176
1
 90
1
176
1
 90
4
176
1
 62
7
176
1
 62
257
176
1
 90
1
176
1
 90
1
176
1
 40
1.0
176
1
 90
8
176
1
 62
7
176
1
 40
1.0
176
1
 90
1
176
1
 90
6
176
1
 90
2
176
1
 62
7
176
1
 90
5
176
1
 90
0
176
1
 90
0
176
1
290
0
176
1
 90
1
176
1
 40
0.0
176
1
 90
0
176
1
290
0
176
1
290
1
176
1
290
1
176
1
290
0
176
1
290
0
176
1
290
0
176
1
290
0
176
1
290
0
176
1
290
0
176
1
 90
50
176
1
 40
0.0
176
1
 40
1.0
176
1
 90
0
176
1
 62
18
420
0
176
1
 90
50
176
1
 90
3
176
1
 62
5
420
255
176
1
290
0
176
1
 90
50
176
1
 90
50
176
1
 90
50
176
1
290
0
176
1
 90
50
176
1
 62
256
176
0
 40
1.0
176
0
 90
2
176
1
  1
strokes_ogs.tif
176
1
290
0
176
1
 40
1.0
176
1
 40
1.0
176
1
  0
VISUALSTYLE
  5
67
102
{ACAD_REACTORS
330
16
102
}
330
16
100
AcDbVisualStyle
  2
JitterOff
 70
20
177
3
291
1
 70
58
 90
2
176
1
 90
2
176
1
 90
0
176
1
 90
2
176
1
 40
0.6
176
1
 40
30.0
176
1
 62
7
420
16777215
176
1
 90
1
176
1
 90
4
176
1
 62
7
176
1
 62
257
176
1
 90
1
176
1
 90
1
176
1
 40
1.0
176
1
 90
8
176
1
 62
7
176
1
 40
1.0
176
1
 90
1
176
1
 90
6
176
1
 90
2
176
1
 62
7
176
1
 90
5
176
1
 90
0
176
1
 90
0
176
1
290
0
176
1
 90
1
176
1
 40
0.0
176
1
 90
0
176
1
290
0
176
1
290
1
176
1
290
1
176
1
290
0
176
1
290
0
176
1
290
0
176
1
290
0
176
1
290
0
176
1
290
0
176
1
 90
50
176
1
 40
0.0
176
1
 40
1.0
176
1
 90
0
176
1
 62
18
420
0
176
1
 90
50
176
1
 90
3
176
1
 62
5
420
255
176
1
290
0
176
1
 90
50
176
1
 90
50
176
1
 90
50
176
1
290
0
176
1
 90
50
176
1
 62
256
176
0
 40
1.0
176
0
 90
2
176
1
  1
strokes_ogs.tif
176
1
290
0
176
1
 40
1.0
176
1
 40
1.0
176
1
  0
VISUALSTYLE
  5
68
102
{ACAD_REACTORS
330
16
102
}
330
16
100
AcDbVisualStyle
  2
Linepattern
 70
14
177
3
291
1
 70
58
 90
2
176
1
 90
2
176
1
 90
0
176
1
 90
2
176
1
 40
0.6
176
1
 40
30.0
176
1
 62
7
420
16777215
176
1
 90
1
176
1
 90
4
176
1
 62
7
176
1
 62
257
176
1
 90
1
176
1
 90
1
176
1
 40
1.0
176
1
 90
8
176
1
 62
7
176
1
 40
1.0
176
1
 90
1
176
1
 90
6
176
1
 90
2
176
1
 62
7
176
1
 90
5
176
1
 90
0
176
1
 90
0
176
1
290
0
176
1
 90
1
176
1
 40
0.0
176
1
 90
0
176
1
290
0
176
1
290
1
176
1
290
1
176
1
290
0
176
1
290
0
176
1
290
0
176
1
290
0
176
1
290
0
176
1
290
0
176
1
 90
50
176
1
 40
0.0
176
1
 40
1.0
176
1
 90
0
176
1
 62
18
420
0
176
1
 90
50
176
1
 90
3
176
1
 62
5
420
255
176
1
290
0
176
1
 90
50
176
1
 90
50
176
1
 90
50
176
1
290
0
176
1
 90
50
176
1
 62
256
176
0
 40
1.0
176
0
 90
2
176
1
  1
strokes_ogs.tif
176
1
290
0
176
1
 40
1.0
176
1
 40
1.0
176
1
  0
VISUALSTYLE
  5
69
102
{ACAD_REACTORS
330
16
102
}
330
16
100
AcDbVisualStyle
  2
Modeling
 70
10
177
3
291
0
 70
58
 90
2
176
1
 90
2
176
1
 90
0
176
1
 90
2
176
1
 40
0.6
176
1
 40
30.0
176
1
 62
7
420
16777215
176
1
 90
1
176
1
 90
4
176
1
 62
7
176
1
 62
257
176
1
 90
1
176
1
 90
1
176
1
 40
1.0
176
1
 90
8
176
1
 62
7
176
1
 40
1.0
176
1
 90
1
176
1
 90
6
176
1
 90
2
176
1
 62
7
176
1
 90
5
176
1
 90
0
176
1
 90
0
176
1
290
0
176
1
 90
1
176
1
 40
0.0
176
1
 90
0
176
1
290
0
176
1
290
1
176
1
290
1
176
1
290
0
176
1
290
0
176
1
290
0
176
1
290
0
176
1
290
0
176
1
290
0
176
1
 90
50
176
1
 40
0.0
176
1
 40
1.0
176
1
 90
0
176
1
 62
18
420
0
176
1
 90
50
176
1
 90
3
176
1
 62
5
420
255
176
1
290
0
176
1
 90
50
176
1
 90
50
176
1
 90
50
176
1
290
0
176
1
 90
50
176
1
 62
256
176
0
 40
1.0
176
0
 90
2
176
1
  1
strokes_ogs.tif
176
1
290
0
176
1
 40
1.0
176
1
 40
1.0
176
1
  0
VISUALSTYLE
  5
6A
102
{ACAD_REACTORS
330
16
102
}
330
16
100
AcDbVisualStyle
  2
OverhangOff
 70
21
177
3
291
1
 70
58
 90
2
176
1
 90
2
176
1
 90
0
176
1
 90
2
176
1
 40
0.6
176
1
 40
30.0
176
1
 62
7
420
16777215
176
1
 90
1
176
1
 90
4
176
1
 62
7
176
1
 62
257
176
1
 90
1
176
1
 90
1
176
1
 40
1.0
176
1
 90
8
176
1
 62
7
176
1
 40
1.0
176
1
 90
1
176
1
 90
6
176
1
 90
2
176
1
 62
7
176
1
 90
5
176
1
 90
0
176
1
 90
0
176
1
290
0
176
1
 90
1
176
1
 40
0.0
176
1
 90
0
176
1
290
0
176
1
290
1
176
1
290
1
176
1
290
0
176
1
290
0
176
1
290
0
176
1
290
0
176
1
290
0
176
1
290
0
176
1
 90
50
176
1
 40
0.0
176
1
 40
1.0
176
1
 90
0
176
1
 62
18
420
0
176
1
 90
50
176
1
 90
3
176
1
 62
5
420
255
176
1
290
0
176
1
 90
50
176
1
 90
50
176
1
 90
50
176
1
290
0
176
1
 90
50
176
1
 62
256
176
0
 40
1.0
176
0
 90
2
176
1
  1
strokes_ogs.tif
176
1
290
0
176
1
 40
1.0
176
1
 40
1.0
176
1
  0
VISUALSTYLE
  5
6B
102
{ACAD_REACTORS
330
16
102
}
330
16
100
AcDbVisualStyle
  2
Realistic
 70
8
177
3
291
0
 70
58
 90
2
176
1
 90
2
176
1
 90
0
176
1
 90
2
176
1
 40
0.6
176
1
 40
30.0
176
1
 62
7
420
16777215
176
1
 90
1
176
1
 90
4
176
1
 62
7
176
1
 62
257
176
1
 90
1
176
1
 90
1
176
1
 40
1.0
176
1
 90
8
176
1
 62
7
176
1
 40
1.0
176
1
 90
1
176
1
 90
6
176
1
 90
2
176
1
 62
7
176
1
 90
5
176
1
 90
0
176
1
 90
0
176
1
290
0
176
1
 90
1
176
1
 40
0.0
176
1
 90
0
176
1
290
0
176
1
290
1
176
1
290
1
176
1
290
0
176
1
290
0
176
1
290
0
176
1
290
0
176
1
290
0
176
1
290
0
176
1
 90
50
176
1
 40
0.0
176
1
 40
1.0
176
1
 90
0
176
1
 62
18
420
0
176
1
 90
50
176
1
 90
3
176
1
 62
5
420
255
176
1
290
0
176
1
 90
50
176
1
 90
50
176
1
 90
50
176
1
290
0
176
1
 90
50
176
1
 62
256
176
0
 40
1.0
176
0
 90
2
176
1
  1
strokes_ogs.tif
176
1
290
0
176
1
 40
1.0
176
1
 40
1.0
176
1
  0
VISUALSTYLE
  5
6C
102
{ACAD_REACTORS
330
16
102
}
330
16
100
AcDbVisualStyle
  2
Shaded
 70
27
177
3
291
0
 70
58
 90
2
176
1
 90
2
176
1
 90
0
176
1
 90
2
176
1
 40
0.6
176
1
 40
30.0
176
1
 62
7
420
16777215
176
1
 90
1
176
1
 90
4
176
1
 62
7
176
1
 62
257
176
1
 90
1
176
1
 90
1
176
1
 40
1.0
176
1
 90
8
176
1
 62
7
176
1
 40
1.0
176
1
 90
1
176
1
 90
6
176
1
 90
2
176
1
 62
7
176
1
 90
5
176
1
 90
0
176
1
 90
0
176
1
290
0
176
1
 90
1
176
1
 40
0.0
176
1
 90
0
176
1
290
0
176
1
290
1
176
1
290
1
176
1
290
0
176
1
290
0
176
1
290
0
176
1
290
0
176
1
290
0
176
1
290
0
176
1
 90
50
176
1
 40
0.0
176
1
 40
1.0
176
1
 90
0
176
1
 62
18
420
0
176
1
 90
50
176
1
 90
3
176
1
 62
5
420
255
176
1
290
0
176
1
 90
50
176
1
 90
50
176
1
 90
50
176
1
290
0
176
1
 90
50
176
1
 62
256
176
0
 40
1.0
176
0
 90
2
176
1
  1
strokes_ogs.tif
176
1
290
0
176
1
 40
1.0
176
1
 40
1.0
176
1
  0
VISUALSTYLE
  5
6D
102
{ACAD_REACTORS
330
16
102
}
330
16
100
AcDbVisualStyle
  2
Shaded with edges
 70
26
177
3
291
0
 70
58
 90
2
176
1
 90
2
176
1
 90
0
176
1
 90
2
176
1
 40
0.6
176
1
 40
30.0
176
1
 62
7
420
16777215
176
1
 90
1
176
1
 90
4
176
1
 62
7
176
1
 62
257
176
1
 90
1
176
1
 90
1
176
1
 40
1.0
176
1
 90
8
176
1
 62
7
176
1
 40
1.0
176
1
 90
1
176
1
 90
6
176
1
 90
2
176
1
 62
7
176
1
 90
5
176
1
 90
0
176
1
 90
0
176
1
290
0
176
1
 90
1
176
1
 40
0.0
176
1
 90
0
176
1
290
0
176
1
290
1
176
1
290
1
176
1
290
0
176
1
290
0
176
1
290
0
176
1
290
0
176
1
290
0
176
1
290
0
176
1
 90
50
176
1
 40
0.0
176
1
 40
1.0
176
1
 90
0
176
1
 62
18
420
0
176
1
 90
50
176
1
 90
3
176
1
 62
5
420
255
176
1
290
0
176
1
 90
50
176
1
 90
50
176
1
 90
50
176
1
290
0
176
1
 90
50
176
1
 62
256
176
0
 40
1.0
176
0
 90
2
176
1
  1
strokes_ogs.tif
176
1
290
0
176
1
 40
1.0
176
1
 40
1.0
176
1
  0
VISUALSTYLE
  5
6E
102
{ACAD_REACTORS
330
16
102
}
330
16
100
AcDbVisualStyle
  2
Shades of Gray
 70
23
177
3
291
0
 70
58
 90
2
176
1
 90
2
176
1
 90
0
176
1
 90
2
176
1
 40
0.6
176
1
 40
30.0
176
1
 62
7
420
16777215
176
1
 90
1
176
1
 90
4
176
1
 62
7
176
1
 62
257
176
1
 90
1
176
1
 90
1
176
1
 40
1.0
176
1
 90
8
176
1
 62
7
176
1
 40
1.0
176
1
 90
1
176
1
 90
6
176
1
 90
2
176
1
 62
7
176
1
 90
5
176
1
 90
0
176
1
 90
0
176
1
290
0
176
1
 90
1
176
1
 40
0.0
176
1
 90
0
176
1
290
0
176
1
290
1
176
1
290
1
176
1
290
0
176
1
290
0
176
1
290
0
176
1
290
0
176
1
290
0
176
1
290
0
176
1
 90
50
176
1
 40
0.0
176
1
 40
1.0
176
1
 90
0
176
1
 62
18
420
0
176
1
 90
50
176
1
 90
3
176
1
 62
5
420
255
176
1
290
0
176
1
 90
50
176
1
 90
50
176
1
 90
50
176
1
290
0
176
1
 90
50
176
1
 62
256
176
0
 40
1.0
176
0
 90
2
176
1
  1
strokes_ogs.tif
176
1
290
0
176
1
 40
1.0
176
1
 40
1.0
176
1
  0
VISUALSTYLE
  5
6F
102
{ACAD_REACTORS
330
16
102
}
330
16
100
AcDbVisualStyle
  2
Sketchy
 70
24
177
3
291
0
 70
58
 90
2
176
1
 90
2
176
1
 90
0
176
1
 90
1
176
1
 40
0.6
176
1
 40
30.0
176
1
 62
7
420
16777215
176
1
 90
1
176
1
 90
4
176
1
 62
7
176
1
 62
257
176
1
 90
1
176
1
 90
1
176
1
 40
1.0
176
1
 90
8
176
1
 62
7
176
1
 40
1.0
176
1
 90
1
176
1
 90
6
176
1
 90
2
176
1
 62
7
176
1
 90
5
176
1
 90
0
176
1
 90
0
176
1
290
0
176
1
 90
1
176
1
 40
0.0
176
1
 90
0
176
1
290
0
176
1
290
1
176
1
290
1
176
1
290
0
176
1
290
0
176
1
290
0
176
1
290
0
176
1
290
0
176
1
290
0
176
1
 90
50
176
1
 40
0.0
176
1
 40
1.0
176
1
 90
0
176
1
 62
18
420
0
176
1
 90
50
176
1
 90
3
176
1
 62
5
420
255
176
1
290
0
176
1
 90
50
176
1
 90
50
176
1
 90
50
176
1
290
0
176
1
 90
50
176
1
 62
256
176
0
 40
1.0
176
0
 90
2
176
1
  1
strokes_ogs.tif
176
1
290
0
176
1
 40
1.0
176
1
 40
1.0
176
1
  0
VISUALSTYLE
  5
70
102
{ACAD_REACTORS
330
16
102
}
330
16
100
AcDbVisualStyle
  2
Thicken
 70
13
177
3
291
1
 70
58
 90
2
176
1
 90
2
176
1
 90
0
176
1
 90
2
176
1
 40
0.6
176
1
 40
30.0
176
1
 62
7
420
16777215
176
1
 90
1
176
1
 90
4
176
1
 62
7
176
1
 62
257
176
1
 90
1
176
1
 90
1
176
1
 40
1.0
176
1
 90
8
176
1
 62
7
176
1
 40
1.0
176
1
 90
1
176
1
 90
6
176
1
 90
2
176
1
 62
7
176
1
 90
5
176
1
 90
0
176
1
 90
0
176
1
290
0
176
1
 90
1
176
1
 40
0.0
176
1
 90
0
176
1
290
0
176
1
290
1
176
1
290
1
176
1
290
0
176
1
290
0
176
1
290
0
176
1
290
0
176
1
290
0
176
1
290
0
176
1
 90
50
176
1
 40
0.0
176
1
 40
1.0
176
1
 90
0
176
1
 62
18
420
0
176
1
 90
50
176
1
 90
3
176
1
 62
5
420
255
176
1
290
0
176
1
 90
50
176
1
 90
50
176
1
 90
50
176
1
290
0
176
1
 90
50
176
1
 62
256
176
0
 40
1.0
176
0
 90
2
176
1
  1
strokes_ogs.tif
176
1
290
0
176
1
 40
1.0
176
1
 40
1.0
176
1
  0
VISUALSTYLE
  5
71
102
{ACAD_REACTORS
330
16
102
}
330
16
100
AcDbVisualStyle
  2
Wireframe
 70
5
177
3
291
0
 70
58
 90
2
176
1
 90
2
176
1
 90
0
176
1
 90
0
176
1
 40
0.6
176
1
 40
30.0
176
1
 62
7
420
16777215
176
1
 90
1
176
1
 90
4
176
1
 62
7
176
1
 62
257
176
1
 90
1
176
1
 90
1
176
1
 40
1.0
176
1
 90
8
176
1
 62
7
176
1
 40
1.0
176
1
 90
1
176
1
 90
6
176
1
 90
2
176
1
 62
7
176
1
 90
5
176
1
 90
0
176
1
 90
0
176
1
290
0
176
1
 90
1
176
1
 40
0.0
176
1
 90
0
176
1
290
0
176
1
290
1
176
1
290
1
176
1
290
0
176
1
290
0
176
1
290
0
176
1
290
0
176
1
290
0
176
1
290
0
176
1
 90
50
176
1
 40
0.0
176
1
 40
1.0
176
1
 90
0
176
1
 62
18
420
0
176
1
 90
50
176
1
 90
3
176
1
 62
5
420
255
176
1
290
0
176
1
 90
50
176
1
 90
50
176
1
 90
50
176
1
290
0
176
1
 90
50
176
1
 62
256
176
0
 40
1.0
176
0
 90
2
176
1
  1
strokes_ogs.tif
176
1
290
0
176
1
 40
1.0
176
1
 40
1.0
176
1
  0
VISUALSTYLE
  5
72
102
{ACAD_REACTORS
330
16
102
}
330
16
100
AcDbVisualStyle
  2
X-Ray
 70
25
177
3
291
0
 70
58
 90
2
176
1
 90
2
176
1
 90
0
176
1
 90
2
176
1
 40
0.5
176
1
 40
30.0
176
1
 62
7
420
16777215
176
1
 90
1
176
1
 90
4
176
1
 62
7
176
1
 62
257
176
1
 90
1
176
1
 90
1
176
1
 40
1.0
176
1
 90
8
176
1
 62
7
176
1
 40
1.0
176
1
 90
1
176
1
 90
6
176
1
 90
2
176
1
 62
7
176
1
 90
5
176
1
 90
0
176
1
 90
0
176
1
290
0
176
1
 90
1
176
1
 40
0.0
176
1
 90
0
176
1
290
0
176
1
290
1
176
1
290
1
176
1
290
0
176
1
290
0
176
1
290
0
176
1
290
0
176
1
290
0
176
1
290
0
176
1
 90
50
176
1
 40
0.0
176
1
 40
1.0
176
1
 90
0
176
1
 62
18
420
0
176
1
 90
50
176
1
 90
3
176
1
 62
5
420
255
176
1
290
0
176
1
 90
50
176
1
 90
50
176
1
 90
50
176
1
290
0
176
1
 90
50
176
1
 62
256
176
0
 40
1.0
176
0
 90
2
176
1
  1
strokes_ogs.tif
176
1
290
0
176
1
 40
1.0
176
1
 40
1.0
176
1
  0
RASTERVARIABLES
  5
10B
102
{ACAD_REACTORS
330
A
102
}
330
A
100
AcDbRasterVariables
 90
0
 70
0
 71
1
 72
3
  0
DICTIONARY
  5
10C
330
A
100
AcDbDictionary
281
1
  3
assets/site_connections.png
350
10D
  3
assets/GENDO_NORWAY_8EC8.png
350
11D
  3
assets/render_cable_hi2.png
350
120
  3
assets/how_it_works.png
350
13D
  3
assets/section_circulation.png
350
17B
  3
assets/void_sketches.png
350
426
  3
assets/site_experience_map.png
350
49D
  3
assets/render 3.png
350
4DD
  0
IMAGEDEF
  5
10D
102
{ACAD_REACTORS
330
10C
330
10F
330
139
102
}
330
10C
100
AcDbRasterImageDef
 90
0
  1
assets/site_connections.png
 10
4465.0
 20
2551.0
 11
0.01
 21
0.01
280
1
281
0
  0
IMAGEDEF_REACTOR
  5
10F
330
10E
100
AcDbRasterImageDefReactor
 90
2
330
10E
  0
IMAGEDEF
  5
11D
102
{ACAD_REACTORS
330
10C
330
11F
330
3ED
102
}
330
10C
100
AcDbRasterImageDef
 90
0
  1
assets/GENDO_NORWAY_8EC8.png
 10
1616.0
 20
1616.0
 11
0.01
 21
0.01
280
1
281
0
  0
IMAGEDEF_REACTOR
  5
11F
330
11E
100
AcDbRasterImageDefReactor
 90
2
330
11E
  0
IMAGEDEF
  5
120
102
{ACAD_REACTORS
330
10C
330
122
102
}
330
10C
100
AcDbRasterImageDef
 90
0
  1
assets/render_cable_hi2.png
 10
1392.0
 20
839.0
 11
0.01
 21
0.01
280
1
281
0
  0
IMAGEDEF_REACTOR
  5
122
330
121
100
AcDbRasterImageDefReactor
 90
2
330
121
  0
IMAGEDEF_REACTOR
  5
139
330
138
100
AcDbRasterImageDefReactor
 90
2
330
138
  0
IMAGEDEF
  5
13D
102
{ACAD_REACTORS
330
10C
330
13F
102
}
330
10C
100
AcDbRasterImageDef
 90
0
  1
assets/how_it_works.png
 10
1416.0
 20
1416.0
 11
0.01
 21
0.01
280
1
281
0
  0
IMAGEDEF_REACTOR
  5
13F
330
13E
100
AcDbRasterImageDefReactor
 90
2
330
13E
  0
IMAGEDEF
  5
17B
102
{ACAD_REACTORS
330
10C
330
17D
102
}
330
10C
100
AcDbRasterImageDef
 90
0
  1
assets/section_circulation.png
 10
1300.0
 20
1300.0
 11
0.01
 21
0.01
280
1
281
0
  0
IMAGEDEF_REACTOR
  5
17D
330
17C
100
AcDbRasterImageDefReactor
 90
2
330
17C
  0
IMAGEDEF_REACTOR
  5
3ED
330
3EC
100
AcDbRasterImageDefReactor
 90
2
330
3EC
  0
IMAGEDEF
  5
426
102
{ACAD_REACTORS
330
10C
330
428
102
}
330
10C
100
AcDbRasterImageDef
 90
0
  1
assets/void_sketches.png
 10
2100.0
 20
2380.0
 11
0.01
 21
0.01
280
1
281
0
  0
IMAGEDEF_REACTOR
  5
428
330
427
100
AcDbRasterImageDefReactor
 90
2
330
427
  0
IMAGEDEF
  5
49D
102
{ACAD_REACTORS
330
10C
330
49F
102
}
330
10C
100
AcDbRasterImageDef
 90
0
  1
assets/site_experience_map.png
 10
4465.0
 20
2551.0
 11
0.01
 21
0.01
280
1
281
0
  0
IMAGEDEF_REACTOR
  5
49F
330
49E
100
AcDbRasterImageDefReactor
 90
2
330
49E
  0
IMAGEDEF
  5
4DD
102
{ACAD_REACTORS
330
10C
330
4DF
102
}
330
10C
100
AcDbRasterImageDef
 90
0
  1
assets/render 3.png
 10
1365.0
 20
768.0
 11
0.01
 21
0.01
280
1
281
0
  0
IMAGEDEF_REACTOR
  5
4DF
330
4DE
100
AcDbRasterImageDefReactor
 90
2
330
4DE
  0
LAYOUT
  5
4E3
330
D
100
AcDbPlotSettings
  1

  4
A3
  6

 40
7.5
 41
20.0
 42
7.5
 43
20.0
 44
900.0
 45
900.0
 46
0.0
 47
0.0
 48
0.0
 49
0.0
140
0.0
141
0.0
142
1.0
143
1.0
 70
0
 72
1
 73
0
 74
5
  7

 75
16
 76
0
 77
2
 78
300
147
1.0
148
0.0
149
0.0
100
AcDbLayout
  1
TAVOLA_01
 70
1
 71
3
 10
0.0
 20
0.0
 11
420.0
 21
297.0
 12
0.0
 22
0.0
 32
0.0
 14
1e+20
 24
1e+20
 34
1e+20
 15
-1e+20
 25
-1e+20
 35
-1e+20
146
0.0
 13
0.0
 23
0.0
 33
0.0
 16
1.0
 26
0.0
 36
0.0
 17
0.0
 27
1.0
 37
0.0
 76
1
330
4E0
  0
LAYOUT
  5
4E8
330
D
100
AcDbPlotSettings
  1

  4
A3
  6

 40
7.5
 41
20.0
 42
7.5
 43
20.0
 44
900.0
 45
900.0
 46
0.0
 47
0.0
 48
0.0
 49
0.0
140
0.0
141
0.0
142
1.0
143
1.0
 70
0
 72
1
 73
0
 74
5
  7

 75
16
 76
0
 77
2
 78
300
147
1.0
148
0.0
149
0.0
100
AcDbLayout
  1
TAVOLA_02
 70
1
 71
4
 10
0.0
 20
0.0
 11
420.0
 21
297.0
 12
0.0
 22
0.0
 32
0.0
 14
1e+20
 24
1e+20
 34
1e+20
 15
-1e+20
 25
-1e+20
 35
-1e+20
146
0.0
 13
0.0
 23
0.0
 33
0.0
 16
1.0
 26
0.0
 36
0.0
 17
0.0
 27
1.0
 37
0.0
 76
1
330
4E5
  0
LAYOUT
  5
4ED
330
D
100
AcDbPlotSettings
  1

  4
A3
  6

 40
7.5
 41
20.0
 42
7.5
 43
20.0
 44
900.0
 45
900.0
 46
0.0
 47
0.0
 48
0.0
 49
0.0
140
0.0
141
0.0
142
1.0
143
1.0
 70
0
 72
1
 73
0
 74
5
  7

 75
16
 76
0
 77
2
 78
300
147
1.0
148
0.0
149
0.0
100
AcDbLayout
  1
TAVOLA_03
 70
1
 71
5
 10
0.0
 20
0.0
 11
420.0
 21
297.0
 12
0.0
 22
0.0
 32
0.0
 14
1e+20
 24
1e+20
 34
1e+20
 15
-1e+20
 25
-1e+20
 35
-1e+20
146
0.0
 13
0.0
 23
0.0
 33
0.0
 16
1.0
 26
0.0
 36
0.0
 17
0.0
 27
1.0
 37
0.0
 76
1
330
4EA
  0
LAYOUT
  5
4F2
330
D
100
AcDbPlotSettings
  1

  4
A3
  6

 40
7.5
 41
20.0
 42
7.5
 43
20.0
 44
900.0
 45
900.0
 46
0.0
 47
0.0
 48
0.0
 49
0.0
140
0.0
141
0.0
142
1.0
143
1.0
 70
0
 72
1
 73
0
 74
5
  7

 75
16
 76
0
 77
2
 78
300
147
1.0
148
0.0
149
0.0
100
AcDbLayout
  1
TAVOLA_04
 70
1
 71
6
 10
0.0
 20
0.0
 11
420.0
 21
297.0
 12
0.0
 22
0.0
 32
0.0
 14
1e+20
 24
1e+20
 34
1e+20
 15
-1e+20
 25
-1e+20
 35
-1e+20
146
0.0
 13
0.0
 23
0.0
 33
0.0
 16
1.0
 26
0.0
 36
0.0
 17
0.0
 27
1.0
 37
0.0
 76
1
330
4EF
  0
LAYOUT
  5
4F7
330
D
100
AcDbPlotSettings
  1

  4
A3
  6

 40
7.5
 41
20.0
 42
7.5
 43
20.0
 44
900.0
 45
900.0
 46
0.0
 47
0.0
 48
0.0
 49
0.0
140
0.0
141
0.0
142
1.0
143
1.0
 70
0
 72
1
 73
0
 74
5
  7

 75
16
 76
0
 77
2
 78
300
147
1.0
148
0.0
149
0.0
100
AcDbLayout
  1
TAVOLA_05
 70
1
 71
7
 10
0.0
 20
0.0
 11
420.0
 21
297.0
 12
0.0
 22
0.0
 32
0.0
 14
1e+20
 24
1e+20
 34
1e+20
 15
-1e+20
 25
-1e+20
 35
-1e+20
146
0.0
 13
0.0
 23
0.0
 33
0.0
 16
1.0
 26
0.0
 36
0.0
 17
0.0
 27
1.0
 37
0.0
 76
1
330
4F4
  0
LAYOUT
  5
4FC
330
D
100
AcDbPlotSettings
  1

  4
A3
  6

 40
7.5
 41
20.0
 42
7.5
 43
20.0
 44
900.0
 45
900.0
 46
0.0
 47
0.0
 48
0.0
 49
0.0
140
0.0
141
0.0
142
1.0
143
1.0
 70
0
 72
1
 73
0
 74
5
  7

 75
16
 76
0
 77
2
 78
300
147
1.0
148
0.0
149
0.0
100
AcDbLayout
  1
TAVOLA_06
 70
1
 71
8
 10
0.0
 20
0.0
 11
420.0
 21
297.0
 12
0.0
 22
0.0
 32
0.0
 14
1e+20
 24
1e+20
 34
1e+20
 15
-1e+20
 25
-1e+20
 35
-1e+20
146
0.0
 13
0.0
 23
0.0
 33
0.0
 16
1.0
 26
0.0
 36
0.0
 17
0.0
 27
1.0
 37
0.0
 76
1
330
4F9
  0
LAYOUT
  5
501
330
D
100
AcDbPlotSettings
  1

  4
A3
  6

 40
7.5
 41
20.0
 42
7.5
 43
20.0
 44
900.0
 45
900.0
 46
0.0
 47
0.0
 48
0.0
 49
0.0
140
0.0
141
0.0
142
1.0
143
1.0
 70
0
 72
1
 73
0
 74
5
  7

 75
16
 76
0
 77
2
 78
300
147
1.0
148
0.0
149
0.0
100
AcDbLayout
  1
TAVOLA_07
 70
1
 71
9
 10
0.0
 20
0.0
 11
420.0
 21
297.0
 12
0.0
 22
0.0
 32
0.0
 14
1e+20
 24
1e+20
 34
1e+20
 15
-1e+20
 25
-1e+20
 35
-1e+20
146
0.0
 13
0.0
 23
0.0
 33
0.0
 16
1.0
 26
0.0
 36
0.0
 17
0.0
 27
1.0
 37
0.0
 76
1
330
4FE
  0
DICTIONARYVAR
  5
505
330
2D
100
DictionaryVariables
280
0
  1
1.4.4 @ 2026-09-20T09:37:22.002318+00:00
  0
ENDSEC
  0
EOF
